[19:03:00] [main/WARN] (FabricLoader/Knot) Class path entries reference missing files: /home/ovilli/Documents/Programming/yabranked/client/build/classes/java/main - the game may not load properly!
[19:03:00] [main/INFO] (FabricLoader/GameProvider) Loading Minecraft 26.2 with Fabric Loader 0.19.3
[19:03:00] [main/INFO] (FabricLoader/Mappings) Mappings not present!
[19:03:00] [main/DEBUG] (FabricLoader/GamePatch) Found game constructor: net.minecraft.client.main.Main -> net.minecraft.client.Minecraft
[19:03:00] [main/DEBUG] (FabricLoader/GamePatch) Patching game constructor <init>(Lnet/minecraft/client/main/GameConfig;)V
[19:03:00] [main/DEBUG] (FabricLoader/GamePatch) Run directory field is thought to be net/minecraft/client/Minecraft/gameDirectory
[19:03:00] [main/DEBUG] (FabricLoader/GamePatch) Applying brand name hook to net/minecraft/client/ClientBrandRetriever::getClientModName
[19:03:00] [main/DEBUG] (FabricLoader/GamePatch) Applying brand name hook to net/minecraft/server/MinecraftServer::getServerModName
[19:03:00] [main/DEBUG] (FabricLoader/GamePatch) Patched 3 classs
[19:03:00] [main/DEBUG] (FabricLoader/Discovery) Mod discovery time: 198.2 ms
[19:03:00] [main/DEBUG] (FabricLoader/Resolution) Mod resolution time: 34.4 ms
[19:03:00] [main/INFO] (FabricLoader) Loading 69 mods:
	- fabric-api 0.152.1+26.2
	- fabric-api-base 2.0.4+ece063239c
	- fabric-api-lookup-api-v1 2.0.17+11e1c9a39c
	- fabric-biome-api-v1 18.0.6+c7bd5b8e9c
	- fabric-block-api-v1 3.0.3+ec56b6019c
	- fabric-block-getter-api-v2 2.0.7+ec56b6019c
	- fabric-client-gametest-api-v1 5.1.0+db5795489c
	- fabric-command-api-v2 3.1.0+00cb03469c
	- fabric-content-registries-v0 11.2.2+b7a678a99c
	- fabric-convention-tags-v2 4.6.4+2aae60389c
	- fabric-crash-report-info-v1 1.0.5+086d547a9c
	- fabric-creative-tab-api-v1 5.0.14+d871b99e9c
	- fabric-data-attachment-api-v1 2.2.16+aa0fd6fe9c
	- fabric-data-generation-api-v1 25.4.2+5e56e5409c
	- fabric-debug-api-v1 1.0.2+c792624d9c
	- fabric-dimensions-v1 5.1.9+9cbf5da59c
	- fabric-entity-events-v1 5.0.5+06488ac19c
	- fabric-events-interaction-v0 5.2.6+8f57f7ee9c
	- fabric-game-rule-api-v1 4.0.8+46a6d00c9c
	- fabric-gametest-api-v1 4.0.21+4a7fa0819c
	- fabric-item-api-v1 14.1.6+0ecb053f9c
	- fabric-key-mapping-api-v1 2.0.5+e2bdee789c
	- fabric-language-kotlin 1.13.11+kotlin.2.3.21
	   |-- org_jetbrains_kotlin_kotlin-reflect 2.3.21
	   |-- org_jetbrains_kotlin_kotlin-stdlib 2.3.21
	   |-- org_jetbrains_kotlin_kotlin-stdlib-jdk7 2.3.21
	   |-- org_jetbrains_kotlin_kotlin-stdlib-jdk8 2.3.21
	   |-- org_jetbrains_kotlinx_atomicfu-jvm 0.32.1
	   |-- org_jetbrains_kotlinx_kotlinx-coroutines-core-jvm 1.10.2
	   |-- org_jetbrains_kotlinx_kotlinx-coroutines-jdk8 1.10.2
	   |-- org_jetbrains_kotlinx_kotlinx-datetime-jvm 0.7.1
	   |-- org_jetbrains_kotlinx_kotlinx-io-bytestring-jvm 0.9.0
	   |-- org_jetbrains_kotlinx_kotlinx-io-core-jvm 0.9.0
	   |-- org_jetbrains_kotlinx_kotlinx-serialization-cbor-jvm 1.11.0
	   |-- org_jetbrains_kotlinx_kotlinx-serialization-core-jvm 1.11.0
	   \-- org_jetbrains_kotlinx_kotlinx-serialization-json-jvm 1.11.0
	- fabric-lifecycle-events-v1 4.1.3+4575b05f9c
	- fabric-loot-api-v3 3.0.17+06488ac19c
	- fabric-menu-api-v1 2.0.16+086d547a9c
	- fabric-message-api-v1 7.0.7+086d547a9c
	- fabric-model-loading-api-v1 8.0.11+c80601bb9c
	- fabric-networking-api-v1 6.3.3+72073ef09c
	- fabric-object-builder-api-v1 24.0.6+46a6d00c9c
	- fabric-particles-v1 5.0.18+d1756aa99c
	- fabric-permission-api-v1 1.0.2+7c33558a9c
	- fabric-recipe-api-v1 9.0.20+11e1c9a39c
	- fabric-registry-sync-v0 7.1.0+c7bd5b8e9c
	- fabric-renderer-api-v1 14.0.1+eec4cc519c
	- fabric-renderer-indigo 9.0.1+e73ab60d9c
	- fabric-rendering-fluids-v1 6.0.4+06488ac19c
	- fabric-rendering-v1 25.1.6+46a6d00c9c
	- fabric-resource-conditions-api-v1 6.1.0+10e9a28b9c
	- fabric-resource-loader-v0 3.3.20+4fc5413f9c
	- fabric-resource-loader-v1 2.0.13+9edec1269c
	- fabric-screen-api-v1 5.0.3+086d547a9c
	- fabric-serialization-api-v1 2.0.4+11a26f319c
	- fabric-sound-api-v1 2.0.5+11a26f319c
	- fabric-tag-api-v1 2.1.3+794df31d9c
	- fabric-transfer-api-v1 8.0.11+39b5a3929c
	- fabric-transitive-access-wideners-v1 8.1.3+e098252d9c
	- fabricloader 0.19.3
	- java 25
	- minecraft 26.2
	- mixinextras 0.5.4
	- yabranked-client 0.1.0
	- yet-another-minecraft-bingo 2.12.1+mc26.2
	   |-- com_zaxxer_hikaricp 7.0.2
	   |-- org_xerial_sqlite-jdbc 3.53.1.0
	   \-- yet-another-minecraft-bingo-api 2.12.1
[19:03:00] [main/DEBUG] (FabricLoader/Knot) Adding /home/ovilli/.gradle/caches/modules-2/files-2.1/net.fabricmc.fabric-api/fabric-object-builder-api-v1/24.0.6+46a6d00c9c/b4e3940635a29873ddea049329583951660a031/fabric-object-builder-api-v1-24.0.6+46a6d00c9c.jar to classpath.
[19:03:00] [main/DEBUG] (FabricLoader/Knot) Adding /home/ovilli/.gradle/caches/modules-2/files-2.1/net.fabricmc.fabric-api/fabric-client-gametest-api-v1/5.1.0+db5795489c/89464c4ff65adb63e3755652cacb52bc707eb8f1/fabric-client-gametest-api-v1-5.1.0+db5795489c.jar to classpath.
[19:03:00] [main/DEBUG] (FabricLoader/Knot) Adding /home/ovilli/.gradle/caches/modules-2/files-2.1/net.fabricmc.fabric-api/fabric-permission-api-v1/1.0.2+7c33558a9c/b99767fc91eb7baa6d2bde58fc65e1bd830c2522/fabric-permission-api-v1-1.0.2+7c33558a9c.jar to classpath.
[19:03:00] [main/DEBUG] (FabricLoader/Knot) Adding /home/ovilli/.gradle/caches/modules-2/files-2.1/net.fabricmc.fabric-api/fabric-resource-loader-v1/2.0.13+9edec1269c/e2cdb80a700a57408b3b9afb40edb3d44be741eb/fabric-resource-loader-v1-2.0.13+9edec1269c.jar to classpath.
[19:03:00] [main/DEBUG] (FabricLoader/Knot) Adding /home/ovilli/.gradle/caches/modules-2/files-2.1/net.fabricmc.fabric-api/fabric-command-api-v2/3.1.0+00cb03469c/9c943e3c7cc23b275bded73f54e92c1c3365bac8/fabric-command-api-v2-3.1.0+00cb03469c.jar to classpath.
[19:03:00] [main/DEBUG] (FabricLoader/Knot) Adding /home/ovilli/.gradle/caches/modules-2/files-2.1/net.fabricmc.fabric-api/fabric-tag-api-v1/2.1.3+794df31d9c/26f56ea7523999ab28e5e85c8d18e5331b8bb6e3/fabric-tag-api-v1-2.1.3+794df31d9c.jar to classpath.
[19:03:00] [main/DEBUG] (FabricLoader/Knot) Adding /home/ovilli/.gradle/caches/modules-2/files-2.1/net.fabricmc.fabric-api/fabric-dimensions-v1/5.1.9+9cbf5da59c/5aac488c8db08093139a9ac2b3039c0121336cac/fabric-dimensions-v1-5.1.9+9cbf5da59c.jar to classpath.
[19:03:00] [main/DEBUG] (FabricLoader/Knot) Adding /home/ovilli/.gradle/caches/modules-2/files-2.1/net.fabricmc.fabric-api/fabric-message-api-v1/7.0.7+086d547a9c/c770df201489364d7646556b7fa4c07b005403d8/fabric-message-api-v1-7.0.7+086d547a9c.jar to classpath.
[19:03:00] [main/DEBUG] (FabricLoader/Knot) Adding /home/ovilli/Documents/Programming/yabranked/client/run2/.fabric/processedMods/org_jetbrains_kotlin_kotlin-stdljdk8-2.3.21-87df53ea24d79714.jar to classpath.
[19:03:00] [main/DEBUG] (FabricLoader/Knot) Adding /home/ovilli/.gradle/caches/modules-2/files-2.1/net.fabricmc.fabric-api/fabric-renderer-indigo/9.0.1+e73ab60d9c/a611bda979ee626e98b076d73e64c735dcb4c969/fabric-renderer-indigo-9.0.1+e73ab60d9c.jar to classpath.
[19:03:00] [main/DEBUG] (FabricLoader/Knot) Adding /home/ovilli/.gradle/caches/modules-2/files-2.1/net.fabricmc.fabric-api/fabric-renderer-api-v1/14.0.1+eec4cc519c/f8d2379a7862d061ed6416e8b0d03958afa20902/fabric-renderer-api-v1-14.0.1+eec4cc519c.jar to classpath.
[19:03:00] [main/DEBUG] (FabricLoader/Knot) Adding /home/ovilli/.gradle/caches/modules-2/files-2.1/net.fabricmc.fabric-api/fabric-transitive-access-wideners-v1/8.1.3+e098252d9c/3683ec698a0ae2c6aae0e70464ac0d39bdcd9ab6/fabric-transitive-access-wideners-v1-8.1.3+e098252d9c.jar to classpath.
[19:03:00] [main/DEBUG] (FabricLoader/Knot) Adding /home/ovilli/.gradle/caches/modules-2/files-2.1/net.fabricmc.fabric-api/fabric-serialization-api-v1/2.0.4+11a26f319c/da9ecd38873a6e862cf8e2a6ade9861527d5ce8/fabric-serialization-api-v1-2.0.4+11a26f319c.jar to classpath.
[19:03:00] [main/DEBUG] (FabricLoader/Knot) Adding /home/ovilli/.gradle/caches/modules-2/files-2.1/net.fabricmc.fabric-api/fabric-menu-api-v1/2.0.16+086d547a9c/2964e0a8f72eecffd20c3475f0b9de6654758ab9/fabric-menu-api-v1-2.0.16+086d547a9c.jar to classpath.
[19:03:00] [main/DEBUG] (FabricLoader/Knot) Adding /home/ovilli/Documents/Programming/yabranked/client/run2/.fabric/processedMods/org_jetbrains_kotlinx_kotlinx-cojdk8-1.10.2-8ee2d40032486432.jar to classpath.
[19:03:00] [main/DEBUG] (FabricLoader/Knot) Adding /home/ovilli/Documents/Programming/yabranked/client/run2/.fabric/processedMods/org_jetbrains_kotlin_kotlin-stdlib-2.3.21-b4da3d816dd89bf6.jar to classpath.
[19:03:00] [main/DEBUG] (FabricLoader/Knot) Adding /home/ovilli/.gradle/caches/modules-2/files-2.1/net.fabricmc.fabric-api/fabric-api/0.152.1+26.2/8c5317d4ba22dcc5def1c691c346595769ba3304/fabric-api-0.152.1+26.2.jar to classpath.
[19:03:00] [main/DEBUG] (FabricLoader/Knot) Adding /home/ovilli/.gradle/caches/modules-2/files-2.1/net.fabricmc.fabric-api/fabric-sound-api-v1/2.0.5+11a26f319c/665549b6177121a8415e467b526da01d9338efdc/fabric-sound-api-v1-2.0.5+11a26f319c.jar to classpath.
[19:03:00] [main/DEBUG] (FabricLoader/Knot) Adding /home/ovilli/Documents/Programming/yabranked/client/run2/.fabric/processedMods/org_xerial_sqlite-jdbc-3.53.1.0-7ef0622f222275ab.jar to classpath.
[19:03:00] [main/DEBUG] (FabricLoader/Knot) Adding /home/ovilli/.gradle/caches/modules-2/files-2.1/net.fabricmc.fabric-api/fabric-debug-api-v1/1.0.2+c792624d9c/a1658d190f1aa0a8ea78d844233055a3056a6f9e/fabric-debug-api-v1-1.0.2+c792624d9c.jar to classpath.
[19:03:00] [main/DEBUG] (FabricLoader/Knot) Adding /home/ovilli/.gradle/caches/modules-2/files-2.1/net.fabricmc/fabric-language-kotlin/1.13.11+kotlin.2.3.21/b6190b247c557c493dc4204121744f289a1d1837/fabric-language-kotlin-1.13.11+kotlin.2.3.21.jar to classpath.
[19:03:00] [main/DEBUG] (FabricLoader/Knot) Adding /home/ovilli/.gradle/caches/modules-2/files-2.1/net.fabricmc.fabric-api/fabric-block-getter-api-v2/2.0.7+ec56b6019c/eff69101b1c2a65d660e7d2db964aee106d0719a/fabric-block-getter-api-v2-2.0.7+ec56b6019c.jar to classpath.
[19:03:00] [main/DEBUG] (FabricLoader/Knot) Adding /home/ovilli/Documents/Programming/yabranked/client/run2/.fabric/processedMods/org_jetbrains_kotlinx_kotlinx-se-jvm-1.11.0-8b8e43b961e1ce7f.jar to classpath.
[19:03:00] [main/DEBUG] (FabricLoader/Knot) Adding /home/ovilli/.gradle/caches/modules-2/files-2.1/net.fabricmc.fabric-api/fabric-data-generation-api-v1/25.4.2+5e56e5409c/2272d889839e09551fde60c7d7ec3907bed5738a/fabric-data-generation-api-v1-25.4.2+5e56e5409c.jar to classpath.
[19:03:00] [main/DEBUG] (FabricLoader/Knot) Adding /home/ovilli/.gradle/caches/modules-2/files-2.1/net.fabricmc.fabric-api/fabric-model-loading-api-v1/8.0.11+c80601bb9c/9c5f9e06c43b43f3f8824ed30dcd9d9189e60c22/fabric-model-loading-api-v1-8.0.11+c80601bb9c.jar to classpath.
[19:03:00] [main/DEBUG] (FabricLoader/Knot) Adding /home/ovilli/Documents/Programming/yabranked/client/run2/.fabric/processedMods/org_jetbrains_kotlinx_kotlinx-co-jvm-1.10.2-dc3d13b93361afd1.jar to classpath.
[19:03:00] [main/DEBUG] (FabricLoader/Knot) Adding /home/ovilli/Documents/Programming/yabranked/client/run2/.fabric/processedMods/org_jetbrains_kotlinx_kotlinx-se-jvm-1.11.0-d7ffe353d5ab8d56.jar to classpath.
[19:03:00] [main/DEBUG] (FabricLoader/Knot) Adding /home/ovilli/.gradle/caches/modules-2/files-2.1/net.fabricmc.fabric-api/fabric-rendering-v1/25.1.6+46a6d00c9c/f0c37b490fee3dea36f4d64ed82522c589c264e3/fabric-rendering-v1-25.1.6+46a6d00c9c.jar to classpath.
[19:03:00] [main/DEBUG] (FabricLoader/Knot) Adding /home/ovilli/.gradle/caches/modules-2/files-2.1/net.fabricmc.fabric-api/fabric-events-interaction-v0/5.2.6+8f57f7ee9c/259fad7b9b312c0f4acfc6194639b731a070355c/fabric-events-interaction-v0-5.2.6+8f57f7ee9c.jar to classpath.
[19:03:00] [main/DEBUG] (FabricLoader/Knot) Adding /home/ovilli/.gradle/caches/modules-2/files-2.1/net.fabricmc.fabric-api/fabric-convention-tags-v2/4.6.4+2aae60389c/ac86ec356e98e49fe70276dc09b1e6e5e0ac0400/fabric-convention-tags-v2-4.6.4+2aae60389c.jar to classpath.
[19:03:00] [main/DEBUG] (FabricLoader/Knot) Adding /home/ovilli/Documents/Programming/yabranked/client/run2/.fabric/processedMods/org_jetbrains_kotlin_kotlin-stdljdk7-2.3.21-22d5ce7042f68dc0.jar to classpath.
[19:03:00] [main/DEBUG] (FabricLoader/Knot) Adding /home/ovilli/.gradle/caches/modules-2/files-2.1/net.fabricmc.fabric-api/fabric-transfer-api-v1/8.0.11+39b5a3929c/4544572ebda953bce4c8db9895f0a9c00c1e17d8/fabric-transfer-api-v1-8.0.11+39b5a3929c.jar to classpath.
[19:03:00] [main/DEBUG] (FabricLoader/Knot) Adding /home/ovilli/.gradle/caches/modules-2/files-2.1/net.fabricmc.fabric-api/fabric-api-base/2.0.4+ece063239c/dcd0c21c75291a996f4dad909a189e9bfb3be6a4/fabric-api-base-2.0.4+ece063239c.jar to classpath.
[19:03:00] [main/DEBUG] (FabricLoader/Knot) Adding /home/ovilli/Documents/Programming/yabranked/client/run2/.fabric/processedMods/org_jetbrains_kotlin_kotlin-reflect-2.3.21-26b73518de09310a.jar to classpath.
[19:03:00] [main/DEBUG] (FabricLoader/Knot) Adding /home/ovilli/Documents/Programming/yabranked/client/run2/.fabric/processedMods/org_jetbrains_kotlinx_atomicfu-jvm-0.32.1-5343c4f6a84ba732.jar to classpath.
[19:03:00] [main/DEBUG] (FabricLoader/Knot) Adding /home/ovilli/.gradle/caches/modules-2/files-2.1/net.fabricmc.fabric-api/fabric-registry-sync-v0/7.1.0+c7bd5b8e9c/7e0062898c97a82553045b9057634df510f2b8ff/fabric-registry-sync-v0-7.1.0+c7bd5b8e9c.jar to classpath.
[19:03:00] [main/DEBUG] (FabricLoader/Knot) Adding /home/ovilli/.gradle/caches/modules-2/files-2.1/net.fabricmc.fabric-api/fabric-loot-api-v3/3.0.17+06488ac19c/e83fb2271b627675e5598364257a824337d8f04d/fabric-loot-api-v3-3.0.17+06488ac19c.jar to classpath.
[19:03:00] [main/DEBUG] (FabricLoader/Knot) Adding /home/ovilli/.gradle/caches/modules-2/files-2.1/net.fabricmc.fabric-api/fabric-api-lookup-api-v1/2.0.17+11e1c9a39c/c19a5d36cec91eebb8c9d1b8ff234694c8b95125/fabric-api-lookup-api-v1-2.0.17+11e1c9a39c.jar to classpath.
[19:03:00] [main/DEBUG] (FabricLoader/Knot) Adding /home/ovilli/Documents/Programming/yabranked/client/run2/.fabric/processedMods/org_jetbrains_kotlinx_kotlinx-dae-jvm-0.7.1-5cc8fbc762d530db.jar to classpath.
[19:03:00] [main/DEBUG] (FabricLoader/Knot) Adding /home/ovilli/.gradle/caches/modules-2/files-2.1/net.fabricmc.fabric-api/fabric-particles-v1/5.0.18+d1756aa99c/7fabe818ae478ed5e916575722df33f231540448/fabric-particles-v1-5.0.18+d1756aa99c.jar to classpath.
[19:03:00] [main/DEBUG] (FabricLoader/Knot) Adding /home/ovilli/.gradle/caches/modules-2/files-2.1/net.fabricmc.fabric-api/fabric-game-rule-api-v1/4.0.8+46a6d00c9c/73931bc366a7c8fb6e169ea3734f5c618a57098a/fabric-game-rule-api-v1-4.0.8+46a6d00c9c.jar to classpath.
[19:03:00] [main/DEBUG] (FabricLoader/Knot) Adding /home/ovilli/.gradle/caches/modules-2/files-2.1/net.fabricmc.fabric-api/fabric-data-attachment-api-v1/2.2.16+aa0fd6fe9c/cb3f56c98f7f9ce0fc6f913905231b8a6a3a56b3/fabric-data-attachment-api-v1-2.2.16+aa0fd6fe9c.jar to classpath.
[19:03:00] [main/DEBUG] (FabricLoader/Knot) Adding /home/ovilli/.gradle/caches/modules-2/files-2.1/net.fabricmc.fabric-api/fabric-crash-report-info-v1/1.0.5+086d547a9c/2f77460696e34248b5e8529db67fdc062d6faf8/fabric-crash-report-info-v1-1.0.5+086d547a9c.jar to classpath.
[19:03:00] [main/DEBUG] (FabricLoader/Knot) Adding /home/ovilli/Documents/Programming/yabranked/client/run2/.fabric/processedMods/org_jetbrains_kotlinx_kotlinx-ioe-jvm-0.9.0-cf1d42afe7996083.jar to classpath.
[19:03:00] [main/DEBUG] (FabricLoader/Knot) Adding /home/ovilli/.gradle/caches/modules-2/files-2.1/net.fabricmc.fabric-api/fabric-resource-conditions-api-v1/6.1.0+10e9a28b9c/f38f395e3a59782cd1b13461bb8f2ac4b103a39e/fabric-resource-conditions-api-v1-6.1.0+10e9a28b9c.jar to classpath.
[19:03:00] [main/DEBUG] (FabricLoader/Knot) Adding /home/ovilli/.gradle/caches/modules-2/files-2.1/net.fabricmc.fabric-api/fabric-content-registries-v0/11.2.2+b7a678a99c/6c4ffd7caef0453ea77bac524e996f783bb989ff/fabric-content-registries-v0-11.2.2+b7a678a99c.jar to classpath.
[19:03:00] [main/DEBUG] (FabricLoader/Knot) Adding /home/ovilli/.gradle/caches/modules-2/files-2.1/net.fabricmc.fabric-api/fabric-networking-api-v1/6.3.3+72073ef09c/67d820af9cfc9a2545ceabbf737cc840f2f969b2/fabric-networking-api-v1-6.3.3+72073ef09c.jar to classpath.
[19:03:00] [main/DEBUG] (FabricLoader/Knot) Adding /home/ovilli/Documents/Programming/yabranked/client/run2/.fabric/processedMods/org_jetbrains_kotlinx_kotlinx-iog-jvm-0.9.0-17ad2f282fb0c67b.jar to classpath.
[19:03:00] [main/DEBUG] (FabricLoader/Knot) Adding /home/ovilli/.gradle/caches/modules-2/files-2.1/net.fabricmc.fabric-api/fabric-key-mapping-api-v1/2.0.5+e2bdee789c/9ad6cb742dc077f34f81e86c41f1c62698fb29d1/fabric-key-mapping-api-v1-2.0.5+e2bdee789c.jar to classpath.
[19:03:00] [main/DEBUG] (FabricLoader/Knot) Adding /home/ovilli/Documents/Programming/yabranked/client/build/resources/main to classpath.
[19:03:00] [main/DEBUG] (FabricLoader/Knot) Adding /home/ovilli/Documents/Programming/yabranked/client/run2/.fabric/processedMods/com_zaxxer_hikaricp-7.0.2-d24c6d143a75c39d.jar to classpath.
[19:03:00] [main/DEBUG] (FabricLoader/Knot) Adding /home/ovilli/.gradle/caches/modules-2/files-2.1/net.fabricmc.fabric-api/fabric-lifecycle-events-v1/4.1.3+4575b05f9c/38c6d6fc4e7b518504e18b80675f39b6c4449e7a/fabric-lifecycle-events-v1-4.1.3+4575b05f9c.jar to classpath.
[19:03:00] [main/DEBUG] (FabricLoader/Knot) Adding /home/ovilli/.gradle/caches/modules-2/files-2.1/net.fabricmc.fabric-api/fabric-rendering-fluids-v1/6.0.4+06488ac19c/47165103e22bb624a96926259ad2b7a970a66765/fabric-rendering-fluids-v1-6.0.4+06488ac19c.jar to classpath.
[19:03:00] [main/DEBUG] (FabricLoader/Knot) Adding /home/ovilli/.gradle/caches/modules-2/files-2.1/net.fabricmc.fabric-api/fabric-resource-loader-v0/3.3.20+4fc5413f9c/5e2bf8e6a93e3cdbcc0e4661817dc9267f1640d4/fabric-resource-loader-v0-3.3.20+4fc5413f9c.jar to classpath.
[19:03:00] [main/DEBUG] (FabricLoader/Knot) Adding /home/ovilli/.gradle/caches/modules-2/files-2.1/net.fabricmc.fabric-api/fabric-creative-tab-api-v1/5.0.14+d871b99e9c/530a5385ffc4567db65d8bade787fb3c789a87ca/fabric-creative-tab-api-v1-5.0.14+d871b99e9c.jar to classpath.
[19:03:00] [main/DEBUG] (FabricLoader/Knot) Adding /home/ovilli/.gradle/caches/modules-2/files-2.1/net.fabricmc.fabric-api/fabric-biome-api-v1/18.0.6+c7bd5b8e9c/507a938c0987bd042c8d7f58c07d0bc472a92c5c/fabric-biome-api-v1-18.0.6+c7bd5b8e9c.jar to classpath.
[19:03:00] [main/DEBUG] (FabricLoader/Knot) Adding /home/ovilli/.gradle/caches/modules-2/files-2.1/net.fabricmc.fabric-api/fabric-recipe-api-v1/9.0.20+11e1c9a39c/a695ce6130f1a98fcff93f3cc81fc563d3596ace/fabric-recipe-api-v1-9.0.20+11e1c9a39c.jar to classpath.
[19:03:00] [main/DEBUG] (FabricLoader/Knot) Adding /home/ovilli/.gradle/caches/modules-2/files-2.1/net.fabricmc.fabric-api/fabric-entity-events-v1/5.0.5+06488ac19c/d215514bd9b26927bb6e522d183028a063a436e3/fabric-entity-events-v1-5.0.5+06488ac19c.jar to classpath.
[19:03:00] [main/DEBUG] (FabricLoader/Knot) Adding /home/ovilli/.gradle/caches/modules-2/files-2.1/net.fabricmc.fabric-api/fabric-block-api-v1/3.0.3+ec56b6019c/e1328a9110891818339b58b59dd90302b8e98762/fabric-block-api-v1-3.0.3+ec56b6019c.jar to classpath.
[19:03:00] [main/DEBUG] (FabricLoader/Knot) Adding /home/ovilli/.gradle/caches/modules-2/files-2.1/io.github.llamalad7/mixinextras-fabric/0.5.4/5e167154bcb9942111313a5e186e16cd7265f858/mixinextras-fabric-0.5.4.jar to classpath.
[19:03:00] [main/DEBUG] (FabricLoader/Knot) Adding /home/ovilli/Documents/Programming/yabranked/client/run2/mods/bingo-2.12.1+mc26.2.jar to classpath.
[19:03:00] [main/DEBUG] (FabricLoader/Knot) Adding /home/ovilli/.gradle/caches/modules-2/files-2.1/net.fabricmc.fabric-api/fabric-gametest-api-v1/4.0.21+4a7fa0819c/d157c84d88bea56d40d28bb11bfd379ab9fd9a58/fabric-gametest-api-v1-4.0.21+4a7fa0819c.jar to classpath.
[19:03:00] [main/DEBUG] (FabricLoader/Knot) Adding /home/ovilli/Documents/Programming/yabranked/client/run2/.fabric/processedMods/yet-another-minecraft-bingo-api-2.12.1-ea531c35dc089bd8.jar to classpath.
[19:03:00] [main/DEBUG] (FabricLoader/Knot) Adding /home/ovilli/Documents/Programming/yabranked/client/run2/.fabric/processedMods/org_jetbrains_kotlinx_kotlinx-se-jvm-1.11.0-52108abbd787b7f9.jar to classpath.
[19:03:00] [main/DEBUG] (FabricLoader/Knot) Adding /home/ovilli/.gradle/caches/modules-2/files-2.1/net.fabricmc.fabric-api/fabric-item-api-v1/14.1.6+0ecb053f9c/84749579f2fe4cf221d5fff11a3b132baca59e1b/fabric-item-api-v1-14.1.6+0ecb053f9c.jar to classpath.
[19:03:00] [main/DEBUG] (FabricLoader/Knot) Adding /home/ovilli/.gradle/caches/modules-2/files-2.1/net.fabricmc.fabric-api/fabric-screen-api-v1/5.0.3+086d547a9c/208c629f07a6f6cad03fcb4eba45120ddc53ae8a/fabric-screen-api-v1-5.0.3+086d547a9c.jar to classpath.
[19:03:00] [main/DEBUG] (FabricLoader/Entrypoint) Registering new-style initializer net.fabricmc.fabric.impl.tag.TagInit for mod fabric-tag-api-v1 (key main)
[19:03:00] [main/DEBUG] (FabricLoader/Entrypoint) Registering new-style initializer net.fabricmc.fabric.impl.dimension.DimensionModificationImpl for mod fabric-dimensions-v1 (key main)
[19:03:00] [main/DEBUG] (FabricLoader/Entrypoint) Registering new-style initializer net.fabricmc.fabric.impl.client.indigo.Indigo for mod fabric-renderer-indigo (key client)
[19:03:00] [main/DEBUG] (FabricLoader/Entrypoint) Registering new-style initializer net.fabricmc.fabric.impl.client.renderer.DebugOverlayClient for mod fabric-renderer-api-v1 (key client)
[19:03:00] [main/DEBUG] (FabricLoader/Entrypoint) Registering new-style initializer net.fabricmc.fabric.impl.menu.client.ClientNetworking for mod fabric-menu-api-v1 (key client)
[19:03:00] [main/DEBUG] (FabricLoader/Entrypoint) Registering new-style initializer net.fabricmc.fabric.impl.menu.Networking for mod fabric-menu-api-v1 (key main)
[19:03:00] [main/DEBUG] (FabricLoader/Entrypoint) Registering new-style initializer net.fabricmc.fabric.impl.client.model.loading.CustomUnbakedBlockStateModelInit for mod fabric-model-loading-api-v1 (key client)
[19:03:00] [main/DEBUG] (FabricLoader/Entrypoint) Registering new-style initializer net.fabricmc.fabric.impl.client.rendering.hud.HudStatusBarHeightRegistryImpl for mod fabric-rendering-v1 (key client)
[19:03:00] [main/DEBUG] (FabricLoader/Entrypoint) Registering new-style initializer net.fabricmc.fabric.impl.event.interaction.InteractionEventsRouter for mod fabric-events-interaction-v0 (key main)
[19:03:00] [main/DEBUG] (FabricLoader/Entrypoint) Registering new-style initializer net.fabricmc.fabric.impl.tag.convention.v2.TranslationConventionLogWarnings for mod fabric-convention-tags-v2 (key main)
[19:03:00] [main/DEBUG] (FabricLoader/Entrypoint) Registering new-style initializer net.fabricmc.fabric.impl.client.registry.sync.FabricRegistryClientInit for mod fabric-registry-sync-v0 (key client)
[19:03:00] [main/DEBUG] (FabricLoader/Entrypoint) Registering new-style initializer net.fabricmc.fabric.impl.registry.sync.FabricRegistryInit for mod fabric-registry-sync-v0 (key main)
[19:03:00] [main/DEBUG] (FabricLoader/Entrypoint) Registering new-style initializer net.fabricmc.fabric.impl.lookup.ApiLookupImpl for mod fabric-api-lookup-api-v1 (key main)
[19:03:00] [main/DEBUG] (FabricLoader/Entrypoint) Registering new-style initializer net.fabricmc.fabric.impl.client.particle.ExtendedBlockParticleOptionSyncClient for mod fabric-particles-v1 (key client)
[19:03:00] [main/DEBUG] (FabricLoader/Entrypoint) Registering new-style initializer net.fabricmc.fabric.impl.particle.ExtendedBlockParticleOptionSync for mod fabric-particles-v1 (key main)
[19:03:00] [main/DEBUG] (FabricLoader/Entrypoint) Registering new-style initializer net.fabricmc.fabric.impl.attachment.client.AttachmentSyncClient for mod fabric-data-attachment-api-v1 (key client)
[19:03:00] [main/DEBUG] (FabricLoader/Entrypoint) Registering new-style initializer net.fabricmc.fabric.impl.attachment.AttachmentEntrypoint for mod fabric-data-attachment-api-v1 (key main)
[19:03:00] [main/DEBUG] (FabricLoader/Entrypoint) Registering new-style initializer net.fabricmc.fabric.impl.attachment.sync.AttachmentSync for mod fabric-data-attachment-api-v1 (key main)
[19:03:00] [main/DEBUG] (FabricLoader/Entrypoint) Registering new-style initializer net.fabricmc.fabric.impl.resource.conditions.ResourceConditionsImpl for mod fabric-resource-conditions-api-v1 (key main)
[19:03:00] [main/DEBUG] (FabricLoader/Entrypoint) Registering new-style initializer net.fabricmc.fabric.impl.networking.client.ClientNetworkingImpl::clientInit for mod fabric-networking-api-v1 (key client)
[19:03:00] [main/DEBUG] (FabricLoader/Entrypoint) Registering new-style initializer net.fabricmc.fabric.impl.networking.CommonPacketsImpl::init for mod fabric-networking-api-v1 (key main)
[19:03:00] [main/DEBUG] (FabricLoader/Entrypoint) Registering new-style initializer net.fabricmc.fabric.impl.networking.NetworkingImpl::init for mod fabric-networking-api-v1 (key main)
[19:03:00] [main/DEBUG] (FabricLoader/Entrypoint) Registering new-style initializer dev.yabranked.client.YabRankedClient for mod yabranked-client (key client)
[19:03:00] [main/DEBUG] (FabricLoader/Entrypoint) Registering new-style initializer net.fabricmc.fabric.impl.client.event.lifecycle.ClientLifecycleEventsImpl for mod fabric-lifecycle-events-v1 (key client)
[19:03:00] [main/DEBUG] (FabricLoader/Entrypoint) Registering new-style initializer net.fabricmc.fabric.impl.event.lifecycle.LifecycleEventsImpl for mod fabric-lifecycle-events-v1 (key main)
[19:03:00] [main/DEBUG] (FabricLoader/Entrypoint) Registering new-style initializer net.fabricmc.fabric.impl.recipe.ingredient.client.CustomIngredientSyncClient for mod fabric-recipe-api-v1 (key client)
[19:03:00] [main/DEBUG] (FabricLoader/Entrypoint) Registering new-style initializer net.fabricmc.fabric.impl.recipe.sync.client.RecipeSyncImplClient for mod fabric-recipe-api-v1 (key client)
[19:03:00] [main/DEBUG] (FabricLoader/Entrypoint) Registering new-style initializer net.fabricmc.fabric.impl.recipe.ingredient.CustomIngredientInit for mod fabric-recipe-api-v1 (key main)
[19:03:00] [main/DEBUG] (FabricLoader/Entrypoint) Registering new-style initializer net.fabricmc.fabric.impl.recipe.ingredient.CustomIngredientSync for mod fabric-recipe-api-v1 (key main)
[19:03:00] [main/DEBUG] (FabricLoader/Entrypoint) Registering new-style initializer net.fabricmc.fabric.impl.recipe.sync.RecipeSyncImpl for mod fabric-recipe-api-v1 (key main)
[19:03:00] [main/DEBUG] (FabricLoader/Entrypoint) Registering new-style initializer me.jfenn.bingo.server.Main for mod yet-another-minecraft-bingo (key server)
[19:03:00] [main/DEBUG] (FabricLoader/Entrypoint) Registering new-style initializer me.jfenn.bingo.integrations.jei.JeiEntrypoint for mod yet-another-minecraft-bingo (key jei_mod_plugin)
[19:03:00] [main/DEBUG] (FabricLoader/Entrypoint) Registering new-style initializer me.jfenn.bingo.integrations.voice.SimpleVoiceEntrypoint for mod yet-another-minecraft-bingo (key voicechat)
[19:03:00] [main/DEBUG] (FabricLoader/Entrypoint) Registering new-style initializer me.jfenn.bingo.client.entrypoint.ModMenuEntrypoint for mod yet-another-minecraft-bingo (key modmenu)
[19:03:00] [main/DEBUG] (FabricLoader/Entrypoint) Registering new-style initializer me.jfenn.bingo.client.Main for mod yet-another-minecraft-bingo (key client)
[19:03:00] [main/DEBUG] (FabricLoader/Entrypoint) Registering new-style initializer net.fabricmc.fabric.impl.gametest.FabricGameTestModInitializer for mod fabric-gametest-api-v1 (key main)
[19:03:00] [main/INFO] (FabricLoader/Mixin) SpongePowered MIXIN Subsystem Version=0.8.7 Source=file:/home/ovilli/.gradle/caches/modules-2/files-2.1/net.fabricmc/sponge-mixin/0.17.3+mixin.0.8.7/41c4a3984a80f4679e759fb9f495587acc5cdac7/sponge-mixin-0.17.3+mixin.0.8.7.jar Service=Knot/Fabric Env=CLIENT
[19:03:00] [main/DEBUG] (FabricLoader/Mixin) Initialising Mixin Platform Manager
[19:03:00] [main/DEBUG] (FabricLoader/Mixin) Adding mixin platform agents for container ContainerHandleURI(file:///home/ovilli/.gradle/caches/modules-2/files-2.1/net.fabricmc/fabric-loader/0.19.3/354dfaa02d0552e11867f85dff7cdbfaf813ba3e/fabric-loader-0.19.3.jar)
[19:03:00] [main/DEBUG] (FabricLoader/Mixin) Instancing new MixinPlatformAgentDefault for ContainerHandleURI(file:///home/ovilli/.gradle/caches/modules-2/files-2.1/net.fabricmc/fabric-loader/0.19.3/354dfaa02d0552e11867f85dff7cdbfaf813ba3e/fabric-loader-0.19.3.jar)
[19:03:00] [main/DEBUG] (FabricLoader/Mixin) MixinPlatformAgentDefault accepted container ContainerHandleURI(file:///home/ovilli/.gradle/caches/modules-2/files-2.1/net.fabricmc/fabric-loader/0.19.3/354dfaa02d0552e11867f85dff7cdbfaf813ba3e/fabric-loader-0.19.3.jar)
[19:03:00] [main/DEBUG] (FabricLoader/Mixin) Instancing new MixinPlatformAgentDefault for ContainerHandleURI(file:///home/ovilli/.gradle/caches/modules-2/files-2.1/net.fabricmc/fabric-loader/0.19.3/354dfaa02d0552e11867f85dff7cdbfaf813ba3e/fabric-loader-0.19.3.jar)
[19:03:00] [main/DEBUG] (FabricLoader/Mixin) MixinPlatformAgentDefault accepted container ContainerHandleURI(file:///home/ovilli/.gradle/caches/modules-2/files-2.1/net.fabricmc/fabric-loader/0.19.3/354dfaa02d0552e11867f85dff7cdbfaf813ba3e/fabric-loader-0.19.3.jar)
[19:03:00] [main/DEBUG] (FabricLoader/Mixin) Processing prepare() for PlatformAgent[MixinPlatformAgentDefault:ContainerHandleURI(file:///home/ovilli/.gradle/caches/modules-2/files-2.1/net.fabricmc/fabric-loader/0.19.3/354dfaa02d0552e11867f85dff7cdbfaf813ba3e/fabric-loader-0.19.3.jar)]
[19:03:00] [main/DEBUG] (FabricLoader/Mixin) Processing prepare() for PlatformAgent[MixinPlatformAgentDefault:ContainerHandleURI(file:///home/ovilli/.gradle/caches/modules-2/files-2.1/net.fabricmc/fabric-loader/0.19.3/354dfaa02d0552e11867f85dff7cdbfaf813ba3e/fabric-loader-0.19.3.jar)]
[19:03:00] [main/DEBUG] (FabricLoader/Mixin) Compatibility level JAVA_25 specified by fabric-object-builder-v1.mixins.json is higher than the maximum level supported by this version of mixin (JAVA_13).
[19:03:00] [main/INFO] (FabricLoader/Mixin) Compatibility level set to JAVA_25
[19:03:00] [main/DEBUG] (FabricLoader/Mixin) Mixin config fabric-object-builder-v1.mixins.json does not specify "minVersion" or "requiredFeatures" property
[19:03:00] [main/DEBUG] (FabricLoader/Mixin) Mixin config fabric-object-builder-v1.client.mixins.json does not specify "minVersion" or "requiredFeatures" property
[19:03:00] [main/DEBUG] (FabricLoader/Mixin) Mixin config fabric-client-gametest-api-v1.mixins.json does not specify "minVersion" or "requiredFeatures" property
[19:03:00] [main/DEBUG] (FabricLoader/Mixin) Mixin config fabric-permission-api-v1.mixins.json does not specify "minVersion" or "requiredFeatures" property
[19:03:00] [main/DEBUG] (FabricLoader/Mixin) Mixin config fabric-resource-loader-v1.mixins.json does not specify "minVersion" or "requiredFeatures" property
[19:03:00] [main/DEBUG] (FabricLoader/Mixin) Mixin config fabric-resource-loader-v1.client.mixins.json does not specify "minVersion" or "requiredFeatures" property
[19:03:00] [main/DEBUG] (FabricLoader/Mixin) Mixin config fabric-command-api-v2.mixins.json does not specify "minVersion" or "requiredFeatures" property
[19:03:00] [main/DEBUG] (FabricLoader/Mixin) Mixin config fabric-command-api-v2.client.mixins.json does not specify "minVersion" or "requiredFeatures" property
[19:03:00] [main/DEBUG] (FabricLoader/Mixin) Mixin config fabric-tag-api-v1.mixins.json does not specify "minVersion" or "requiredFeatures" property
[19:03:00] [main/DEBUG] (FabricLoader/Mixin) Mixin config fabric-dimensions-v1.mixins.json does not specify "minVersion" or "requiredFeatures" property
[19:03:00] [main/DEBUG] (FabricLoader/Mixin) Mixin config fabric-message-api-v1.mixins.json does not specify "minVersion" or "requiredFeatures" property
[19:03:00] [main/DEBUG] (FabricLoader/Mixin) Mixin config fabric-message-api-v1.client.mixins.json does not specify "minVersion" or "requiredFeatures" property
[19:03:00] [main/DEBUG] (FabricLoader/Mixin) Mixin config fabric-renderer-indigo.mixins.json does not specify "minVersion" or "requiredFeatures" property
[19:03:00] [main/DEBUG] (FabricLoader/Mixin) Mixin config fabric-renderer-api-v1.mixins.json does not specify "minVersion" or "requiredFeatures" property
[19:03:00] [main/DEBUG] (FabricLoader/Mixin) Mixin config fabric-serialization-api-v1.mixins.json does not specify "minVersion" or "requiredFeatures" property
[19:03:00] [main/DEBUG] (FabricLoader/Mixin) Mixin config fabric-menu-api-v1.mixins.json does not specify "minVersion" or "requiredFeatures" property
[19:03:00] [main/DEBUG] (FabricLoader/Mixin) Mixin config fabric-sound-api-v1.mixins.json does not specify "minVersion" or "requiredFeatures" property
[19:03:00] [main/DEBUG] (FabricLoader/Mixin) Mixin config fabric-debug-api-v1.mixins.json does not specify "minVersion" or "requiredFeatures" property
[19:03:00] [main/DEBUG] (FabricLoader/Mixin) Mixin config fabric-debug-api-v1.client.mixins.json does not specify "minVersion" or "requiredFeatures" property
[19:03:00] [main/DEBUG] (FabricLoader/Mixin) Mixin config fabric-block-getter-api-v2.mixins.json does not specify "minVersion" or "requiredFeatures" property
[19:03:00] [main/DEBUG] (FabricLoader/Mixin) Mixin config fabric-block-getter-api-v2.client.mixins.json does not specify "minVersion" or "requiredFeatures" property
[19:03:00] [main/DEBUG] (FabricLoader/Mixin) Mixin config fabric-data-generation-api-v1.mixins.json does not specify "minVersion" or "requiredFeatures" property
[19:03:00] [main/DEBUG] (FabricLoader/Mixin) Mixin config fabric-data-generation-api-v1.client.mixins.json does not specify "minVersion" or "requiredFeatures" property
[19:03:00] [main/DEBUG] (FabricLoader/Mixin) Mixin config fabric-model-loading-api-v1.mixins.json does not specify "minVersion" or "requiredFeatures" property
[19:03:00] [main/DEBUG] (FabricLoader/Mixin) Mixin config fabric-rendering-v1.mixins.json does not specify "minVersion" or "requiredFeatures" property
[19:03:00] [main/DEBUG] (FabricLoader/Mixin) Mixin config fabric-events-interaction-v0.mixins.json does not specify "minVersion" or "requiredFeatures" property
[19:03:00] [main/DEBUG] (FabricLoader/Mixin) Mixin config fabric-events-interaction-v0.client.mixins.json does not specify "minVersion" or "requiredFeatures" property
[19:03:00] [main/DEBUG] (FabricLoader/Mixin) Mixin config fabric-convention-tags-api-v2.mixins.json does not specify "minVersion" or "requiredFeatures" property
[19:03:00] [main/DEBUG] (FabricLoader/Mixin) Mixin config fabric-transfer-api-v1.mixins.json does not specify "minVersion" or "requiredFeatures" property
[19:03:00] [main/DEBUG] (FabricLoader/Mixin) Mixin config fabric-registry-sync-v0.mixins.json does not specify "minVersion" or "requiredFeatures" property
[19:03:00] [main/DEBUG] (FabricLoader/Mixin) Mixin config fabric-registry-sync-v0.client.mixins.json does not specify "minVersion" or "requiredFeatures" property
[19:03:00] [main/DEBUG] (FabricLoader/Mixin) Mixin config fabric-loot-api-v3.mixins.json does not specify "minVersion" or "requiredFeatures" property
[19:03:00] [main/DEBUG] (FabricLoader/Mixin) Mixin config fabric-api-lookup-api-v1.mixins.json does not specify "minVersion" or "requiredFeatures" property
[19:03:00] [main/DEBUG] (FabricLoader/Mixin) Mixin config fabric-particles-v1.mixins.json does not specify "minVersion" or "requiredFeatures" property
[19:03:00] [main/DEBUG] (FabricLoader/Mixin) Mixin config fabric-particles-v1.client.mixins.json does not specify "minVersion" or "requiredFeatures" property
[19:03:00] [main/DEBUG] (FabricLoader/Mixin) Mixin config fabric-game-rule-api-v1.mixins.json does not specify "minVersion" or "requiredFeatures" property
[19:03:00] [main/DEBUG] (FabricLoader/Mixin) Mixin config fabric-game-rule-api-v1.client.mixins.json does not specify "minVersion" or "requiredFeatures" property
[19:03:00] [main/DEBUG] (FabricLoader/Mixin) Mixin config fabric-data-attachment-api-v1.mixins.json does not specify "minVersion" or "requiredFeatures" property
[19:03:00] [main/DEBUG] (FabricLoader/Mixin) Mixin config fabric-data-attachment-api-v1.client.mixins.json does not specify "minVersion" or "requiredFeatures" property
[19:03:00] [main/DEBUG] (FabricLoader/Mixin) Mixin config fabric-crash-report-info-v1.mixins.json does not specify "minVersion" or "requiredFeatures" property
[19:03:00] [main/DEBUG] (FabricLoader/Mixin) Mixin config fabric-resource-conditions-api-v1.mixins.json does not specify "minVersion" or "requiredFeatures" property
[19:03:00] [main/DEBUG] (FabricLoader/Mixin) Mixin config fabric-content-registries-v0.mixins.json does not specify "minVersion" or "requiredFeatures" property
[19:03:00] [main/DEBUG] (FabricLoader/Mixin) Mixin config fabric-content-registries-v0.client.mixins.json does not specify "minVersion" or "requiredFeatures" property
[19:03:00] [main/DEBUG] (FabricLoader/Mixin) Mixin config fabric-networking-api-v1.mixins.json does not specify "minVersion" or "requiredFeatures" property
[19:03:00] [main/DEBUG] (FabricLoader/Mixin) Mixin config fabric-networking-api-v1.client.mixins.json does not specify "minVersion" or "requiredFeatures" property
[19:03:00] [main/DEBUG] (FabricLoader/Mixin) Mixin config fabric-key-mapping-api-v1.mixins.json does not specify "minVersion" or "requiredFeatures" property
[19:03:00] [main/DEBUG] (FabricLoader/Mixin) Mixin config fabric-lifecycle-events-v1.mixins.json does not specify "minVersion" or "requiredFeatures" property
[19:03:00] [main/DEBUG] (FabricLoader/Mixin) Mixin config fabric-lifecycle-events-v1.client.mixins.json does not specify "minVersion" or "requiredFeatures" property
[19:03:00] [main/DEBUG] (FabricLoader/Mixin) Mixin config fabric-rendering-fluids-v1.mixins.json does not specify "minVersion" or "requiredFeatures" property
[19:03:00] [main/DEBUG] (FabricLoader/Mixin) Mixin config fabric-creative-tab-api-v1.mixins.json does not specify "minVersion" or "requiredFeatures" property
[19:03:00] [main/DEBUG] (FabricLoader/Mixin) Mixin config fabric-creative-tab-api-v1.client.mixins.json does not specify "minVersion" or "requiredFeatures" property
[19:03:00] [main/DEBUG] (FabricLoader/Mixin) Mixin config fabric-biome-api-v1.mixins.json does not specify "minVersion" or "requiredFeatures" property
[19:03:00] [main/DEBUG] (FabricLoader/Mixin) Mixin config fabric-recipe-api-v1.mixins.json does not specify "minVersion" or "requiredFeatures" property
[19:03:00] [main/DEBUG] (FabricLoader/Mixin) Mixin config fabric-recipe-api-v1.client.mixins.json does not specify "minVersion" or "requiredFeatures" property
[19:03:00] [main/DEBUG] (FabricLoader/Mixin) Mixin config fabric-entity-events-v1.mixins.json does not specify "minVersion" or "requiredFeatures" property
[19:03:00] [main/DEBUG] (FabricLoader/Mixin) Mixin config fabric-block-api-v1.mixins.json does not specify "minVersion" or "requiredFeatures" property
[19:03:00] [main/DEBUG] (FabricLoader/Mixin) Mixin config fabric-gametest-api-v1.mixins.json does not specify "minVersion" or "requiredFeatures" property
[19:03:00] [main/DEBUG] (FabricLoader/Mixin) Mixin config fabric-item-api-v1.mixins.json does not specify "minVersion" or "requiredFeatures" property
[19:03:00] [main/DEBUG] (FabricLoader/Mixin) Mixin config fabric-item-api-v1.client.mixins.json does not specify "minVersion" or "requiredFeatures" property
[19:03:00] [main/DEBUG] (FabricLoader/Mixin) Mixin config fabric-screen-api-v1.mixins.json does not specify "minVersion" or "requiredFeatures" property
[19:03:00] [main/DEBUG] (FabricLoader/Knot) Adding /home/ovilli/Documents/Programming/yabranked/.gradle/loom-cache/minecraftMaven/net/minecraft/minecraft-client-043a8b3edf/26.2/minecraft-client-043a8b3edf-26.2.jar to classpath.
[19:03:00] [main/DEBUG] (FabricLoader/Knot) Adding /home/ovilli/Documents/Programming/yabranked/client/build/classes/kotlin/main to classpath.
[19:03:00] [main/DEBUG] (FabricLoader/Knot) Adding /home/ovilli/Documents/Programming/yabranked/client/build/resources/main to classpath.
[19:03:00] [main/DEBUG] (FabricLoader/Knot) Adding /home/ovilli/.gradle/caches/modules-2/files-2.1/net.fabricmc/fabric-language-kotlin/1.13.11+kotlin.2.3.21/b6190b247c557c493dc4204121744f289a1d1837/fabric-language-kotlin-1.13.11+kotlin.2.3.21.jar to classpath.
[19:03:00] [main/DEBUG] (FabricLoader/Knot) Adding /home/ovilli/.gradle/caches/modules-2/files-2.1/org.jetbrains.kotlin/kotlin-reflect/2.3.21/6acc55c52691ce3fd41b20a0472f3513106521a5/kotlin-reflect-2.3.21.jar to classpath.
[19:03:00] [main/DEBUG] (FabricLoader/Knot) Adding /home/ovilli/.gradle/caches/modules-2/files-2.1/org.jetbrains.kotlinx/kotlinx-coroutines-jdk8/1.10.2/809f71bf722bad7e78ebe8ec710c0327c23b7a31/kotlinx-coroutines-jdk8-1.10.2.jar to classpath.
[19:03:00] [main/DEBUG] (FabricLoader/Knot) Adding /home/ovilli/.gradle/caches/modules-2/files-2.1/org.jetbrains.kotlinx/kotlinx-coroutines-core-jvm/1.10.2/4a9f78ef49483748e2c129f3d124b8fa249dafbf/kotlinx-coroutines-core-jvm-1.10.2.jar to classpath.
[19:03:00] [main/DEBUG] (FabricLoader/Knot) Adding /home/ovilli/.gradle/caches/modules-2/files-2.1/org.jetbrains.kotlinx/kotlinx-serialization-json-jvm/1.11.0/e7e045e99e56f07599bb9ccb708c2190e2af0606/kotlinx-serialization-json-jvm-1.11.0.jar to classpath.
[19:03:00] [main/DEBUG] (FabricLoader/Knot) Adding /home/ovilli/.gradle/caches/modules-2/files-2.1/org.jetbrains.kotlinx/kotlinx-serialization-cbor-jvm/1.11.0/9f80a700f704b16e873ce1723e838e3062cf99a/kotlinx-serialization-cbor-jvm-1.11.0.jar to classpath.
[19:03:00] [main/DEBUG] (FabricLoader/Knot) Adding /home/ovilli/.gradle/caches/modules-2/files-2.1/org.jetbrains.kotlinx/kotlinx-serialization-core-jvm/1.11.0/c1905c9bf7452b045d5af9248835abe64ddad6bf/kotlinx-serialization-core-jvm-1.11.0.jar to classpath.
[19:03:00] [main/DEBUG] (FabricLoader/Knot) Adding /home/ovilli/.gradle/caches/modules-2/files-2.1/org.jetbrains.kotlinx/atomicfu-jvm/0.32.1/766417c1430c117100e14af193c4fdbe6034b5e6/atomicfu-jvm-0.32.1.jar to classpath.
[19:03:00] [main/DEBUG] (FabricLoader/Knot) Adding /home/ovilli/.gradle/caches/modules-2/files-2.1/org.jetbrains.kotlinx/kotlinx-datetime-jvm/0.7.1/81c2e0246bd28cc2dcbdf0ab53628322e66a9de9/kotlinx-datetime-jvm-0.7.1.jar to classpath.
[19:03:00] [main/DEBUG] (FabricLoader/Knot) Adding /home/ovilli/.gradle/caches/modules-2/files-2.1/org.jetbrains.kotlinx/kotlinx-io-core-jvm/0.9.0/7f7536f8f057ffc7f79375714e9730c4b8bdd7c9/kotlinx-io-core-jvm-0.9.0.jar to classpath.
[19:03:00] [main/DEBUG] (FabricLoader/Knot) Adding /home/ovilli/.gradle/caches/modules-2/files-2.1/org.jetbrains.kotlinx/kotlinx-io-bytestring-jvm/0.9.0/e73a7915234a8ea7954f32b715ef8e42b02f66a3/kotlinx-io-bytestring-jvm-0.9.0.jar to classpath.
[19:03:00] [main/DEBUG] (FabricLoader/Knot) Adding /home/ovilli/.gradle/caches/modules-2/files-2.1/org.jetbrains.kotlin/kotlin-stdlib-jdk8/2.3.21/82bd61b853e2e3dbb2124b2adc693d9c16557bed/kotlin-stdlib-jdk8-2.3.21.jar to classpath.
[19:03:00] [main/DEBUG] (FabricLoader/Knot) Adding /home/ovilli/.gradle/caches/modules-2/files-2.1/org.jetbrains.kotlin/kotlin-stdlib-jdk7/2.3.21/fc813375d768ec8d2557b27a73a9878955024a23/kotlin-stdlib-jdk7-2.3.21.jar to classpath.
[19:03:00] [main/DEBUG] (FabricLoader/Knot) Adding /home/ovilli/.gradle/caches/modules-2/files-2.1/org.jetbrains.kotlin/kotlin-stdlib/2.3.21/a2ee2c4e220fee522f0451b723bab2a43f3481a7/kotlin-stdlib-2.3.21.jar to classpath.
[19:03:00] [main/DEBUG] (FabricLoader/Knot) Adding /home/ovilli/.gradle/caches/modules-2/files-2.1/net.fabricmc.fabric-api/fabric-api/0.152.1+26.2/8c5317d4ba22dcc5def1c691c346595769ba3304/fabric-api-0.152.1+26.2.jar to classpath.
[19:03:00] [main/DEBUG] (FabricLoader/Knot) Adding /home/ovilli/.gradle/caches/modules-2/files-2.1/io.github.llamalad7/mixinextras-fabric/0.5.4/5e167154bcb9942111313a5e186e16cd7265f858/mixinextras-fabric-0.5.4.jar to classpath.
[19:03:00] [main/DEBUG] (FabricLoader/Knot) Adding /home/ovilli/.gradle/caches/modules-2/files-2.1/net.fabricmc/dev-launch-injector/0.2.1+build.8/da8bef7e6e2f952da707f282bdb46882a0fce5e3/dev-launch-injector-0.2.1+build.8.jar to classpath.
[19:03:00] [main/DEBUG] (FabricLoader/Knot) Adding /home/ovilli/.gradle/caches/modules-2/files-2.1/at.yawk.lz4/lz4-java/1.10.1/f541d7f910fe3d76f38f799c507c48cc81b12ecb/lz4-java-1.10.1.jar to classpath.
[19:03:00] [main/DEBUG] (FabricLoader/Knot) Adding /home/ovilli/.gradle/caches/modules-2/files-2.1/com.azure/azure-json/1.4.0/fcc1d354dbc3e0300e5276b1bf124d0247799cd8/azure-json-1.4.0.jar to classpath.
[19:03:00] [main/DEBUG] (FabricLoader/Knot) Adding /home/ovilli/.gradle/caches/modules-2/files-2.1/com.github.oshi/oshi-core/6.9.0/3224870731860cfcd7744581a05b559e94291e7/oshi-core-6.9.0.jar to classpath.
[19:03:00] [main/DEBUG] (FabricLoader/Knot) Adding /home/ovilli/.gradle/caches/modules-2/files-2.1/com.google.guava/failureaccess/1.0.3/aeaffd00d57023a2c947393ed251f0354f0985fc/failureaccess-1.0.3.jar to classpath.
[19:03:00] [main/DEBUG] (FabricLoader/Knot) Adding /home/ovilli/.gradle/caches/modules-2/files-2.1/com.google.guava/guava/33.6.0-jre/c376b13067cc99a5774403530953f7b05a91e218/guava-33.6.0-jre.jar to classpath.
[19:03:00] [main/DEBUG] (FabricLoader/Knot) Adding /home/ovilli/.gradle/caches/modules-2/files-2.1/com.ibm.icu/icu4j/78.3/6a851a53bb1f25689fc418dcc8935b0d93580adf/icu4j-78.3.jar to classpath.
[19:03:00] [main/DEBUG] (FabricLoader/Knot) Adding /home/ovilli/.gradle/caches/modules-2/files-2.1/com.microsoft.azure/msal4j/1.24.1/c233f2d047b9755f7041adf21a858c680e4c9242/msal4j-1.24.1.jar to classpath.
[19:03:00] [main/DEBUG] (FabricLoader/Knot) Adding /home/ovilli/.gradle/caches/modules-2/files-2.1/com.mojang/blocklist/1.0.10/5c685c5ffa94c4cd39496c7184c1d122e515ecef/blocklist-1.0.10.jar to classpath.
[19:03:00] [main/DEBUG] (FabricLoader/Knot) Adding /home/ovilli/.gradle/caches/modules-2/files-2.1/com.mojang/brigadier/1.3.10/d15b53a14cf20fdcaa98f731af5dda654452c010/brigadier-1.3.10.jar to classpath.
[19:03:00] [main/DEBUG] (FabricLoader/Knot) Adding /home/ovilli/.gradle/caches/modules-2/files-2.1/com.mojang/datafixerupper/10.0.21/b6b2ae770c02e0c1eb90f9985b151e9085a38d0b/datafixerupper-10.0.21.jar to classpath.
[19:03:00] [main/DEBUG] (FabricLoader/Knot) Adding /home/ovilli/.gradle/caches/modules-2/files-2.1/com.mojang/jtracy/1.0.37/a3fb649b2e2b2288d2978f0b0bc3d83f62809d1e/jtracy-1.0.37.jar to classpath.
[19:03:00] [main/DEBUG] (FabricLoader/Knot) Adding /home/ovilli/.gradle/caches/modules-2/files-2.1/com.mojang/jtracy/1.0.37/e1b4395227af41195da9e2ead13c48ee0b7d31cd/jtracy-1.0.37-natives-linux.jar to classpath.
[19:03:00] [main/DEBUG] (FabricLoader/Knot) Adding /home/ovilli/.gradle/caches/modules-2/files-2.1/com.mojang/patchy/2.2.10/da05971b07cbb379d002cf7eaec6a2048211fefc/patchy-2.2.10.jar to classpath.
[19:03:00] [main/DEBUG] (FabricLoader/Knot) Adding /home/ovilli/.gradle/caches/modules-2/files-2.1/com.mojang/text2speech/1.19.12/2e517a75c79d34d32de2b5d68422150836c2133e/text2speech-1.19.12.jar to classpath.
[19:03:00] [main/DEBUG] (FabricLoader/Knot) Adding /home/ovilli/.gradle/caches/modules-2/files-2.1/commons-codec/commons-codec/1.22.0/6b3eb4beb7058c2a638f5f17bcb388649fd339dd/commons-codec-1.22.0.jar to classpath.
[19:03:00] [main/DEBUG] (FabricLoader/Knot) Adding /home/ovilli/.gradle/caches/modules-2/files-2.1/commons-io/commons-io/2.20.0/36f3474daec2849c149e877614e7f979b2082cd2/commons-io-2.20.0.jar to classpath.
[19:03:00] [main/DEBUG] (FabricLoader/Knot) Adding /home/ovilli/.gradle/caches/modules-2/files-2.1/io.netty/netty-buffer/4.2.15.Final/2beb620803bf871cda2dd5d46b8f831e8015dd34/netty-buffer-4.2.15.Final.jar to classpath.
[19:03:00] [main/DEBUG] (FabricLoader/Knot) Adding /home/ovilli/.gradle/caches/modules-2/files-2.1/io.netty/netty-codec-base/4.2.15.Final/e97149fdd5fb04858efa90e314651c8d700dc68b/netty-codec-base-4.2.15.Final.jar to classpath.
[19:03:00] [main/DEBUG] (FabricLoader/Knot) Adding /home/ovilli/.gradle/caches/modules-2/files-2.1/io.netty/netty-codec-compression/4.2.15.Final/89fc4a20b7ae6af974304b1695405e62c4f9b16d/netty-codec-compression-4.2.15.Final.jar to classpath.
[19:03:00] [main/DEBUG] (FabricLoader/Knot) Adding /home/ovilli/.gradle/caches/modules-2/files-2.1/io.netty/netty-codec-http/4.2.15.Final/e611826aa054371bb9a17f27bdb05755a4cac5f0/netty-codec-http-4.2.15.Final.jar to classpath.
[19:03:00] [main/DEBUG] (FabricLoader/Knot) Adding /home/ovilli/.gradle/caches/modules-2/files-2.1/io.netty/netty-common/4.2.15.Final/7222492c1af9c2d4d78d521eea340a619e242fda/netty-common-4.2.15.Final.jar to classpath.
[19:03:00] [main/DEBUG] (FabricLoader/Knot) Adding /home/ovilli/.gradle/caches/modules-2/files-2.1/io.netty/netty-handler/4.2.15.Final/d5344afd1148e3b9927a74be019605ebb0937a93/netty-handler-4.2.15.Final.jar to classpath.
[19:03:00] [main/DEBUG] (FabricLoader/Knot) Adding /home/ovilli/.gradle/caches/modules-2/files-2.1/io.netty/netty-resolver/4.2.15.Final/b961a16d379b508b473e064ba06842bba280f4e3/netty-resolver-4.2.15.Final.jar to classpath.
[19:03:00] [main/DEBUG] (FabricLoader/Knot) Adding /home/ovilli/.gradle/caches/modules-2/files-2.1/io.netty/netty-transport-classes-epoll/4.2.15.Final/44bafba9c9993800e955b365bba4981326f3f3b1/netty-transport-classes-epoll-4.2.15.Final.jar to classpath.
[19:03:00] [main/DEBUG] (FabricLoader/Knot) Adding /home/ovilli/.gradle/caches/modules-2/files-2.1/io.netty/netty-transport-classes-kqueue/4.2.15.Final/f248656bb907607c5a41c7b61fd918a97db79250/netty-transport-classes-kqueue-4.2.15.Final.jar to classpath.
[19:03:00] [main/DEBUG] (FabricLoader/Knot) Adding /home/ovilli/.gradle/caches/modules-2/files-2.1/io.netty/netty-transport-native-epoll/4.2.15.Final/cccd31f2c8e966ab1e7a4d2293c8a3965628fe73/netty-transport-native-epoll-4.2.15.Final-linux-aarch_64.jar to classpath.
[19:03:00] [main/DEBUG] (FabricLoader/Knot) Adding /home/ovilli/.gradle/caches/modules-2/files-2.1/io.netty/netty-transport-native-epoll/4.2.15.Final/ce256127f8ed3f076756f1f4dcb5877d65d1f1c2/netty-transport-native-epoll-4.2.15.Final-linux-x86_64.jar to classpath.
[19:03:00] [main/DEBUG] (FabricLoader/Knot) Adding /home/ovilli/.gradle/caches/modules-2/files-2.1/io.netty/netty-transport-native-unix-common/4.2.15.Final/efb6943b4de9e0226a5ac35330f232605424af02/netty-transport-native-unix-common-4.2.15.Final.jar to classpath.
[19:03:00] [main/DEBUG] (FabricLoader/Knot) Adding /home/ovilli/.gradle/caches/modules-2/files-2.1/io.netty/netty-transport/4.2.15.Final/a000c3a6196ee40207b73ac619dcb339409dd62f/netty-transport-4.2.15.Final.jar to classpath.
[19:03:00] [main/DEBUG] (FabricLoader/Knot) Adding /home/ovilli/.gradle/caches/modules-2/files-2.1/it.unimi.dsi/fastutil/8.5.18/a6cff377eecc19c2037bf31568a6d7106b50ba1f/fastutil-8.5.18.jar to classpath.
[19:03:00] [main/DEBUG] (FabricLoader/Knot) Adding /home/ovilli/.gradle/caches/modules-2/files-2.1/net.java.dev.jna/jna-platform/5.17.0/a4934c44d25a9d8c2ddf4203affd20330cb3426f/jna-platform-5.17.0.jar to classpath.
[19:03:00] [main/DEBUG] (FabricLoader/Knot) Adding /home/ovilli/.gradle/caches/modules-2/files-2.1/net.java.dev.jna/jna/5.17.0/33d12735bef894440780fce64f9758d420c7bae2/jna-5.17.0.jar to classpath.
[19:03:00] [main/DEBUG] (FabricLoader/Knot) Adding /home/ovilli/.gradle/caches/modules-2/files-2.1/net.sf.jopt-simple/jopt-simple/5.0.4/4fdac2fbe92dfad86aa6e9301736f6b4342a3f5c/jopt-simple-5.0.4.jar to classpath.
[19:03:00] [main/DEBUG] (FabricLoader/Knot) Adding /home/ovilli/.gradle/caches/modules-2/files-2.1/org.apache.commons/commons-compress/1.28.0/e482f2c7a88dac3c497e96aa420b6a769f59c8d7/commons-compress-1.28.0.jar to classpath.
[19:03:00] [main/DEBUG] (FabricLoader/Knot) Adding /home/ovilli/.gradle/caches/modules-2/files-2.1/org.apache.commons/commons-lang3/3.20.0/65897b3e5731220962e659e001904af3c3cbeba9/commons-lang3-3.20.0.jar to classpath.
[19:03:00] [main/DEBUG] (FabricLoader/Knot) Adding /home/ovilli/.gradle/caches/modules-2/files-2.1/org.jcraft/jorbis/0.0.17/8872d22b293e8f5d7d56ff92be966e6dc28ebdc6/jorbis-0.0.17.jar to classpath.
[19:03:00] [main/DEBUG] (FabricLoader/Knot) Adding /home/ovilli/.gradle/caches/modules-2/files-2.1/org.joml/joml/1.10.8/fc0a71dad90a2cf41d82a76156a0e700af8e4f8d/joml-1.10.8.jar to classpath.
[19:03:00] [main/DEBUG] (FabricLoader/Knot) Adding /home/ovilli/.gradle/caches/modules-2/files-2.1/org.jspecify/jspecify/1.0.0/7425a601c1c7ec76645a78d22b8c6a627edee507/jspecify-1.0.0.jar to classpath.
[19:03:00] [main/DEBUG] (FabricLoader/Knot) Adding /home/ovilli/.gradle/caches/modules-2/files-2.1/org.lwjgl/lwjgl-freetype/3.4.1/caa75a37e857efc9b0686e434d708d6420c5b6ea/lwjgl-freetype-3.4.1.jar to classpath.
[19:03:00] [main/DEBUG] (FabricLoader/Knot) Adding /home/ovilli/.gradle/caches/modules-2/files-2.1/org.lwjgl/lwjgl-freetype/3.4.1/40a29a29b1549c4cad073ccd682e3776ffb454fa/lwjgl-freetype-3.4.1-natives-linux.jar to classpath.
[19:03:00] [main/DEBUG] (FabricLoader/Knot) Adding /home/ovilli/.gradle/caches/modules-2/files-2.1/org.lwjgl/lwjgl-glfw/3.4.1/a782b1ddd175c9107bf300fd92920579ea65e2a4/lwjgl-glfw-3.4.1.jar to classpath.
[19:03:00] [main/DEBUG] (FabricLoader/Knot) Adding /home/ovilli/.gradle/caches/modules-2/files-2.1/org.lwjgl/lwjgl-glfw/3.4.1/23cdf7655ce9f3b27ad90f08e73345e0d5b46362/lwjgl-glfw-3.4.1-natives-linux.jar to classpath.
[19:03:00] [main/DEBUG] (FabricLoader/Knot) Adding /home/ovilli/.gradle/caches/modules-2/files-2.1/org.lwjgl/lwjgl-jemalloc/3.4.1/16b663092854fc6adfe0a941e61cae2bb2e437b6/lwjgl-jemalloc-3.4.1.jar to classpath.
[19:03:00] [main/DEBUG] (FabricLoader/Knot) Adding /home/ovilli/.gradle/caches/modules-2/files-2.1/org.lwjgl/lwjgl-jemalloc/3.4.1/b83c82d941f2e624d150d6d1e2efcf4ea49ff8ea/lwjgl-jemalloc-3.4.1-natives-linux.jar to classpath.
[19:03:00] [main/DEBUG] (FabricLoader/Knot) Adding /home/ovilli/.gradle/caches/modules-2/files-2.1/org.lwjgl/lwjgl-openal/3.4.1/8508bd60589de0539aa465b78fcf838efd07ae9a/lwjgl-openal-3.4.1.jar to classpath.
[19:03:00] [main/DEBUG] (FabricLoader/Knot) Adding /home/ovilli/.gradle/caches/modules-2/files-2.1/org.lwjgl/lwjgl-openal/3.4.1/dbff577119266cd4312e4eb9cc2b171407c56360/lwjgl-openal-3.4.1-natives-linux.jar to classpath.
[19:03:00] [main/DEBUG] (FabricLoader/Knot) Adding /home/ovilli/.gradle/caches/modules-2/files-2.1/org.lwjgl/lwjgl-opengl/3.4.1/830412cab823c029cda6b9729f9d2ed36cf79959/lwjgl-opengl-3.4.1.jar to classpath.
[19:03:00] [main/DEBUG] (FabricLoader/Knot) Adding /home/ovilli/.gradle/caches/modules-2/files-2.1/org.lwjgl/lwjgl-opengl/3.4.1/b750599f0e75ddb19f1d0fe993f3011334b710ae/lwjgl-opengl-3.4.1-natives-linux.jar to classpath.
[19:03:00] [main/DEBUG] (FabricLoader/Knot) Adding /home/ovilli/.gradle/caches/modules-2/files-2.1/org.lwjgl/lwjgl-shaderc/3.4.1/5c02c88f0d879529014c78463b76f43fdecfd272/lwjgl-shaderc-3.4.1.jar to classpath.
[19:03:00] [main/DEBUG] (FabricLoader/Knot) Adding /home/ovilli/.gradle/caches/modules-2/files-2.1/org.lwjgl/lwjgl-shaderc/3.4.1/4289bdfa998c4afcdfa7c6925baf50e938113188/lwjgl-shaderc-3.4.1-natives-linux.jar to classpath.
[19:03:00] [main/DEBUG] (FabricLoader/Knot) Adding /home/ovilli/.gradle/caches/modules-2/files-2.1/org.lwjgl/lwjgl-spvc/3.4.1/188553592e97b5ab2dba54a1b403ee80b48dad4c/lwjgl-spvc-3.4.1.jar to classpath.
[19:03:00] [main/DEBUG] (FabricLoader/Knot) Adding /home/ovilli/.gradle/caches/modules-2/files-2.1/org.lwjgl/lwjgl-spvc/3.4.1/6ea8d9edcfcc5664d14e11b9a37a1a900783584a/lwjgl-spvc-3.4.1-natives-linux.jar to classpath.
[19:03:00] [main/DEBUG] (FabricLoader/Knot) Adding /home/ovilli/.gradle/caches/modules-2/files-2.1/org.lwjgl/lwjgl-stb/3.4.1/f077c3dafc31924fbe8acb0b913f08977ba27f8e/lwjgl-stb-3.4.1.jar to classpath.
[19:03:00] [main/DEBUG] (FabricLoader/Knot) Adding /home/ovilli/.gradle/caches/modules-2/files-2.1/org.lwjgl/lwjgl-stb/3.4.1/7e1cfae909da6c68f3cb6073a9bfeb6c90e82a57/lwjgl-stb-3.4.1-natives-linux.jar to classpath.
[19:03:00] [main/DEBUG] (FabricLoader/Knot) Adding /home/ovilli/.gradle/caches/modules-2/files-2.1/org.lwjgl/lwjgl-tinyfd/3.4.1/562697d40dbd2ed0424bf24dcf65d51170f81adf/lwjgl-tinyfd-3.4.1.jar to classpath.
[19:03:00] [main/DEBUG] (FabricLoader/Knot) Adding /home/ovilli/.gradle/caches/modules-2/files-2.1/org.lwjgl/lwjgl-tinyfd/3.4.1/fc6a72690afc8defb60d82ad1de64dd8f537154c/lwjgl-tinyfd-3.4.1-natives-linux.jar to classpath.
[19:03:00] [main/DEBUG] (FabricLoader/Knot) Adding /home/ovilli/.gradle/caches/modules-2/files-2.1/org.lwjgl/lwjgl-vma/3.4.1/2c54ce10154feb1ede4d23c5947438cdbfdcc003/lwjgl-vma-3.4.1.jar to classpath.
[19:03:00] [main/DEBUG] (FabricLoader/Knot) Adding /home/ovilli/.gradle/caches/modules-2/files-2.1/org.lwjgl/lwjgl-vma/3.4.1/1d5d00e4abed992e0850aa970d338453ebbd3e0c/lwjgl-vma-3.4.1-natives-linux.jar to classpath.
[19:03:00] [main/DEBUG] (FabricLoader/Knot) Adding /home/ovilli/.gradle/caches/modules-2/files-2.1/org.lwjgl/lwjgl-vulkan/3.4.1/d0601fdc38890755e5638048c14cc0f7b990964b/lwjgl-vulkan-3.4.1.jar to classpath.
[19:03:00] [main/DEBUG] (FabricLoader/Knot) Adding /home/ovilli/.gradle/caches/modules-2/files-2.1/org.lwjgl/lwjgl/3.4.1/129e06a04f93992cb2a45172435b21fc4b60dd7d/lwjgl-3.4.1-unsafe.jar to classpath.
[19:03:00] [main/DEBUG] (FabricLoader/Knot) Adding /home/ovilli/.gradle/caches/modules-2/files-2.1/org.lwjgl/lwjgl/3.4.1/2734e106bd95db49fe0da8cf8bf7fd96475c436c/lwjgl-3.4.1-natives-linux.jar to classpath.
[19:03:00] [main/DEBUG] (FabricLoader/Knot) Adding /home/ovilli/.gradle/caches/modules-2/files-2.1/org.jetbrains/annotations/23.0.0/8cc20c07506ec18e0834947b84a864bfc094484e/annotations-23.0.0.jar to classpath.
[19:03:00] [main/DEBUG] (FabricLoader/Knot) Adding /home/ovilli/.gradle/caches/modules-2/files-2.1/net.fabricmc.fabric-api/fabric-transfer-api-v1/8.0.11+39b5a3929c/4544572ebda953bce4c8db9895f0a9c00c1e17d8/fabric-transfer-api-v1-8.0.11+39b5a3929c.jar to classpath.
[19:03:00] [main/DEBUG] (FabricLoader/Knot) Adding /home/ovilli/.gradle/caches/modules-2/files-2.1/net.fabricmc.fabric-api/fabric-api-lookup-api-v1/2.0.17+11e1c9a39c/c19a5d36cec91eebb8c9d1b8ff234694c8b95125/fabric-api-lookup-api-v1-2.0.17+11e1c9a39c.jar to classpath.
[19:03:00] [main/DEBUG] (FabricLoader/Knot) Adding /home/ovilli/.gradle/caches/modules-2/files-2.1/net.fabricmc.fabric-api/fabric-command-api-v2/3.1.0+00cb03469c/9c943e3c7cc23b275bded73f54e92c1c3365bac8/fabric-command-api-v2-3.1.0+00cb03469c.jar to classpath.
[19:03:00] [main/DEBUG] (FabricLoader/Knot) Adding /home/ovilli/.gradle/caches/modules-2/files-2.1/net.fabricmc.fabric-api/fabric-content-registries-v0/11.2.2+b7a678a99c/6c4ffd7caef0453ea77bac524e996f783bb989ff/fabric-content-registries-v0-11.2.2+b7a678a99c.jar to classpath.
[19:03:00] [main/DEBUG] (FabricLoader/Knot) Adding /home/ovilli/.gradle/caches/modules-2/files-2.1/net.fabricmc.fabric-api/fabric-data-generation-api-v1/25.4.2+5e56e5409c/2272d889839e09551fde60c7d7ec3907bed5738a/fabric-data-generation-api-v1-25.4.2+5e56e5409c.jar to classpath.
[19:03:00] [main/DEBUG] (FabricLoader/Knot) Adding /home/ovilli/.gradle/caches/modules-2/files-2.1/net.fabricmc.fabric-api/fabric-convention-tags-v2/4.6.4+2aae60389c/ac86ec356e98e49fe70276dc09b1e6e5e0ac0400/fabric-convention-tags-v2-4.6.4+2aae60389c.jar to classpath.
[19:03:00] [main/DEBUG] (FabricLoader/Knot) Adding /home/ovilli/.gradle/caches/modules-2/files-2.1/net.fabricmc.fabric-api/fabric-creative-tab-api-v1/5.0.14+d871b99e9c/530a5385ffc4567db65d8bade787fb3c789a87ca/fabric-creative-tab-api-v1-5.0.14+d871b99e9c.jar to classpath.
[19:03:00] [main/DEBUG] (FabricLoader/Knot) Adding /home/ovilli/.gradle/caches/modules-2/files-2.1/net.fabricmc.fabric-api/fabric-data-attachment-api-v1/2.2.16+aa0fd6fe9c/cb3f56c98f7f9ce0fc6f913905231b8a6a3a56b3/fabric-data-attachment-api-v1-2.2.16+aa0fd6fe9c.jar to classpath.
[19:03:00] [main/DEBUG] (FabricLoader/Knot) Adding /home/ovilli/.gradle/caches/modules-2/files-2.1/net.fabricmc.fabric-api/fabric-debug-api-v1/1.0.2+c792624d9c/a1658d190f1aa0a8ea78d844233055a3056a6f9e/fabric-debug-api-v1-1.0.2+c792624d9c.jar to classpath.
[19:03:00] [main/DEBUG] (FabricLoader/Knot) Adding /home/ovilli/.gradle/caches/modules-2/files-2.1/net.fabricmc.fabric-api/fabric-dimensions-v1/5.1.9+9cbf5da59c/5aac488c8db08093139a9ac2b3039c0121336cac/fabric-dimensions-v1-5.1.9+9cbf5da59c.jar to classpath.
[19:03:00] [main/DEBUG] (FabricLoader/Knot) Adding /home/ovilli/.gradle/caches/modules-2/files-2.1/net.fabricmc.fabric-api/fabric-entity-events-v1/5.0.5+06488ac19c/d215514bd9b26927bb6e522d183028a063a436e3/fabric-entity-events-v1-5.0.5+06488ac19c.jar to classpath.
[19:03:00] [main/DEBUG] (FabricLoader/Knot) Adding /home/ovilli/.gradle/caches/modules-2/files-2.1/net.fabricmc.fabric-api/fabric-events-interaction-v0/5.2.6+8f57f7ee9c/259fad7b9b312c0f4acfc6194639b731a070355c/fabric-events-interaction-v0-5.2.6+8f57f7ee9c.jar to classpath.
[19:03:00] [main/DEBUG] (FabricLoader/Knot) Adding /home/ovilli/.gradle/caches/modules-2/files-2.1/net.fabricmc.fabric-api/fabric-game-rule-api-v1/4.0.8+46a6d00c9c/73931bc366a7c8fb6e169ea3734f5c618a57098a/fabric-game-rule-api-v1-4.0.8+46a6d00c9c.jar to classpath.
[19:03:00] [main/DEBUG] (FabricLoader/Knot) Adding /home/ovilli/.gradle/caches/modules-2/files-2.1/net.fabricmc.fabric-api/fabric-gametest-api-v1/4.0.21+4a7fa0819c/d157c84d88bea56d40d28bb11bfd379ab9fd9a58/fabric-gametest-api-v1-4.0.21+4a7fa0819c.jar to classpath.
[19:03:00] [main/DEBUG] (FabricLoader/Knot) Adding /home/ovilli/.gradle/caches/modules-2/files-2.1/net.fabricmc.fabric-api/fabric-item-api-v1/14.1.6+0ecb053f9c/84749579f2fe4cf221d5fff11a3b132baca59e1b/fabric-item-api-v1-14.1.6+0ecb053f9c.jar to classpath.
[19:03:00] [main/DEBUG] (FabricLoader/Knot) Adding /home/ovilli/.gradle/caches/modules-2/files-2.1/net.fabricmc.fabric-api/fabric-recipe-api-v1/9.0.20+11e1c9a39c/a695ce6130f1a98fcff93f3cc81fc563d3596ace/fabric-recipe-api-v1-9.0.20+11e1c9a39c.jar to classpath.
[19:03:00] [main/DEBUG] (FabricLoader/Knot) Adding /home/ovilli/.gradle/caches/modules-2/files-2.1/net.fabricmc.fabric-api/fabric-model-loading-api-v1/8.0.11+c80601bb9c/9c5f9e06c43b43f3f8824ed30dcd9d9189e60c22/fabric-model-loading-api-v1-8.0.11+c80601bb9c.jar to classpath.
[19:03:00] [main/DEBUG] (FabricLoader/Knot) Adding /home/ovilli/.gradle/caches/modules-2/files-2.1/net.fabricmc.fabric-api/fabric-renderer-indigo/9.0.1+e73ab60d9c/a611bda979ee626e98b076d73e64c735dcb4c969/fabric-renderer-indigo-9.0.1+e73ab60d9c.jar to classpath.
[19:03:00] [main/DEBUG] (FabricLoader/Knot) Adding /home/ovilli/.gradle/caches/modules-2/files-2.1/net.fabricmc.fabric-api/fabric-renderer-api-v1/14.0.1+eec4cc519c/f8d2379a7862d061ed6416e8b0d03958afa20902/fabric-renderer-api-v1-14.0.1+eec4cc519c.jar to classpath.
[19:03:00] [main/DEBUG] (FabricLoader/Knot) Adding /home/ovilli/.gradle/caches/modules-2/files-2.1/net.fabricmc.fabric-api/fabric-rendering-v1/25.1.6+46a6d00c9c/f0c37b490fee3dea36f4d64ed82522c589c264e3/fabric-rendering-v1-25.1.6+46a6d00c9c.jar to classpath.
[19:03:00] [main/DEBUG] (FabricLoader/Knot) Adding /home/ovilli/.gradle/caches/modules-2/files-2.1/net.fabricmc.fabric-api/fabric-lifecycle-events-v1/4.1.3+4575b05f9c/38c6d6fc4e7b518504e18b80675f39b6c4449e7a/fabric-lifecycle-events-v1-4.1.3+4575b05f9c.jar to classpath.
[19:03:00] [main/DEBUG] (FabricLoader/Knot) Adding /home/ovilli/.gradle/caches/modules-2/files-2.1/net.fabricmc.fabric-api/fabric-loot-api-v3/3.0.17+06488ac19c/e83fb2271b627675e5598364257a824337d8f04d/fabric-loot-api-v3-3.0.17+06488ac19c.jar to classpath.
[19:03:00] [main/DEBUG] (FabricLoader/Knot) Adding /home/ovilli/.gradle/caches/modules-2/files-2.1/net.fabricmc.fabric-api/fabric-menu-api-v1/2.0.16+086d547a9c/2964e0a8f72eecffd20c3475f0b9de6654758ab9/fabric-menu-api-v1-2.0.16+086d547a9c.jar to classpath.
[19:03:00] [main/DEBUG] (FabricLoader/Knot) Adding /home/ovilli/.gradle/caches/modules-2/files-2.1/net.fabricmc.fabric-api/fabric-message-api-v1/7.0.7+086d547a9c/c770df201489364d7646556b7fa4c07b005403d8/fabric-message-api-v1-7.0.7+086d547a9c.jar to classpath.
[19:03:00] [main/DEBUG] (FabricLoader/Knot) Adding /home/ovilli/.gradle/caches/modules-2/files-2.1/net.fabricmc.fabric-api/fabric-particles-v1/5.0.18+d1756aa99c/7fabe818ae478ed5e916575722df33f231540448/fabric-particles-v1-5.0.18+d1756aa99c.jar to classpath.
[19:03:00] [main/DEBUG] (FabricLoader/Knot) Adding /home/ovilli/.gradle/caches/modules-2/files-2.1/net.fabricmc.fabric-api/fabric-object-builder-api-v1/24.0.6+46a6d00c9c/b4e3940635a29873ddea049329583951660a031/fabric-object-builder-api-v1-24.0.6+46a6d00c9c.jar to classpath.
[19:03:00] [main/DEBUG] (FabricLoader/Knot) Adding /home/ovilli/.gradle/caches/modules-2/files-2.1/net.fabricmc.fabric-api/fabric-registry-sync-v0/7.1.0+c7bd5b8e9c/7e0062898c97a82553045b9057634df510f2b8ff/fabric-registry-sync-v0-7.1.0+c7bd5b8e9c.jar to classpath.
[19:03:00] [main/DEBUG] (FabricLoader/Knot) Adding /home/ovilli/.gradle/caches/modules-2/files-2.1/net.fabricmc.fabric-api/fabric-networking-api-v1/6.3.3+72073ef09c/67d820af9cfc9a2545ceabbf737cc840f2f969b2/fabric-networking-api-v1-6.3.3+72073ef09c.jar to classpath.
[19:03:00] [main/DEBUG] (FabricLoader/Knot) Adding /home/ovilli/.gradle/caches/modules-2/files-2.1/net.fabricmc.fabric-api/fabric-permission-api-v1/1.0.2+7c33558a9c/b99767fc91eb7baa6d2bde58fc65e1bd830c2522/fabric-permission-api-v1-1.0.2+7c33558a9c.jar to classpath.
[19:03:00] [main/DEBUG] (FabricLoader/Knot) Adding /home/ovilli/.gradle/caches/modules-2/files-2.1/net.fabricmc.fabric-api/fabric-rendering-fluids-v1/6.0.4+06488ac19c/47165103e22bb624a96926259ad2b7a970a66765/fabric-rendering-fluids-v1-6.0.4+06488ac19c.jar to classpath.
[19:03:00] [main/DEBUG] (FabricLoader/Knot) Adding /home/ovilli/.gradle/caches/modules-2/files-2.1/net.fabricmc.fabric-api/fabric-tag-api-v1/2.1.3+794df31d9c/26f56ea7523999ab28e5e85c8d18e5331b8bb6e3/fabric-tag-api-v1-2.1.3+794df31d9c.jar to classpath.
[19:03:00] [main/DEBUG] (FabricLoader/Knot) Adding /home/ovilli/.gradle/caches/modules-2/files-2.1/net.fabricmc.fabric-api/fabric-resource-loader-v0/3.3.20+4fc5413f9c/5e2bf8e6a93e3cdbcc0e4661817dc9267f1640d4/fabric-resource-loader-v0-3.3.20+4fc5413f9c.jar to classpath.
[19:03:00] [main/DEBUG] (FabricLoader/Knot) Adding /home/ovilli/.gradle/caches/modules-2/files-2.1/net.fabricmc.fabric-api/fabric-resource-loader-v1/2.0.13+9edec1269c/e2cdb80a700a57408b3b9afb40edb3d44be741eb/fabric-resource-loader-v1-2.0.13+9edec1269c.jar to classpath.
[19:03:00] [main/DEBUG] (FabricLoader/Knot) Adding /home/ovilli/.gradle/caches/modules-2/files-2.1/net.fabricmc.fabric-api/fabric-screen-api-v1/5.0.3+086d547a9c/208c629f07a6f6cad03fcb4eba45120ddc53ae8a/fabric-screen-api-v1-5.0.3+086d547a9c.jar to classpath.
[19:03:00] [main/DEBUG] (FabricLoader/Knot) Adding /home/ovilli/.gradle/caches/modules-2/files-2.1/net.fabricmc.fabric-api/fabric-api-base/2.0.4+ece063239c/dcd0c21c75291a996f4dad909a189e9bfb3be6a4/fabric-api-base-2.0.4+ece063239c.jar to classpath.
[19:03:00] [main/DEBUG] (FabricLoader/Knot) Adding /home/ovilli/.gradle/caches/modules-2/files-2.1/net.fabricmc.fabric-api/fabric-biome-api-v1/18.0.6+c7bd5b8e9c/507a938c0987bd042c8d7f58c07d0bc472a92c5c/fabric-biome-api-v1-18.0.6+c7bd5b8e9c.jar to classpath.
[19:03:00] [main/DEBUG] (FabricLoader/Knot) Adding /home/ovilli/.gradle/caches/modules-2/files-2.1/net.fabricmc.fabric-api/fabric-block-api-v1/3.0.3+ec56b6019c/e1328a9110891818339b58b59dd90302b8e98762/fabric-block-api-v1-3.0.3+ec56b6019c.jar to classpath.
[19:03:00] [main/DEBUG] (FabricLoader/Knot) Adding /home/ovilli/.gradle/caches/modules-2/files-2.1/net.fabricmc.fabric-api/fabric-block-getter-api-v2/2.0.7+ec56b6019c/eff69101b1c2a65d660e7d2db964aee106d0719a/fabric-block-getter-api-v2-2.0.7+ec56b6019c.jar to classpath.
[19:03:00] [main/DEBUG] (FabricLoader/Knot) Adding /home/ovilli/.gradle/caches/modules-2/files-2.1/net.fabricmc.fabric-api/fabric-client-gametest-api-v1/5.1.0+db5795489c/89464c4ff65adb63e3755652cacb52bc707eb8f1/fabric-client-gametest-api-v1-5.1.0+db5795489c.jar to classpath.
[19:03:00] [main/DEBUG] (FabricLoader/Knot) Adding /home/ovilli/.gradle/caches/modules-2/files-2.1/net.fabricmc.fabric-api/fabric-crash-report-info-v1/1.0.5+086d547a9c/2f77460696e34248b5e8529db67fdc062d6faf8/fabric-crash-report-info-v1-1.0.5+086d547a9c.jar to classpath.
[19:03:00] [main/DEBUG] (FabricLoader/Knot) Adding /home/ovilli/.gradle/caches/modules-2/files-2.1/net.fabricmc.fabric-api/fabric-key-mapping-api-v1/2.0.5+e2bdee789c/9ad6cb742dc077f34f81e86c41f1c62698fb29d1/fabric-key-mapping-api-v1-2.0.5+e2bdee789c.jar to classpath.
[19:03:00] [main/DEBUG] (FabricLoader/Knot) Adding /home/ovilli/.gradle/caches/modules-2/files-2.1/net.fabricmc.fabric-api/fabric-resource-conditions-api-v1/6.1.0+10e9a28b9c/f38f395e3a59782cd1b13461bb8f2ac4b103a39e/fabric-resource-conditions-api-v1-6.1.0+10e9a28b9c.jar to classpath.
[19:03:00] [main/DEBUG] (FabricLoader/Knot) Adding /home/ovilli/.gradle/caches/modules-2/files-2.1/net.fabricmc.fabric-api/fabric-serialization-api-v1/2.0.4+11a26f319c/da9ecd38873a6e862cf8e2a6ade9861527d5ce8/fabric-serialization-api-v1-2.0.4+11a26f319c.jar to classpath.
[19:03:00] [main/DEBUG] (FabricLoader/Knot) Adding /home/ovilli/.gradle/caches/modules-2/files-2.1/net.fabricmc.fabric-api/fabric-sound-api-v1/2.0.5+11a26f319c/665549b6177121a8415e467b526da01d9338efdc/fabric-sound-api-v1-2.0.5+11a26f319c.jar to classpath.
[19:03:00] [main/DEBUG] (FabricLoader/Knot) Adding /home/ovilli/.gradle/caches/modules-2/files-2.1/net.fabricmc.fabric-api/fabric-transitive-access-wideners-v1/8.1.3+e098252d9c/3683ec698a0ae2c6aae0e70464ac0d39bdcd9ab6/fabric-transitive-access-wideners-v1-8.1.3+e098252d9c.jar to classpath.
[19:03:00] [main/DEBUG] (FabricLoader/Entrypoint) No subscribers for entrypoint 'preLaunch'
[19:03:00] [main/DEBUG] (FabricLoader/Mixin) Preparing mixins for MixinEnvironment[DEFAULT]
[19:03:00] [main/DEBUG] (FabricLoader/Mixin) Selecting config fabric-object-builder-v1.mixins.json
[19:03:00] [main/DEBUG] (FabricLoader/Mixin) Selecting config fabric-object-builder-v1.client.mixins.json
[19:03:00] [main/DEBUG] (FabricLoader/Mixin) Selecting config fabric-client-gametest-api-v1.mixins.json
[19:03:00] [main/DEBUG] (FabricLoader/Mixin) Selecting config fabric-permission-api-v1.mixins.json
[19:03:00] [main/DEBUG] (FabricLoader/Mixin) Selecting config fabric-resource-loader-v1.mixins.json
[19:03:00] [main/DEBUG] (FabricLoader/Mixin) Selecting config fabric-resource-loader-v1.client.mixins.json
[19:03:00] [main/DEBUG] (FabricLoader/Mixin) Selecting config fabric-command-api-v2.mixins.json
[19:03:00] [main/DEBUG] (FabricLoader/Mixin) Selecting config fabric-command-api-v2.client.mixins.json
[19:03:00] [main/DEBUG] (FabricLoader/Mixin) Selecting config fabric-tag-api-v1.mixins.json
[19:03:00] [main/DEBUG] (FabricLoader/Mixin) Selecting config fabric-dimensions-v1.mixins.json
[19:03:00] [main/DEBUG] (FabricLoader/Mixin) Selecting config fabric-message-api-v1.mixins.json
[19:03:00] [main/DEBUG] (FabricLoader/Mixin) Selecting config fabric-message-api-v1.client.mixins.json
[19:03:00] [main/DEBUG] (FabricLoader/Mixin) Selecting config fabric-renderer-indigo.mixins.json
[19:03:00] [main/DEBUG] (FabricLoader/Mixin) Selecting config fabric-renderer-api-v1.mixins.json
[19:03:00] [main/DEBUG] (FabricLoader/Mixin) Selecting config fabric-serialization-api-v1.mixins.json
[19:03:00] [main/DEBUG] (FabricLoader/Mixin) Selecting config fabric-menu-api-v1.mixins.json
[19:03:00] [main/DEBUG] (FabricLoader/Mixin) Selecting config fabric-sound-api-v1.mixins.json
[19:03:00] [main/DEBUG] (FabricLoader/Mixin) Selecting config fabric-debug-api-v1.mixins.json
[19:03:00] [main/DEBUG] (FabricLoader/Mixin) Selecting config fabric-debug-api-v1.client.mixins.json
[19:03:00] [main/DEBUG] (FabricLoader/Mixin) Selecting config fabric-block-getter-api-v2.mixins.json
[19:03:00] [main/DEBUG] (FabricLoader/Mixin) Selecting config fabric-block-getter-api-v2.client.mixins.json
[19:03:00] [main/DEBUG] (FabricLoader/Mixin) Selecting config fabric-data-generation-api-v1.mixins.json
[19:03:00] [main/DEBUG] (FabricLoader/Mixin) Selecting config fabric-data-generation-api-v1.client.mixins.json
[19:03:00] [main/DEBUG] (FabricLoader/Mixin) Selecting config fabric-model-loading-api-v1.mixins.json
[19:03:00] [main/DEBUG] (FabricLoader/Mixin) Selecting config fabric-rendering-v1.mixins.json
[19:03:00] [main/DEBUG] (FabricLoader/Mixin) Selecting config fabric-events-interaction-v0.mixins.json
[19:03:00] [main/DEBUG] (FabricLoader/Mixin) Selecting config fabric-events-interaction-v0.client.mixins.json
[19:03:00] [main/DEBUG] (FabricLoader/Mixin) Selecting config fabric-convention-tags-api-v2.mixins.json
[19:03:00] [main/DEBUG] (FabricLoader/Mixin) Selecting config fabric-transfer-api-v1.mixins.json
[19:03:00] [main/DEBUG] (FabricLoader/Mixin) Selecting config fabric-registry-sync-v0.mixins.json
[19:03:00] [main/DEBUG] (FabricLoader/Mixin) Selecting config fabric-registry-sync-v0.client.mixins.json
[19:03:00] [main/DEBUG] (FabricLoader/Mixin) Selecting config fabric-loot-api-v3.mixins.json
[19:03:00] [main/DEBUG] (FabricLoader/Mixin) Selecting config fabric-api-lookup-api-v1.mixins.json
[19:03:00] [main/DEBUG] (FabricLoader/Mixin) Selecting config fabric-particles-v1.mixins.json
[19:03:00] [main/DEBUG] (FabricLoader/Mixin) Selecting config fabric-particles-v1.client.mixins.json
[19:03:00] [main/DEBUG] (FabricLoader/Mixin) Selecting config fabric-game-rule-api-v1.mixins.json
[19:03:00] [main/DEBUG] (FabricLoader/Mixin) Selecting config fabric-game-rule-api-v1.client.mixins.json
[19:03:00] [main/DEBUG] (FabricLoader/Mixin) Selecting config fabric-data-attachment-api-v1.mixins.json
[19:03:00] [main/DEBUG] (FabricLoader/Mixin) Selecting config fabric-data-attachment-api-v1.client.mixins.json
[19:03:00] [main/DEBUG] (FabricLoader/Mixin) Selecting config fabric-crash-report-info-v1.mixins.json
[19:03:00] [main/DEBUG] (FabricLoader/Mixin) Selecting config fabric-resource-conditions-api-v1.mixins.json
[19:03:00] [main/DEBUG] (FabricLoader/Mixin) Selecting config fabric-content-registries-v0.mixins.json
[19:03:00] [main/DEBUG] (FabricLoader/Mixin) Selecting config fabric-content-registries-v0.client.mixins.json
[19:03:00] [main/DEBUG] (FabricLoader/Mixin) Selecting config fabric-networking-api-v1.mixins.json
[19:03:00] [main/DEBUG] (FabricLoader/Mixin) Selecting config fabric-networking-api-v1.client.mixins.json
[19:03:00] [main/DEBUG] (FabricLoader/Mixin) Selecting config fabric-key-mapping-api-v1.mixins.json
[19:03:00] [main/DEBUG] (FabricLoader/Mixin) Selecting config fabric-lifecycle-events-v1.mixins.json
[19:03:00] [main/DEBUG] (FabricLoader/Mixin) Selecting config fabric-lifecycle-events-v1.client.mixins.json
[19:03:00] [main/DEBUG] (FabricLoader/Mixin) Selecting config fabric-rendering-fluids-v1.mixins.json
[19:03:00] [main/DEBUG] (FabricLoader/Mixin) Selecting config fabric-creative-tab-api-v1.mixins.json
[19:03:00] [main/DEBUG] (FabricLoader/Mixin) Selecting config fabric-creative-tab-api-v1.client.mixins.json
[19:03:00] [main/DEBUG] (FabricLoader/Mixin) Selecting config fabric-biome-api-v1.mixins.json
[19:03:00] [main/DEBUG] (FabricLoader/Mixin) Selecting config fabric-recipe-api-v1.mixins.json
[19:03:00] [main/DEBUG] (FabricLoader/Mixin) Selecting config fabric-recipe-api-v1.client.mixins.json
[19:03:00] [main/DEBUG] (FabricLoader/Mixin) Selecting config fabric-entity-events-v1.mixins.json
[19:03:00] [main/DEBUG] (FabricLoader/Mixin) Selecting config fabric-block-api-v1.mixins.json
[19:03:00] [main/DEBUG] (FabricLoader/Mixin) Selecting config mixinextras.init.mixins.json
[19:03:00] [main/DEBUG] (FabricLoader/MixinExtras|Service) com.llamalad7.mixinextras.service.MixinExtrasServiceImpl(version=0.5.4) is taking over from null
[19:03:00] [main/DEBUG] (FabricLoader/Mixin) Registering new injector for @Inject with org.spongepowered.asm.mixin.injection.struct.CallbackInjectionInfo
[19:03:00] [main/DEBUG] (FabricLoader/Mixin) Registering new injector for @ModifyArg with org.spongepowered.asm.mixin.injection.struct.ModifyArgInjectionInfo
[19:03:00] [main/DEBUG] (FabricLoader/Mixin) Registering new injector for @ModifyArgs with org.spongepowered.asm.mixin.injection.struct.ModifyArgsInjectionInfo
[19:03:00] [main/DEBUG] (FabricLoader/Mixin) Registering new injector for @Redirect with org.spongepowered.asm.mixin.injection.struct.RedirectInjectionInfo
[19:03:00] [main/DEBUG] (FabricLoader/Mixin) Registering new injector for @ModifyVariable with org.spongepowered.asm.mixin.injection.struct.ModifyVariableInjectionInfo
[19:03:00] [main/DEBUG] (FabricLoader/Mixin) Registering new injector for @ModifyConstant with org.spongepowered.asm.mixin.injection.struct.ModifyConstantInjectionInfo
[19:03:00] [main/DEBUG] (FabricLoader/Mixin) Selecting config mixins.bingo.json
[19:03:00] [main/DEBUG] (FabricLoader/Mixin) Selecting config mixins-client.bingo.json
[19:03:00] [main/DEBUG] (FabricLoader/Mixin) Selecting config fabric-gametest-api-v1.mixins.json
[19:03:00] [main/DEBUG] (FabricLoader/Mixin) Selecting config fabric-item-api-v1.mixins.json
[19:03:00] [main/DEBUG] (FabricLoader/Mixin) Selecting config fabric-item-api-v1.client.mixins.json
[19:03:00] [main/DEBUG] (FabricLoader/Mixin) Selecting config fabric-screen-api-v1.mixins.json
[19:03:00] [main/DEBUG] (FabricLoader/Mixin) Preparing fabric-object-builder-v1.mixins.json (9)
[19:03:00] [main/DEBUG] (FabricLoader/Mixin) Preparing fabric-object-builder-v1.client.mixins.json (2)
[19:03:00] [main/DEBUG] (FabricLoader/Mixin) Preparing fabric-client-gametest-api-v1.mixins.json (27)
[19:03:00] [main/DEBUG] (FabricLoader/Mixin) Preparing fabric-permission-api-v1.mixins.json (2)
[19:03:00] [main/DEBUG] (FabricLoader/Mixin) Preparing fabric-resource-loader-v1.mixins.json (15)
[19:03:00] [main/DEBUG] (FabricLoader/Mixin) Preparing fabric-resource-loader-v1.client.mixins.json (9)
[19:03:00] [main/DEBUG] (FabricLoader/Mixin) Preparing fabric-command-api-v2.mixins.json (5)
[19:03:00] [main/DEBUG] (FabricLoader/Mixin) Preparing fabric-command-api-v2.client.mixins.json (3)
[19:03:00] [main/DEBUG] (FabricLoader/Mixin) Preparing fabric-tag-api-v1.mixins.json (8)
[19:03:00] [main/DEBUG] (FabricLoader/Mixin) Preparing fabric-dimensions-v1.mixins.json (7)
[19:03:00] [main/DEBUG] (FabricLoader/Mixin) Preparing fabric-message-api-v1.mixins.json (2)
[19:03:00] [main/DEBUG] (FabricLoader/Mixin) Preparing fabric-message-api-v1.client.mixins.json (2)
[19:03:00] [main/DEBUG] (FabricLoader/Mixin) Preparing fabric-renderer-indigo.mixins.json (3)
[19:03:00] [main/DEBUG] (FabricLoader/Mixin) Preparing fabric-renderer-api-v1.mixins.json (28)
[19:03:00] [main/DEBUG] (FabricLoader/Mixin) Preparing fabric-serialization-api-v1.mixins.json (4)
[19:03:01] [main/DEBUG] (FabricLoader/Mixin) Preparing fabric-menu-api-v1.mixins.json (2)
[19:03:01] [main/DEBUG] (FabricLoader/Mixin) Preparing fabric-sound-api-v1.mixins.json (2)
[19:03:01] [main/DEBUG] (FabricLoader/Mixin) Preparing fabric-debug-api-v1.mixins.json (2)
[19:03:01] [main/DEBUG] (FabricLoader/Mixin) Preparing fabric-debug-api-v1.client.mixins.json (2)
[19:03:01] [main/DEBUG] (FabricLoader/Mixin) Preparing fabric-block-getter-api-v2.mixins.json (3)
[19:03:01] [main/DEBUG] (FabricLoader/Mixin) Preparing fabric-block-getter-api-v2.client.mixins.json (3)
[19:03:01] [main/DEBUG] (FabricLoader/Mixin) Preparing fabric-data-generation-api-v1.mixins.json (20)
[19:03:01] [main/DEBUG] (FabricLoader/Mixin) Preparing fabric-data-generation-api-v1.client.mixins.json (4)
[19:03:01] [main/DEBUG] (FabricLoader/Mixin) Preparing fabric-model-loading-api-v1.mixins.json (6)
[19:03:01] [main/DEBUG] (FabricLoader/Mixin) Preparing fabric-rendering-v1.mixins.json (50)
[19:03:01] [main/DEBUG] (FabricLoader/Mixin) Preparing fabric-events-interaction-v0.mixins.json (8)
[19:03:01] [main/DEBUG] (FabricLoader/Mixin) Preparing fabric-events-interaction-v0.client.mixins.json (4)
[19:03:01] [main/DEBUG] (FabricLoader/Mixin) Preparing fabric-convention-tags-api-v2.mixins.json (1)
[19:03:01] [main/DEBUG] (FabricLoader/Mixin) Preparing fabric-transfer-api-v1.mixins.json (18)
[19:03:01] [main/DEBUG] (FabricLoader/Mixin) Preparing fabric-registry-sync-v0.mixins.json (16)
[19:03:01] [main/DEBUG] (FabricLoader/Mixin) Preparing fabric-registry-sync-v0.client.mixins.json (4)
[19:03:01] [main/DEBUG] (FabricLoader/Mixin) Preparing fabric-loot-api-v3.mixins.json (8)
[19:03:01] [main/DEBUG] (FabricLoader/Mixin) Preparing fabric-api-lookup-api-v1.mixins.json (2)
[19:03:01] [main/DEBUG] (FabricLoader/Mixin) Preparing fabric-particles-v1.mixins.json (8)
[19:03:01] [main/DEBUG] (FabricLoader/Mixin) Preparing fabric-particles-v1.client.mixins.json (4)
[19:03:01] [main/DEBUG] (FabricLoader/Mixin) Preparing fabric-game-rule-api-v1.mixins.json (5)
[19:03:01] [main/DEBUG] (FabricLoader/Mixin) Preparing fabric-game-rule-api-v1.client.mixins.json (3)
[19:03:01] [main/DEBUG] (FabricLoader/Mixin) Preparing fabric-data-attachment-api-v1.mixins.json (18)
[19:03:01] [main/DEBUG] (FabricLoader/Mixin) Preparing fabric-data-attachment-api-v1.client.mixins.json (2)
[19:03:01] [main/DEBUG] (FabricLoader/Mixin) Preparing fabric-crash-report-info-v1.mixins.json (2)
[19:03:01] [main/DEBUG] (FabricLoader/Mixin) Preparing fabric-resource-conditions-api-v1.mixins.json (8)
[19:03:01] [main/DEBUG] (FabricLoader/Mixin) Preparing fabric-content-registries-v0.mixins.json (25)
[19:03:01] [main/DEBUG] (FabricLoader/Mixin) Preparing fabric-content-registries-v0.client.mixins.json (2)
[19:03:01] [main/DEBUG] (FabricLoader/Mixin) Preparing fabric-networking-api-v1.mixins.json (28)
[19:03:01] [main/DEBUG] (FabricLoader/Mixin) Preparing fabric-networking-api-v1.client.mixins.json (10)
[19:03:01] [main/DEBUG] (FabricLoader/Mixin) Preparing fabric-key-mapping-api-v1.mixins.json (3)
[19:03:01] [main/DEBUG] (FabricLoader/Mixin) Preparing fabric-lifecycle-events-v1.mixins.json (16)
[19:03:01] [main/DEBUG] (FabricLoader/Mixin) Preparing fabric-lifecycle-events-v1.client.mixins.json (7)
[19:03:01] [main/DEBUG] (FabricLoader/Mixin) Preparing fabric-rendering-fluids-v1.mixins.json (2)
[19:03:01] [main/DEBUG] (FabricLoader/Mixin) Preparing fabric-creative-tab-api-v1.mixins.json (3)
[19:03:01] [main/DEBUG] (FabricLoader/Mixin) Preparing fabric-creative-tab-api-v1.client.mixins.json (1)
[19:03:01] [main/DEBUG] (FabricLoader/Mixin) Preparing fabric-biome-api-v1.mixins.json (9)
[19:03:01] [main/DEBUG] (FabricLoader/Mixin) Preparing fabric-recipe-api-v1.mixins.json (8)
[19:03:01] [main/DEBUG] (FabricLoader/Mixin) Preparing fabric-recipe-api-v1.client.mixins.json (3)
[19:03:01] [main/DEBUG] (FabricLoader/Mixin) Preparing fabric-entity-events-v1.mixins.json (13)
[19:03:01] [main/DEBUG] (FabricLoader/Mixin) Preparing fabric-block-api-v1.mixins.json (6)
[19:03:01] [main/DEBUG] (FabricLoader/Mixin) Preparing mixinextras.init.mixins.json (0)
[19:03:01] [main/DEBUG] (FabricLoader/Mixin) Preparing mixins.bingo.json (23)
[19:03:01] [main/DEBUG] (FabricLoader/Mixin) Preparing mixins-client.bingo.json (2)
[19:03:01] [main/DEBUG] (FabricLoader/Mixin) Preparing fabric-gametest-api-v1.mixins.json (4)
[19:03:01] [main/DEBUG] (FabricLoader/Mixin) Preparing fabric-item-api-v1.mixins.json (18)
[19:03:01] [main/DEBUG] (FabricLoader/Mixin) Preparing fabric-item-api-v1.client.mixins.json (3)
[19:03:01] [main/DEBUG] (FabricLoader/Mixin) Preparing fabric-screen-api-v1.mixins.json (7)
[19:03:01] [main/DEBUG] (FabricLoader/Mixin) Inner class net/fabricmc/fabric/mixin/client/renderer/block/model/MultiPartModelMixin$1Key in net/fabricmc/fabric/mixin/client/renderer/block/model/MultiPartModelMixin on net/minecraft/client/renderer/block/dispatch/multipart/MultiPartModel gets unique name net/minecraft/client/renderer/block/dispatch/multipart/MultiPartModel$1Key$d4e3290e0bec3848952b79305a2bdde0
[19:03:01] [main/DEBUG] (FabricLoader/Mixin) Inner class net/fabricmc/fabric/mixin/client/renderer/block/render/MovingBlockFeatureRendererMixin$1 in net/fabricmc/fabric/mixin/client/renderer/block/render/MovingBlockFeatureRendererMixin on net/minecraft/client/renderer/feature/MovingBlockFeatureRenderer gets unique name net/minecraft/client/renderer/feature/MovingBlockFeatureRenderer$Anonymous$f26b90aaddd338f3a91348764399f40b
[19:03:01] [main/DEBUG] (FabricLoader/Mixin) Inner class net/fabricmc/fabric/mixin/transfer/ChiseledBookShelfBlockEntityMixin$1 in net/fabricmc/fabric/mixin/transfer/ChiseledBookShelfBlockEntityMixin on net/minecraft/world/level/block/entity/ChiseledBookShelfBlockEntity gets unique name net/minecraft/world/level/block/entity/ChiseledBookShelfBlockEntity$Anonymous$6b8fabc9a3dd3f94be74f1199f97fdb5
[19:03:01] [main/DEBUG] (FabricLoader/Mixin) Inner class net/fabricmc/fabric/mixin/registry/sync/MappedRegistryMixin$1 in net/fabricmc/fabric/mixin/registry/sync/MappedRegistryMixin on net/minecraft/core/MappedRegistry gets unique name net/minecraft/core/MappedRegistry$Anonymous$0a3f9fa0a200368cad403406b73f8d7f
[19:03:01] [main/DEBUG] (FabricLoader/Mixin) Inner class net/fabricmc/fabric/mixin/creativetab/CreativeModeTabsMixin$1CreativeModeTabPosition in net/fabricmc/fabric/mixin/creativetab/CreativeModeTabsMixin on net/minecraft/world/item/CreativeModeTabs gets unique name net/minecraft/world/item/CreativeModeTabs$1CreativeModeTabPosition$0e98f82501ab3a9692342fe737dd0eec
[19:03:01] [main/DEBUG] (FabricLoader/Mixin) Inner class net/fabricmc/fabric/mixin/gametest/StructureTemplateManagerMixin$1 in net/fabricmc/fabric/mixin/gametest/StructureTemplateManagerMixin on net/minecraft/world/level/levelgen/structure/templatesystem/StructureTemplateManager gets unique name net/minecraft/world/level/levelgen/structure/templatesystem/StructureTemplateManager$Anonymous$2385a326ce863bc0bf2a11ea898a45b4
[19:03:01] [main/DEBUG] (FabricLoader/Mixin) Prepared 490 mixins in 0.421 sec (0.9ms avg) (0ms load, 0ms transform, 0ms plugin)
[19:03:01] [main/DEBUG] (io.netty.util.internal.logging.InternalLoggerFactory) Using SLF4J as the default logging framework
[19:03:01] [main/DEBUG] (io.netty.util.ResourceLeakDetector) -Dio.netty.leakDetection.level: simple
[19:03:01] [main/DEBUG] (io.netty.util.ResourceLeakDetector) -Dio.netty.leakDetection.targetRecords: 4
[19:03:01] [main/DEBUG] (com.mojang.blaze3d.platform.NativeLibrariesBootstrap) Loading LWJGL system
[19:03:01] [main/DEBUG] (com.mojang.blaze3d.platform.NativeLibrariesBootstrap) Loading OpenGL
[19:03:01] [main/DEBUG] (com.mojang.blaze3d.platform.NativeLibrariesBootstrap) Loading tinyfd
[19:03:01] [main/DEBUG] (com.mojang.blaze3d.platform.NativeLibrariesBootstrap) Loading OpenAL
[19:03:01] [main/DEBUG] (com.mojang.blaze3d.platform.NativeLibrariesBootstrap) Loading freetype
[19:03:01] [main/DEBUG] (com.mojang.blaze3d.platform.NativeLibrariesBootstrap) Loading spvc
[19:03:01] [main/DEBUG] (com.mojang.blaze3d.platform.NativeLibrariesBootstrap) Loading shaderc
[19:03:01] [main/DEBUG] (com.mojang.blaze3d.platform.NativeLibrariesBootstrap) Loading GLFW
[19:03:01] [main/DEBUG] (com.mojang.blaze3d.platform.NativeLibrariesBootstrap) Loading vma
[19:03:01] [main/DEBUG] (com.mojang.blaze3d.platform.NativeLibrariesBootstrap) Loading STB
[19:03:01] [main/DEBUG] (com.mojang.blaze3d.platform.NativeLibrariesBootstrap) Library load time: 247 ms
[19:03:01] [main/INFO] (FabricLoader/MixinExtras|Service) Initializing MixinExtras via com.llamalad7.mixinextras.service.MixinExtrasServiceImpl(version=0.5.4).
[19:03:01] [main/DEBUG] (FabricLoader/Mixin) Registering new injector for @SugarWrapper with com.llamalad7.mixinextras.sugar.impl.SugarWrapperInjectionInfo
[19:03:01] [main/DEBUG] (FabricLoader/Mixin) Registering new injector for @FactoryRedirectWrapper with com.llamalad7.mixinextras.wrapper.factory.FactoryRedirectWrapperInjectionInfo
[19:03:01] [main/DEBUG] (FabricLoader/Mixin) Registering new injector for @ExpressionInjectorWrapper with com.llamalad7.mixinextras.expression.impl.wrapper.ExpressionInjectorWrapperInjectionInfo
[19:03:01] [main/DEBUG] (FabricLoader/Mixin) Mixing DimensionStorageFileFixMixin from fabric-data-attachment-api-v1.mixins.json into net.minecraft.util.filefix.fixes.DimensionStorageFileFix
[19:03:01] [main/DEBUG] (FabricLoader/Mixin) Mixing TaggedChoiceMixin from fabric-dimensions-v1.mixins.json into com.mojang.datafixers.types.templates.TaggedChoice
[19:03:01] [main/DEBUG] (FabricLoader/Mixin) fabric-dimensions-v1.mixins.json:TaggedChoiceMixin from mod fabric-dimensions-v1->@Inject::onApply(Lcom/mojang/datafixers/util/Pair;Lorg/spongepowered/asm/mixin/injection/callback/CallbackInfoReturnable;)V does use it's CallbackInfoReturnable
[19:03:01] [main/DEBUG] (FabricLoader/Mixin) Mixing TaggedChoiceTaggedChoiceTypeMixin from fabric-dimensions-v1.mixins.json into com.mojang.datafixers.types.templates.TaggedChoice$TaggedChoiceType
[19:03:01] [main/DEBUG] (FabricLoader/Mixin) fabric-dimensions-v1.mixins.json:TaggedChoiceTaggedChoiceTypeMixin from mod fabric-dimensions-v1->@Inject::onGetCodec(Ljava/lang/Object;Lorg/spongepowered/asm/mixin/injection/callback/CallbackInfoReturnable;)V does use it's CallbackInfoReturnable
[19:03:01] [main/DEBUG] (FabricLoader/Mixin) Mixing RegistriesMixin from fabric-registry-sync-v0.mixins.json into net.minecraft.core.registries.Registries
[19:03:02] [main/DEBUG] (FabricLoader/Mixin) Mixing V2832Mixin from fabric-dimensions-v1.mixins.json into net.minecraft.util.datafix.schemas.V2832
[19:03:02] [main/DEBUG] (FabricLoader/Mixin) Mixing SystemReportMixin from fabric-crash-report-info-v1.mixins.json into net.minecraft.SystemReport
[19:03:02] [main/DEBUG] (FabricLoader/Mixin) Renaming synthetic method lambda$appendMods$0(Lnet/fabricmc/loader/api/ModContainer;)Ljava/lang/String; to md726be1$fabric-crash-report-info-v1$lambda$appendMods$0$0 in fabric-crash-report-info-v1.mixins.json:SystemReportMixin from mod fabric-crash-report-info-v1
[19:03:02] [main/DEBUG] (FabricLoader/Mixin) Renaming synthetic method lambda$fillSystemDetails$0()Ljava/lang/Object; to md726be1$fabric-crash-report-info-v1$lambda$fillSystemDetails$0$1 in fabric-crash-report-info-v1.mixins.json:SystemReportMixin from mod fabric-crash-report-info-v1
[19:03:02] [main/DEBUG] (FabricLoader/Mixin) fabric-crash-report-info-v1.mixins.json:SystemReportMixin from mod fabric-crash-report-info-v1->@Inject::fillSystemDetails(Lorg/spongepowered/asm/mixin/injection/callback/CallbackInfo;)V doesn't use it's CallbackInfo
[19:03:02] [main/DEBUG] (FabricLoader/Mixin) fabric-crash-report-info-v1.mixins.json:SystemReportMixin from mod fabric-crash-report-info-v1->@Inject::fillSystemDetails(Lorg/spongepowered/asm/mixin/injection/callback/CallbackInfo;)V has 0 override(s) in child classes
[19:03:02] [main/DEBUG] (FabricLoader/Mixin) fabric-crash-report-info-v1.mixins.json:SystemReportMixin from mod fabric-crash-report-info-v1->@Inject::fillSystemDetails(Lorg/spongepowered/asm/mixin/injection/callback/CallbackInfo;)V won't be passed a CallbackInfo as a result
[19:03:02] [main/DEBUG] (oshi.util.FileUtil) Reading file /proc/self/auxv
[19:03:02] [main/DEBUG] (oshi.util.FileUtil) Reading file /proc/self/auxv
[19:03:02] [main/DEBUG] (oshi.util.FileUtil) Reading file /proc/stat
[19:03:02] [main/DEBUG] (oshi.util.FileUtil) Reading file /sys/devices/system/cpu/cpu0/topology/core_id
[19:03:02] [main/DEBUG] (oshi.util.FileUtil) Reading file /sys/devices/system/cpu/cpu0/topology/core_id
[19:03:02] [main/DEBUG] (oshi.util.FileUtil) Reading file /sys/devices/system/cpu/cpu0/topology/physical_package_id
[19:03:02] [main/DEBUG] (oshi.util.FileUtil) Reading file /sys/devices/system/cpu/cpu0/topology/physical_package_id
[19:03:02] [main/DEBUG] (oshi.util.FileUtil) Reading file /sys/devices/system/cpu/cpu0/cpu_capacity
[19:03:02] [main/DEBUG] (oshi.util.FileUtil) Reading file /sys/devices/system/cpu/cpu0/cache/index2/level
[19:03:02] [main/DEBUG] (oshi.util.FileUtil) Reading file /sys/devices/system/cpu/cpu0/cache/index2/level
[19:03:02] [main/DEBUG] (oshi.util.FileUtil) Reading file /sys/devices/system/cpu/cpu0/cache/index2/type
[19:03:02] [main/DEBUG] (oshi.util.FileUtil) Reading file /sys/devices/system/cpu/cpu0/cache/index2/type
[19:03:02] [main/DEBUG] (oshi.util.FileUtil) Reading file /sys/devices/system/cpu/cpu0/cache/index2/ways_of_associativity
[19:03:02] [main/DEBUG] (oshi.util.FileUtil) Reading file /sys/devices/system/cpu/cpu0/cache/index2/ways_of_associativity
[19:03:02] [main/DEBUG] (oshi.util.FileUtil) Reading file /sys/devices/system/cpu/cpu0/cache/index2/coherency_line_size
[19:03:02] [main/DEBUG] (oshi.util.FileUtil) Reading file /sys/devices/system/cpu/cpu0/cache/index2/coherency_line_size
[19:03:02] [main/DEBUG] (oshi.util.FileUtil) Reading file /sys/devices/system/cpu/cpu0/cache/index2/size
[19:03:02] [main/DEBUG] (oshi.util.FileUtil) Reading file /sys/devices/system/cpu/cpu0/cache/index2/size
[19:03:02] [main/DEBUG] (oshi.util.FileUtil) Reading file /sys/devices/system/cpu/cpu0/cache/index0/level
[19:03:02] [main/DEBUG] (oshi.util.FileUtil) Reading file /sys/devices/system/cpu/cpu0/cache/index0/level
[19:03:02] [main/DEBUG] (oshi.util.FileUtil) Reading file /sys/devices/system/cpu/cpu0/cache/index0/type
[19:03:02] [main/DEBUG] (oshi.util.FileUtil) Reading file /sys/devices/system/cpu/cpu0/cache/index0/type
[19:03:02] [main/DEBUG] (oshi.util.FileUtil) Reading file /sys/devices/system/cpu/cpu0/cache/index0/ways_of_associativity
[19:03:02] [main/DEBUG] (oshi.util.FileUtil) Reading file /sys/devices/system/cpu/cpu0/cache/index0/ways_of_associativity
[19:03:02] [main/DEBUG] (oshi.util.FileUtil) Reading file /sys/devices/system/cpu/cpu0/cache/index0/coherency_line_size
[19:03:02] [main/DEBUG] (oshi.util.FileUtil) Reading file /sys/devices/system/cpu/cpu0/cache/index0/coherency_line_size
[19:03:02] [main/DEBUG] (oshi.util.FileUtil) Reading file /sys/devices/system/cpu/cpu0/cache/index0/size
[19:03:02] [main/DEBUG] (oshi.util.FileUtil) Reading file /sys/devices/system/cpu/cpu0/cache/index0/size
[19:03:02] [main/DEBUG] (oshi.util.FileUtil) Reading file /sys/devices/system/cpu/cpu0/cache/index3/level
[19:03:02] [main/DEBUG] (oshi.util.FileUtil) Reading file /sys/devices/system/cpu/cpu0/cache/index3/level
[19:03:02] [main/DEBUG] (oshi.util.FileUtil) Reading file /sys/devices/system/cpu/cpu0/cache/index3/type
[19:03:02] [main/DEBUG] (oshi.util.FileUtil) Reading file /sys/devices/system/cpu/cpu0/cache/index3/type
[19:03:02] [main/DEBUG] (oshi.util.FileUtil) Reading file /sys/devices/system/cpu/cpu0/cache/index3/ways_of_associativity
[19:03:02] [main/DEBUG] (oshi.util.FileUtil) Reading file /sys/devices/system/cpu/cpu0/cache/index3/ways_of_associativity
[19:03:02] [main/DEBUG] (oshi.util.FileUtil) Reading file /sys/devices/system/cpu/cpu0/cache/index3/coherency_line_size
[19:03:02] [main/DEBUG] (oshi.util.FileUtil) Reading file /sys/devices/system/cpu/cpu0/cache/index3/coherency_line_size
[19:03:02] [main/DEBUG] (oshi.util.FileUtil) Reading file /sys/devices/system/cpu/cpu0/cache/index3/size
[19:03:02] [main/DEBUG] (oshi.util.FileUtil) Reading file /sys/devices/system/cpu/cpu0/cache/index3/size
[19:03:02] [main/DEBUG] (oshi.util.FileUtil) Reading file /sys/devices/system/cpu/cpu0/cache/index1/level
[19:03:02] [main/DEBUG] (oshi.util.FileUtil) Reading file /sys/devices/system/cpu/cpu0/cache/index1/level
[19:03:02] [main/DEBUG] (oshi.util.FileUtil) Reading file /sys/devices/system/cpu/cpu0/cache/index1/type
[19:03:02] [main/DEBUG] (oshi.util.FileUtil) Reading file /sys/devices/system/cpu/cpu0/cache/index1/type
[19:03:02] [main/DEBUG] (oshi.util.FileUtil) Reading file /sys/devices/system/cpu/cpu0/cache/index1/ways_of_associativity
[19:03:02] [main/DEBUG] (oshi.util.FileUtil) Reading file /sys/devices/system/cpu/cpu0/cache/index1/ways_of_associativity
[19:03:02] [main/DEBUG] (oshi.util.FileUtil) Reading file /sys/devices/system/cpu/cpu0/cache/index1/coherency_line_size
[19:03:02] [main/DEBUG] (oshi.util.FileUtil) Reading file /sys/devices/system/cpu/cpu0/cache/index1/coherency_line_size
[19:03:02] [main/DEBUG] (oshi.util.FileUtil) Reading file /sys/devices/system/cpu/cpu0/cache/index1/size
[19:03:02] [main/DEBUG] (oshi.util.FileUtil) Reading file /sys/devices/system/cpu/cpu0/cache/index1/size
[19:03:02] [main/DEBUG] (oshi.util.FileUtil) Reading file /sys/devices/system/cpu/cpu1/topology/core_id
[19:03:02] [main/DEBUG] (oshi.util.FileUtil) Reading file /sys/devices/system/cpu/cpu1/topology/core_id
[19:03:02] [main/DEBUG] (oshi.util.FileUtil) Reading file /sys/devices/system/cpu/cpu1/topology/physical_package_id
[19:03:02] [main/DEBUG] (oshi.util.FileUtil) Reading file /sys/devices/system/cpu/cpu1/topology/physical_package_id
[19:03:02] [main/DEBUG] (oshi.util.FileUtil) Reading file /sys/devices/system/cpu/cpu1/cpu_capacity
[19:03:02] [main/DEBUG] (oshi.util.FileUtil) Reading file /sys/devices/system/cpu/cpu1/cache/index2/level
[19:03:02] [main/DEBUG] (oshi.util.FileUtil) Reading file /sys/devices/system/cpu/cpu1/cache/index2/level
[19:03:02] [main/DEBUG] (oshi.util.FileUtil) Reading file /sys/devices/system/cpu/cpu1/cache/index2/type
[19:03:02] [main/DEBUG] (oshi.util.FileUtil) Reading file /sys/devices/system/cpu/cpu1/cache/index2/type
[19:03:02] [main/DEBUG] (oshi.util.FileUtil) Reading file /sys/devices/system/cpu/cpu1/cache/index2/ways_of_associativity
[19:03:02] [main/DEBUG] (oshi.util.FileUtil) Reading file /sys/devices/system/cpu/cpu1/cache/index2/ways_of_associativity
[19:03:02] [main/DEBUG] (oshi.util.FileUtil) Reading file /sys/devices/system/cpu/cpu1/cache/index2/coherency_line_size
[19:03:02] [main/DEBUG] (oshi.util.FileUtil) Reading file /sys/devices/system/cpu/cpu1/cache/index2/coherency_line_size
[19:03:02] [main/DEBUG] (oshi.util.FileUtil) Reading file /sys/devices/system/cpu/cpu1/cache/index2/size
[19:03:02] [main/DEBUG] (oshi.util.FileUtil) Reading file /sys/devices/system/cpu/cpu1/cache/index2/size
[19:03:02] [main/DEBUG] (oshi.util.FileUtil) Reading file /sys/devices/system/cpu/cpu1/cache/index0/level
[19:03:02] [main/DEBUG] (oshi.util.FileUtil) Reading file /sys/devices/system/cpu/cpu1/cache/index0/level
[19:03:02] [main/DEBUG] (oshi.util.FileUtil) Reading file /sys/devices/system/cpu/cpu1/cache/index0/type
[19:03:02] [main/DEBUG] (oshi.util.FileUtil) Reading file /sys/devices/system/cpu/cpu1/cache/index0/type
[19:03:02] [main/DEBUG] (oshi.util.FileUtil) Reading file /sys/devices/system/cpu/cpu1/cache/index0/ways_of_associativity
[19:03:02] [main/DEBUG] (oshi.util.FileUtil) Reading file /sys/devices/system/cpu/cpu1/cache/index0/ways_of_associativity
[19:03:02] [main/DEBUG] (oshi.util.FileUtil) Reading file /sys/devices/system/cpu/cpu1/cache/index0/coherency_line_size
[19:03:02] [main/DEBUG] (oshi.util.FileUtil) Reading file /sys/devices/system/cpu/cpu1/cache/index0/coherency_line_size
[19:03:02] [main/DEBUG] (oshi.util.FileUtil) Reading file /sys/devices/system/cpu/cpu1/cache/index0/size
[19:03:02] [main/DEBUG] (oshi.util.FileUtil) Reading file /sys/devices/system/cpu/cpu1/cache/index0/size
[19:03:02] [main/DEBUG] (oshi.util.FileUtil) Reading file /sys/devices/system/cpu/cpu1/cache/index3/level
[19:03:02] [main/DEBUG] (oshi.util.FileUtil) Reading file /sys/devices/system/cpu/cpu1/cache/index3/level
[19:03:02] [main/DEBUG] (oshi.util.FileUtil) Reading file /sys/devices/system/cpu/cpu1/cache/index3/type
[19:03:02] [main/DEBUG] (oshi.util.FileUtil) Reading file /sys/devices/system/cpu/cpu1/cache/index3/type
[19:03:02] [main/DEBUG] (oshi.util.FileUtil) Reading file /sys/devices/system/cpu/cpu1/cache/index3/ways_of_associativity
[19:03:02] [main/DEBUG] (oshi.util.FileUtil) Reading file /sys/devices/system/cpu/cpu1/cache/index3/ways_of_associativity
[19:03:02] [main/DEBUG] (oshi.util.FileUtil) Reading file /sys/devices/system/cpu/cpu1/cache/index3/coherency_line_size
[19:03:02] [main/DEBUG] (oshi.util.FileUtil) Reading file /sys/devices/system/cpu/cpu1/cache/index3/coherency_line_size
[19:03:02] [main/DEBUG] (oshi.util.FileUtil) Reading file /sys/devices/system/cpu/cpu1/cache/index3/size
[19:03:02] [main/DEBUG] (oshi.util.FileUtil) Reading file /sys/devices/system/cpu/cpu1/cache/index3/size
[19:03:02] [main/DEBUG] (oshi.util.FileUtil) Reading file /sys/devices/system/cpu/cpu1/cache/index1/level
[19:03:02] [main/DEBUG] (oshi.util.FileUtil) Reading file /sys/devices/system/cpu/cpu1/cache/index1/level
[19:03:02] [main/DEBUG] (oshi.util.FileUtil) Reading file /sys/devices/system/cpu/cpu1/cache/index1/type
[19:03:02] [main/DEBUG] (oshi.util.FileUtil) Reading file /sys/devices/system/cpu/cpu1/cache/index1/type
[19:03:02] [main/DEBUG] (oshi.util.FileUtil) Reading file /sys/devices/system/cpu/cpu1/cache/index1/ways_of_associativity
[19:03:02] [main/DEBUG] (oshi.util.FileUtil) Reading file /sys/devices/system/cpu/cpu1/cache/index1/ways_of_associativity
[19:03:02] [main/DEBUG] (oshi.util.FileUtil) Reading file /sys/devices/system/cpu/cpu1/cache/index1/coherency_line_size
[19:03:02] [main/DEBUG] (oshi.util.FileUtil) Reading file /sys/devices/system/cpu/cpu1/cache/index1/coherency_line_size
[19:03:02] [main/DEBUG] (oshi.util.FileUtil) Reading file /sys/devices/system/cpu/cpu1/cache/index1/size
[19:03:02] [main/DEBUG] (oshi.util.FileUtil) Reading file /sys/devices/system/cpu/cpu1/cache/index1/size
[19:03:02] [main/DEBUG] (oshi.util.FileUtil) Reading file /sys/devices/system/cpu/cpu10/topology/core_id
[19:03:02] [main/DEBUG] (oshi.util.FileUtil) Reading file /sys/devices/system/cpu/cpu10/topology/core_id
[19:03:02] [main/DEBUG] (oshi.util.FileUtil) Reading file /sys/devices/system/cpu/cpu10/topology/physical_package_id
[19:03:02] [main/DEBUG] (oshi.util.FileUtil) Reading file /sys/devices/system/cpu/cpu10/topology/physical_package_id
[19:03:02] [main/DEBUG] (oshi.util.FileUtil) Reading file /sys/devices/system/cpu/cpu10/cpu_capacity
[19:03:02] [main/DEBUG] (oshi.util.FileUtil) Reading file /sys/devices/system/cpu/cpu10/cache/index2/level
[19:03:02] [main/DEBUG] (oshi.util.FileUtil) Reading file /sys/devices/system/cpu/cpu10/cache/index2/level
[19:03:02] [main/DEBUG] (oshi.util.FileUtil) Reading file /sys/devices/system/cpu/cpu10/cache/index2/type
[19:03:02] [main/DEBUG] (oshi.util.FileUtil) Reading file /sys/devices/system/cpu/cpu10/cache/index2/type
[19:03:02] [main/DEBUG] (oshi.util.FileUtil) Reading file /sys/devices/system/cpu/cpu10/cache/index2/ways_of_associativity
[19:03:02] [main/DEBUG] (oshi.util.FileUtil) Reading file /sys/devices/system/cpu/cpu10/cache/index2/ways_of_associativity
[19:03:02] [main/DEBUG] (oshi.util.FileUtil) Reading file /sys/devices/system/cpu/cpu10/cache/index2/coherency_line_size
[19:03:02] [main/DEBUG] (oshi.util.FileUtil) Reading file /sys/devices/system/cpu/cpu10/cache/index2/coherency_line_size
[19:03:02] [main/DEBUG] (oshi.util.FileUtil) Reading file /sys/devices/system/cpu/cpu10/cache/index2/size
[19:03:02] [main/DEBUG] (oshi.util.FileUtil) Reading file /sys/devices/system/cpu/cpu10/cache/index2/size
[19:03:02] [main/DEBUG] (oshi.util.FileUtil) Reading file /sys/devices/system/cpu/cpu10/cache/index0/level
[19:03:02] [main/DEBUG] (oshi.util.FileUtil) Reading file /sys/devices/system/cpu/cpu10/cache/index0/level
[19:03:02] [main/DEBUG] (oshi.util.FileUtil) Reading file /sys/devices/system/cpu/cpu10/cache/index0/type
[19:03:02] [main/DEBUG] (oshi.util.FileUtil) Reading file /sys/devices/system/cpu/cpu10/cache/index0/type
[19:03:02] [main/DEBUG] (oshi.util.FileUtil) Reading file /sys/devices/system/cpu/cpu10/cache/index0/ways_of_associativity
[19:03:02] [main/DEBUG] (oshi.util.FileUtil) Reading file /sys/devices/system/cpu/cpu10/cache/index0/ways_of_associativity
[19:03:02] [main/DEBUG] (oshi.util.FileUtil) Reading file /sys/devices/system/cpu/cpu10/cache/index0/coherency_line_size
[19:03:02] [main/DEBUG] (oshi.util.FileUtil) Reading file /sys/devices/system/cpu/cpu10/cache/index0/coherency_line_size
[19:03:02] [main/DEBUG] (oshi.util.FileUtil) Reading file /sys/devices/system/cpu/cpu10/cache/index0/size
[19:03:02] [main/DEBUG] (oshi.util.FileUtil) Reading file /sys/devices/system/cpu/cpu10/cache/index0/size
[19:03:02] [main/DEBUG] (oshi.util.FileUtil) Reading file /sys/devices/system/cpu/cpu10/cache/index3/level
[19:03:02] [main/DEBUG] (oshi.util.FileUtil) Reading file /sys/devices/system/cpu/cpu10/cache/index3/level
[19:03:02] [main/DEBUG] (oshi.util.FileUtil) Reading file /sys/devices/system/cpu/cpu10/cache/index3/type
[19:03:02] [main/DEBUG] (oshi.util.FileUtil) Reading file /sys/devices/system/cpu/cpu10/cache/index3/type
[19:03:02] [main/DEBUG] (oshi.util.FileUtil) Reading file /sys/devices/system/cpu/cpu10/cache/index3/ways_of_associativity
[19:03:02] [main/DEBUG] (oshi.util.FileUtil) Reading file /sys/devices/system/cpu/cpu10/cache/index3/ways_of_associativity
[19:03:02] [main/DEBUG] (oshi.util.FileUtil) Reading file /sys/devices/system/cpu/cpu10/cache/index3/coherency_line_size
[19:03:02] [main/DEBUG] (oshi.util.FileUtil) Reading file /sys/devices/system/cpu/cpu10/cache/index3/coherency_line_size
[19:03:02] [main/DEBUG] (oshi.util.FileUtil) Reading file /sys/devices/system/cpu/cpu10/cache/index3/size
[19:03:02] [main/DEBUG] (oshi.util.FileUtil) Reading file /sys/devices/system/cpu/cpu10/cache/index3/size
[19:03:02] [main/DEBUG] (oshi.util.FileUtil) Reading file /sys/devices/system/cpu/cpu10/cache/index1/level
[19:03:02] [main/DEBUG] (oshi.util.FileUtil) Reading file /sys/devices/system/cpu/cpu10/cache/index1/level
[19:03:02] [main/DEBUG] (oshi.util.FileUtil) Reading file /sys/devices/system/cpu/cpu10/cache/index1/type
[19:03:02] [main/DEBUG] (oshi.util.FileUtil) Reading file /sys/devices/system/cpu/cpu10/cache/index1/type
[19:03:02] [main/DEBUG] (oshi.util.FileUtil) Reading file /sys/devices/system/cpu/cpu10/cache/index1/ways_of_associativity
[19:03:02] [main/DEBUG] (oshi.util.FileUtil) Reading file /sys/devices/system/cpu/cpu10/cache/index1/ways_of_associativity
[19:03:02] [main/DEBUG] (oshi.util.FileUtil) Reading file /sys/devices/system/cpu/cpu10/cache/index1/coherency_line_size
[19:03:02] [main/DEBUG] (oshi.util.FileUtil) Reading file /sys/devices/system/cpu/cpu10/cache/index1/coherency_line_size
[19:03:02] [main/DEBUG] (oshi.util.FileUtil) Reading file /sys/devices/system/cpu/cpu10/cache/index1/size
[19:03:02] [main/DEBUG] (oshi.util.FileUtil) Reading file /sys/devices/system/cpu/cpu10/cache/index1/size
[19:03:02] [main/DEBUG] (oshi.util.FileUtil) Reading file /sys/devices/system/cpu/cpu11/topology/core_id
[19:03:02] [main/DEBUG] (oshi.util.FileUtil) Reading file /sys/devices/system/cpu/cpu11/topology/core_id
[19:03:02] [main/DEBUG] (oshi.util.FileUtil) Reading file /sys/devices/system/cpu/cpu11/topology/physical_package_id
[19:03:02] [main/DEBUG] (oshi.util.FileUtil) Reading file /sys/devices/system/cpu/cpu11/topology/physical_package_id
[19:03:02] [main/DEBUG] (oshi.util.FileUtil) Reading file /sys/devices/system/cpu/cpu11/cpu_capacity
[19:03:02] [main/DEBUG] (oshi.util.FileUtil) Reading file /sys/devices/system/cpu/cpu11/cache/index2/level
[19:03:02] [main/DEBUG] (oshi.util.FileUtil) Reading file /sys/devices/system/cpu/cpu11/cache/index2/level
[19:03:02] [main/DEBUG] (oshi.util.FileUtil) Reading file /sys/devices/system/cpu/cpu11/cache/index2/type
[19:03:02] [main/DEBUG] (oshi.util.FileUtil) Reading file /sys/devices/system/cpu/cpu11/cache/index2/type
[19:03:02] [main/DEBUG] (oshi.util.FileUtil) Reading file /sys/devices/system/cpu/cpu11/cache/index2/ways_of_associativity
[19:03:02] [main/DEBUG] (oshi.util.FileUtil) Reading file /sys/devices/system/cpu/cpu11/cache/index2/ways_of_associativity
[19:03:02] [main/DEBUG] (oshi.util.FileUtil) Reading file /sys/devices/system/cpu/cpu11/cache/index2/coherency_line_size
[19:03:02] [main/DEBUG] (oshi.util.FileUtil) Reading file /sys/devices/system/cpu/cpu11/cache/index2/coherency_line_size
[19:03:02] [main/DEBUG] (oshi.util.FileUtil) Reading file /sys/devices/system/cpu/cpu11/cache/index2/size
[19:03:02] [main/DEBUG] (oshi.util.FileUtil) Reading file /sys/devices/system/cpu/cpu11/cache/index2/size
[19:03:02] [main/DEBUG] (oshi.util.FileUtil) Reading file /sys/devices/system/cpu/cpu11/cache/index0/level
[19:03:02] [main/DEBUG] (oshi.util.FileUtil) Reading file /sys/devices/system/cpu/cpu11/cache/index0/level
[19:03:02] [main/DEBUG] (oshi.util.FileUtil) Reading file /sys/devices/system/cpu/cpu11/cache/index0/type
[19:03:02] [main/DEBUG] (oshi.util.FileUtil) Reading file /sys/devices/system/cpu/cpu11/cache/index0/type
[19:03:02] [main/DEBUG] (oshi.util.FileUtil) Reading file /sys/devices/system/cpu/cpu11/cache/index0/ways_of_associativity
[19:03:02] [main/DEBUG] (oshi.util.FileUtil) Reading file /sys/devices/system/cpu/cpu11/cache/index0/ways_of_associativity
[19:03:02] [main/DEBUG] (oshi.util.FileUtil) Reading file /sys/devices/system/cpu/cpu11/cache/index0/coherency_line_size
[19:03:02] [main/DEBUG] (oshi.util.FileUtil) Reading file /sys/devices/system/cpu/cpu11/cache/index0/coherency_line_size
[19:03:02] [main/DEBUG] (oshi.util.FileUtil) Reading file /sys/devices/system/cpu/cpu11/cache/index0/size
[19:03:02] [main/DEBUG] (oshi.util.FileUtil) Reading file /sys/devices/system/cpu/cpu11/cache/index0/size
[19:03:02] [main/DEBUG] (oshi.util.FileUtil) Reading file /sys/devices/system/cpu/cpu11/cache/index3/level
[19:03:02] [main/DEBUG] (oshi.util.FileUtil) Reading file /sys/devices/system/cpu/cpu11/cache/index3/level
[19:03:02] [main/DEBUG] (oshi.util.FileUtil) Reading file /sys/devices/system/cpu/cpu11/cache/index3/type
[19:03:02] [main/DEBUG] (oshi.util.FileUtil) Reading file /sys/devices/system/cpu/cpu11/cache/index3/type
[19:03:02] [main/DEBUG] (oshi.util.FileUtil) Reading file /sys/devices/system/cpu/cpu11/cache/index3/ways_of_associativity
[19:03:02] [main/DEBUG] (oshi.util.FileUtil) Reading file /sys/devices/system/cpu/cpu11/cache/index3/ways_of_associativity
[19:03:02] [main/DEBUG] (oshi.util.FileUtil) Reading file /sys/devices/system/cpu/cpu11/cache/index3/coherency_line_size
[19:03:02] [main/DEBUG] (oshi.util.FileUtil) Reading file /sys/devices/system/cpu/cpu11/cache/index3/coherency_line_size
[19:03:02] [main/DEBUG] (oshi.util.FileUtil) Reading file /sys/devices/system/cpu/cpu11/cache/index3/size
[19:03:02] [main/DEBUG] (oshi.util.FileUtil) Reading file /sys/devices/system/cpu/cpu11/cache/index3/size
[19:03:02] [main/DEBUG] (oshi.util.FileUtil) Reading file /sys/devices/system/cpu/cpu11/cache/index1/level
[19:03:02] [main/DEBUG] (oshi.util.FileUtil) Reading file /sys/devices/system/cpu/cpu11/cache/index1/level
[19:03:02] [main/DEBUG] (oshi.util.FileUtil) Reading file /sys/devices/system/cpu/cpu11/cache/index1/type
[19:03:02] [main/DEBUG] (oshi.util.FileUtil) Reading file /sys/devices/system/cpu/cpu11/cache/index1/type
[19:03:02] [main/DEBUG] (oshi.util.FileUtil) Reading file /sys/devices/system/cpu/cpu11/cache/index1/ways_of_associativity
[19:03:02] [main/DEBUG] (oshi.util.FileUtil) Reading file /sys/devices/system/cpu/cpu11/cache/index1/ways_of_associativity
[19:03:02] [main/DEBUG] (oshi.util.FileUtil) Reading file /sys/devices/system/cpu/cpu11/cache/index1/coherency_line_size
[19:03:02] [main/DEBUG] (oshi.util.FileUtil) Reading file /sys/devices/system/cpu/cpu11/cache/index1/coherency_line_size
[19:03:02] [main/DEBUG] (oshi.util.FileUtil) Reading file /sys/devices/system/cpu/cpu11/cache/index1/size
[19:03:02] [main/DEBUG] (oshi.util.FileUtil) Reading file /sys/devices/system/cpu/cpu11/cache/index1/size
[19:03:02] [main/DEBUG] (oshi.util.FileUtil) Reading file /sys/devices/system/cpu/cpu12/topology/core_id
[19:03:02] [main/DEBUG] (oshi.util.FileUtil) Reading file /sys/devices/system/cpu/cpu12/topology/core_id
[19:03:02] [main/DEBUG] (oshi.util.FileUtil) Reading file /sys/devices/system/cpu/cpu12/topology/physical_package_id
[19:03:02] [main/DEBUG] (oshi.util.FileUtil) Reading file /sys/devices/system/cpu/cpu12/topology/physical_package_id
[19:03:02] [main/DEBUG] (oshi.util.FileUtil) Reading file /sys/devices/system/cpu/cpu12/cpu_capacity
[19:03:02] [main/DEBUG] (oshi.util.FileUtil) Reading file /sys/devices/system/cpu/cpu12/cache/index2/level
[19:03:02] [main/DEBUG] (oshi.util.FileUtil) Reading file /sys/devices/system/cpu/cpu12/cache/index2/level
[19:03:02] [main/DEBUG] (oshi.util.FileUtil) Reading file /sys/devices/system/cpu/cpu12/cache/index2/type
[19:03:02] [main/DEBUG] (oshi.util.FileUtil) Reading file /sys/devices/system/cpu/cpu12/cache/index2/type
[19:03:02] [main/DEBUG] (oshi.util.FileUtil) Reading file /sys/devices/system/cpu/cpu12/cache/index2/ways_of_associativity
[19:03:02] [main/DEBUG] (oshi.util.FileUtil) Reading file /sys/devices/system/cpu/cpu12/cache/index2/ways_of_associativity
[19:03:02] [main/DEBUG] (oshi.util.FileUtil) Reading file /sys/devices/system/cpu/cpu12/cache/index2/coherency_line_size
[19:03:02] [main/DEBUG] (oshi.util.FileUtil) Reading file /sys/devices/system/cpu/cpu12/cache/index2/coherency_line_size
[19:03:02] [main/DEBUG] (oshi.util.FileUtil) Reading file /sys/devices/system/cpu/cpu12/cache/index2/size
[19:03:02] [main/DEBUG] (oshi.util.FileUtil) Reading file /sys/devices/system/cpu/cpu12/cache/index2/size
[19:03:02] [main/DEBUG] (oshi.util.FileUtil) Reading file /sys/devices/system/cpu/cpu12/cache/index0/level
[19:03:02] [main/DEBUG] (oshi.util.FileUtil) Reading file /sys/devices/system/cpu/cpu12/cache/index0/level
[19:03:02] [main/DEBUG] (oshi.util.FileUtil) Reading file /sys/devices/system/cpu/cpu12/cache/index0/type
[19:03:02] [main/DEBUG] (oshi.util.FileUtil) Reading file /sys/devices/system/cpu/cpu12/cache/index0/type
[19:03:02] [main/DEBUG] (oshi.util.FileUtil) Reading file /sys/devices/system/cpu/cpu12/cache/index0/ways_of_associativity
[19:03:02] [main/DEBUG] (oshi.util.FileUtil) Reading file /sys/devices/system/cpu/cpu12/cache/index0/ways_of_associativity
[19:03:02] [main/DEBUG] (oshi.util.FileUtil) Reading file /sys/devices/system/cpu/cpu12/cache/index0/coherency_line_size
[19:03:02] [main/DEBUG] (oshi.util.FileUtil) Reading file /sys/devices/system/cpu/cpu12/cache/index0/coherency_line_size
[19:03:02] [main/DEBUG] (oshi.util.FileUtil) Reading file /sys/devices/system/cpu/cpu12/cache/index0/size
[19:03:02] [main/DEBUG] (oshi.util.FileUtil) Reading file /sys/devices/system/cpu/cpu12/cache/index0/size
[19:03:02] [main/DEBUG] (oshi.util.FileUtil) Reading file /sys/devices/system/cpu/cpu12/cache/index3/level
[19:03:02] [main/DEBUG] (oshi.util.FileUtil) Reading file /sys/devices/system/cpu/cpu12/cache/index3/level
[19:03:02] [main/DEBUG] (oshi.util.FileUtil) Reading file /sys/devices/system/cpu/cpu12/cache/index3/type
[19:03:02] [main/DEBUG] (oshi.util.FileUtil) Reading file /sys/devices/system/cpu/cpu12/cache/index3/type
[19:03:02] [main/DEBUG] (oshi.util.FileUtil) Reading file /sys/devices/system/cpu/cpu12/cache/index3/ways_of_associativity
[19:03:02] [main/DEBUG] (oshi.util.FileUtil) Reading file /sys/devices/system/cpu/cpu12/cache/index3/ways_of_associativity
[19:03:02] [main/DEBUG] (oshi.util.FileUtil) Reading file /sys/devices/system/cpu/cpu12/cache/index3/coherency_line_size
[19:03:02] [main/DEBUG] (oshi.util.FileUtil) Reading file /sys/devices/system/cpu/cpu12/cache/index3/coherency_line_size
[19:03:02] [main/DEBUG] (oshi.util.FileUtil) Reading file /sys/devices/system/cpu/cpu12/cache/index3/size
[19:03:02] [main/DEBUG] (oshi.util.FileUtil) Reading file /sys/devices/system/cpu/cpu12/cache/index3/size
[19:03:02] [main/DEBUG] (oshi.util.FileUtil) Reading file /sys/devices/system/cpu/cpu12/cache/index1/level
[19:03:02] [main/DEBUG] (oshi.util.FileUtil) Reading file /sys/devices/system/cpu/cpu12/cache/index1/level
[19:03:02] [main/DEBUG] (oshi.util.FileUtil) Reading file /sys/devices/system/cpu/cpu12/cache/index1/type
[19:03:02] [main/DEBUG] (oshi.util.FileUtil) Reading file /sys/devices/system/cpu/cpu12/cache/index1/type
[19:03:02] [main/DEBUG] (oshi.util.FileUtil) Reading file /sys/devices/system/cpu/cpu12/cache/index1/ways_of_associativity
[19:03:02] [main/DEBUG] (oshi.util.FileUtil) Reading file /sys/devices/system/cpu/cpu12/cache/index1/ways_of_associativity
[19:03:02] [main/DEBUG] (oshi.util.FileUtil) Reading file /sys/devices/system/cpu/cpu12/cache/index1/coherency_line_size
[19:03:02] [main/DEBUG] (oshi.util.FileUtil) Reading file /sys/devices/system/cpu/cpu12/cache/index1/coherency_line_size
[19:03:02] [main/DEBUG] (oshi.util.FileUtil) Reading file /sys/devices/system/cpu/cpu12/cache/index1/size
[19:03:02] [main/DEBUG] (oshi.util.FileUtil) Reading file /sys/devices/system/cpu/cpu12/cache/index1/size
[19:03:02] [main/DEBUG] (oshi.util.FileUtil) Reading file /sys/devices/system/cpu/cpu13/topology/core_id
[19:03:02] [main/DEBUG] (oshi.util.FileUtil) Reading file /sys/devices/system/cpu/cpu13/topology/core_id
[19:03:02] [main/DEBUG] (oshi.util.FileUtil) Reading file /sys/devices/system/cpu/cpu13/topology/physical_package_id
[19:03:02] [main/DEBUG] (oshi.util.FileUtil) Reading file /sys/devices/system/cpu/cpu13/topology/physical_package_id
[19:03:02] [main/DEBUG] (oshi.util.FileUtil) Reading file /sys/devices/system/cpu/cpu13/cpu_capacity
[19:03:02] [main/DEBUG] (oshi.util.FileUtil) Reading file /sys/devices/system/cpu/cpu13/cache/index2/level
[19:03:02] [main/DEBUG] (oshi.util.FileUtil) Reading file /sys/devices/system/cpu/cpu13/cache/index2/level
[19:03:02] [main/DEBUG] (oshi.util.FileUtil) Reading file /sys/devices/system/cpu/cpu13/cache/index2/type
[19:03:02] [main/DEBUG] (oshi.util.FileUtil) Reading file /sys/devices/system/cpu/cpu13/cache/index2/type
[19:03:02] [main/DEBUG] (oshi.util.FileUtil) Reading file /sys/devices/system/cpu/cpu13/cache/index2/ways_of_associativity
[19:03:02] [main/DEBUG] (oshi.util.FileUtil) Reading file /sys/devices/system/cpu/cpu13/cache/index2/ways_of_associativity
[19:03:02] [main/DEBUG] (oshi.util.FileUtil) Reading file /sys/devices/system/cpu/cpu13/cache/index2/coherency_line_size
[19:03:02] [main/DEBUG] (oshi.util.FileUtil) Reading file /sys/devices/system/cpu/cpu13/cache/index2/coherency_line_size
[19:03:02] [main/DEBUG] (oshi.util.FileUtil) Reading file /sys/devices/system/cpu/cpu13/cache/index2/size
[19:03:02] [main/DEBUG] (oshi.util.FileUtil) Reading file /sys/devices/system/cpu/cpu13/cache/index2/size
[19:03:02] [main/DEBUG] (oshi.util.FileUtil) Reading file /sys/devices/system/cpu/cpu13/cache/index0/level
[19:03:02] [main/DEBUG] (oshi.util.FileUtil) Reading file /sys/devices/system/cpu/cpu13/cache/index0/level
[19:03:02] [main/DEBUG] (oshi.util.FileUtil) Reading file /sys/devices/system/cpu/cpu13/cache/index0/type
[19:03:02] [main/DEBUG] (oshi.util.FileUtil) Reading file /sys/devices/system/cpu/cpu13/cache/index0/type
[19:03:02] [main/DEBUG] (oshi.util.FileUtil) Reading file /sys/devices/system/cpu/cpu13/cache/index0/ways_of_associativity
[19:03:02] [main/DEBUG] (oshi.util.FileUtil) Reading file /sys/devices/system/cpu/cpu13/cache/index0/ways_of_associativity
[19:03:02] [main/DEBUG] (oshi.util.FileUtil) Reading file /sys/devices/system/cpu/cpu13/cache/index0/coherency_line_size
[19:03:02] [main/DEBUG] (oshi.util.FileUtil) Reading file /sys/devices/system/cpu/cpu13/cache/index0/coherency_line_size
[19:03:02] [main/DEBUG] (oshi.util.FileUtil) Reading file /sys/devices/system/cpu/cpu13/cache/index0/size
[19:03:02] [main/DEBUG] (oshi.util.FileUtil) Reading file /sys/devices/system/cpu/cpu13/cache/index0/size
[19:03:02] [main/DEBUG] (oshi.util.FileUtil) Reading file /sys/devices/system/cpu/cpu13/cache/index3/level
[19:03:02] [main/DEBUG] (oshi.util.FileUtil) Reading file /sys/devices/system/cpu/cpu13/cache/index3/level
[19:03:02] [main/DEBUG] (oshi.util.FileUtil) Reading file /sys/devices/system/cpu/cpu13/cache/index3/type
[19:03:02] [main/DEBUG] (oshi.util.FileUtil) Reading file /sys/devices/system/cpu/cpu13/cache/index3/type
[19:03:02] [main/DEBUG] (oshi.util.FileUtil) Reading file /sys/devices/system/cpu/cpu13/cache/index3/ways_of_associativity
[19:03:02] [main/DEBUG] (oshi.util.FileUtil) Reading file /sys/devices/system/cpu/cpu13/cache/index3/ways_of_associativity
[19:03:02] [main/DEBUG] (oshi.util.FileUtil) Reading file /sys/devices/system/cpu/cpu13/cache/index3/coherency_line_size
[19:03:02] [main/DEBUG] (oshi.util.FileUtil) Reading file /sys/devices/system/cpu/cpu13/cache/index3/coherency_line_size
[19:03:02] [main/DEBUG] (oshi.util.FileUtil) Reading file /sys/devices/system/cpu/cpu13/cache/index3/size
[19:03:02] [main/DEBUG] (oshi.util.FileUtil) Reading file /sys/devices/system/cpu/cpu13/cache/index3/size
[19:03:02] [main/DEBUG] (oshi.util.FileUtil) Reading file /sys/devices/system/cpu/cpu13/cache/index1/level
[19:03:02] [main/DEBUG] (oshi.util.FileUtil) Reading file /sys/devices/system/cpu/cpu13/cache/index1/level
[19:03:02] [main/DEBUG] (oshi.util.FileUtil) Reading file /sys/devices/system/cpu/cpu13/cache/index1/type
[19:03:02] [main/DEBUG] (oshi.util.FileUtil) Reading file /sys/devices/system/cpu/cpu13/cache/index1/type
[19:03:02] [main/DEBUG] (oshi.util.FileUtil) Reading file /sys/devices/system/cpu/cpu13/cache/index1/ways_of_associativity
[19:03:02] [main/DEBUG] (oshi.util.FileUtil) Reading file /sys/devices/system/cpu/cpu13/cache/index1/ways_of_associativity
[19:03:02] [main/DEBUG] (oshi.util.FileUtil) Reading file /sys/devices/system/cpu/cpu13/cache/index1/coherency_line_size
[19:03:02] [main/DEBUG] (oshi.util.FileUtil) Reading file /sys/devices/system/cpu/cpu13/cache/index1/coherency_line_size
[19:03:02] [main/DEBUG] (oshi.util.FileUtil) Reading file /sys/devices/system/cpu/cpu13/cache/index1/size
[19:03:02] [main/DEBUG] (oshi.util.FileUtil) Reading file /sys/devices/system/cpu/cpu13/cache/index1/size
[19:03:02] [main/DEBUG] (oshi.util.FileUtil) Reading file /sys/devices/system/cpu/cpu14/topology/core_id
[19:03:02] [main/DEBUG] (oshi.util.FileUtil) Reading file /sys/devices/system/cpu/cpu14/topology/core_id
[19:03:02] [main/DEBUG] (oshi.util.FileUtil) Reading file /sys/devices/system/cpu/cpu14/topology/physical_package_id
[19:03:02] [main/DEBUG] (oshi.util.FileUtil) Reading file /sys/devices/system/cpu/cpu14/topology/physical_package_id
[19:03:02] [main/DEBUG] (oshi.util.FileUtil) Reading file /sys/devices/system/cpu/cpu14/cpu_capacity
[19:03:02] [main/DEBUG] (oshi.util.FileUtil) Reading file /sys/devices/system/cpu/cpu14/cache/index2/level
[19:03:02] [main/DEBUG] (oshi.util.FileUtil) Reading file /sys/devices/system/cpu/cpu14/cache/index2/level
[19:03:02] [main/DEBUG] (oshi.util.FileUtil) Reading file /sys/devices/system/cpu/cpu14/cache/index2/type
[19:03:02] [main/DEBUG] (oshi.util.FileUtil) Reading file /sys/devices/system/cpu/cpu14/cache/index2/type
[19:03:02] [main/DEBUG] (oshi.util.FileUtil) Reading file /sys/devices/system/cpu/cpu14/cache/index2/ways_of_associativity
[19:03:02] [main/DEBUG] (oshi.util.FileUtil) Reading file /sys/devices/system/cpu/cpu14/cache/index2/ways_of_associativity
[19:03:02] [main/DEBUG] (oshi.util.FileUtil) Reading file /sys/devices/system/cpu/cpu14/cache/index2/coherency_line_size
[19:03:02] [main/DEBUG] (oshi.util.FileUtil) Reading file /sys/devices/system/cpu/cpu14/cache/index2/coherency_line_size
[19:03:02] [main/DEBUG] (oshi.util.FileUtil) Reading file /sys/devices/system/cpu/cpu14/cache/index2/size
[19:03:02] [main/DEBUG] (oshi.util.FileUtil) Reading file /sys/devices/system/cpu/cpu14/cache/index2/size
[19:03:02] [main/DEBUG] (oshi.util.FileUtil) Reading file /sys/devices/system/cpu/cpu14/cache/index0/level
[19:03:02] [main/DEBUG] (oshi.util.FileUtil) Reading file /sys/devices/system/cpu/cpu14/cache/index0/level
[19:03:02] [main/DEBUG] (oshi.util.FileUtil) Reading file /sys/devices/system/cpu/cpu14/cache/index0/type
[19:03:02] [main/DEBUG] (oshi.util.FileUtil) Reading file /sys/devices/system/cpu/cpu14/cache/index0/type
[19:03:02] [main/DEBUG] (oshi.util.FileUtil) Reading file /sys/devices/system/cpu/cpu14/cache/index0/ways_of_associativity
[19:03:02] [main/DEBUG] (oshi.util.FileUtil) Reading file /sys/devices/system/cpu/cpu14/cache/index0/ways_of_associativity
[19:03:02] [main/DEBUG] (oshi.util.FileUtil) Reading file /sys/devices/system/cpu/cpu14/cache/index0/coherency_line_size
[19:03:02] [main/DEBUG] (oshi.util.FileUtil) Reading file /sys/devices/system/cpu/cpu14/cache/index0/coherency_line_size
[19:03:02] [main/DEBUG] (oshi.util.FileUtil) Reading file /sys/devices/system/cpu/cpu14/cache/index0/size
[19:03:02] [main/DEBUG] (oshi.util.FileUtil) Reading file /sys/devices/system/cpu/cpu14/cache/index0/size
[19:03:02] [main/DEBUG] (oshi.util.FileUtil) Reading file /sys/devices/system/cpu/cpu14/cache/index3/level
[19:03:02] [main/DEBUG] (oshi.util.FileUtil) Reading file /sys/devices/system/cpu/cpu14/cache/index3/level
[19:03:02] [main/DEBUG] (oshi.util.FileUtil) Reading file /sys/devices/system/cpu/cpu14/cache/index3/type
[19:03:02] [main/DEBUG] (oshi.util.FileUtil) Reading file /sys/devices/system/cpu/cpu14/cache/index3/type
[19:03:02] [main/DEBUG] (oshi.util.FileUtil) Reading file /sys/devices/system/cpu/cpu14/cache/index3/ways_of_associativity
[19:03:02] [main/DEBUG] (oshi.util.FileUtil) Reading file /sys/devices/system/cpu/cpu14/cache/index3/ways_of_associativity
[19:03:02] [main/DEBUG] (oshi.util.FileUtil) Reading file /sys/devices/system/cpu/cpu14/cache/index3/coherency_line_size
[19:03:02] [main/DEBUG] (oshi.util.FileUtil) Reading file /sys/devices/system/cpu/cpu14/cache/index3/coherency_line_size
[19:03:02] [main/DEBUG] (oshi.util.FileUtil) Reading file /sys/devices/system/cpu/cpu14/cache/index3/size
[19:03:02] [main/DEBUG] (oshi.util.FileUtil) Reading file /sys/devices/system/cpu/cpu14/cache/index3/size
[19:03:02] [main/DEBUG] (oshi.util.FileUtil) Reading file /sys/devices/system/cpu/cpu14/cache/index1/level
[19:03:02] [main/DEBUG] (oshi.util.FileUtil) Reading file /sys/devices/system/cpu/cpu14/cache/index1/level
[19:03:02] [main/DEBUG] (oshi.util.FileUtil) Reading file /sys/devices/system/cpu/cpu14/cache/index1/type
[19:03:02] [main/DEBUG] (oshi.util.FileUtil) Reading file /sys/devices/system/cpu/cpu14/cache/index1/type
[19:03:02] [main/DEBUG] (oshi.util.FileUtil) Reading file /sys/devices/system/cpu/cpu14/cache/index1/ways_of_associativity
[19:03:02] [main/DEBUG] (oshi.util.FileUtil) Reading file /sys/devices/system/cpu/cpu14/cache/index1/ways_of_associativity
[19:03:02] [main/DEBUG] (oshi.util.FileUtil) Reading file /sys/devices/system/cpu/cpu14/cache/index1/coherency_line_size
[19:03:02] [main/DEBUG] (oshi.util.FileUtil) Reading file /sys/devices/system/cpu/cpu14/cache/index1/coherency_line_size
[19:03:02] [main/DEBUG] (oshi.util.FileUtil) Reading file /sys/devices/system/cpu/cpu14/cache/index1/size
[19:03:02] [main/DEBUG] (oshi.util.FileUtil) Reading file /sys/devices/system/cpu/cpu14/cache/index1/size
[19:03:02] [main/DEBUG] (oshi.util.FileUtil) Reading file /sys/devices/system/cpu/cpu15/topology/core_id
[19:03:02] [main/DEBUG] (oshi.util.FileUtil) Reading file /sys/devices/system/cpu/cpu15/topology/core_id
[19:03:02] [main/DEBUG] (oshi.util.FileUtil) Reading file /sys/devices/system/cpu/cpu15/topology/physical_package_id
[19:03:02] [main/DEBUG] (oshi.util.FileUtil) Reading file /sys/devices/system/cpu/cpu15/topology/physical_package_id
[19:03:02] [main/DEBUG] (oshi.util.FileUtil) Reading file /sys/devices/system/cpu/cpu15/cpu_capacity
[19:03:02] [main/DEBUG] (oshi.util.FileUtil) Reading file /sys/devices/system/cpu/cpu15/cache/index2/level
[19:03:02] [main/DEBUG] (oshi.util.FileUtil) Reading file /sys/devices/system/cpu/cpu15/cache/index2/level
[19:03:02] [main/DEBUG] (oshi.util.FileUtil) Reading file /sys/devices/system/cpu/cpu15/cache/index2/type
[19:03:02] [main/DEBUG] (oshi.util.FileUtil) Reading file /sys/devices/system/cpu/cpu15/cache/index2/type
[19:03:02] [main/DEBUG] (oshi.util.FileUtil) Reading file /sys/devices/system/cpu/cpu15/cache/index2/ways_of_associativity
[19:03:02] [main/DEBUG] (oshi.util.FileUtil) Reading file /sys/devices/system/cpu/cpu15/cache/index2/ways_of_associativity
[19:03:02] [main/DEBUG] (oshi.util.FileUtil) Reading file /sys/devices/system/cpu/cpu15/cache/index2/coherency_line_size
[19:03:02] [main/DEBUG] (oshi.util.FileUtil) Reading file /sys/devices/system/cpu/cpu15/cache/index2/coherency_line_size
[19:03:02] [main/DEBUG] (oshi.util.FileUtil) Reading file /sys/devices/system/cpu/cpu15/cache/index2/size
[19:03:02] [main/DEBUG] (oshi.util.FileUtil) Reading file /sys/devices/system/cpu/cpu15/cache/index2/size
[19:03:02] [main/DEBUG] (oshi.util.FileUtil) Reading file /sys/devices/system/cpu/cpu15/cache/index0/level
[19:03:02] [main/DEBUG] (oshi.util.FileUtil) Reading file /sys/devices/system/cpu/cpu15/cache/index0/level
[19:03:02] [main/DEBUG] (oshi.util.FileUtil) Reading file /sys/devices/system/cpu/cpu15/cache/index0/type
[19:03:02] [main/DEBUG] (oshi.util.FileUtil) Reading file /sys/devices/system/cpu/cpu15/cache/index0/type
[19:03:02] [main/DEBUG] (oshi.util.FileUtil) Reading file /sys/devices/system/cpu/cpu15/cache/index0/ways_of_associativity
[19:03:02] [main/DEBUG] (oshi.util.FileUtil) Reading file /sys/devices/system/cpu/cpu15/cache/index0/ways_of_associativity
[19:03:02] [main/DEBUG] (oshi.util.FileUtil) Reading file /sys/devices/system/cpu/cpu15/cache/index0/coherency_line_size
[19:03:02] [main/DEBUG] (oshi.util.FileUtil) Reading file /sys/devices/system/cpu/cpu15/cache/index0/coherency_line_size
[19:03:02] [main/DEBUG] (oshi.util.FileUtil) Reading file /sys/devices/system/cpu/cpu15/cache/index0/size
[19:03:02] [main/DEBUG] (oshi.util.FileUtil) Reading file /sys/devices/system/cpu/cpu15/cache/index0/size
[19:03:02] [main/DEBUG] (oshi.util.FileUtil) Reading file /sys/devices/system/cpu/cpu15/cache/index3/level
[19:03:02] [main/DEBUG] (oshi.util.FileUtil) Reading file /sys/devices/system/cpu/cpu15/cache/index3/level
[19:03:02] [main/DEBUG] (oshi.util.FileUtil) Reading file /sys/devices/system/cpu/cpu15/cache/index3/type
[19:03:02] [main/DEBUG] (oshi.util.FileUtil) Reading file /sys/devices/system/cpu/cpu15/cache/index3/type
[19:03:02] [main/DEBUG] (oshi.util.FileUtil) Reading file /sys/devices/system/cpu/cpu15/cache/index3/ways_of_associativity
[19:03:02] [main/DEBUG] (oshi.util.FileUtil) Reading file /sys/devices/system/cpu/cpu15/cache/index3/ways_of_associativity
[19:03:02] [main/DEBUG] (oshi.util.FileUtil) Reading file /sys/devices/system/cpu/cpu15/cache/index3/coherency_line_size
[19:03:02] [main/DEBUG] (oshi.util.FileUtil) Reading file /sys/devices/system/cpu/cpu15/cache/index3/coherency_line_size
[19:03:02] [main/DEBUG] (oshi.util.FileUtil) Reading file /sys/devices/system/cpu/cpu15/cache/index3/size
[19:03:02] [main/DEBUG] (oshi.util.FileUtil) Reading file /sys/devices/system/cpu/cpu15/cache/index3/size
[19:03:02] [main/DEBUG] (oshi.util.FileUtil) Reading file /sys/devices/system/cpu/cpu15/cache/index1/level
[19:03:02] [main/DEBUG] (oshi.util.FileUtil) Reading file /sys/devices/system/cpu/cpu15/cache/index1/level
[19:03:02] [main/DEBUG] (oshi.util.FileUtil) Reading file /sys/devices/system/cpu/cpu15/cache/index1/type
[19:03:02] [main/DEBUG] (oshi.util.FileUtil) Reading file /sys/devices/system/cpu/cpu15/cache/index1/type
[19:03:02] [main/DEBUG] (oshi.util.FileUtil) Reading file /sys/devices/system/cpu/cpu15/cache/index1/ways_of_associativity
[19:03:02] [main/DEBUG] (oshi.util.FileUtil) Reading file /sys/devices/system/cpu/cpu15/cache/index1/ways_of_associativity
[19:03:02] [main/DEBUG] (oshi.util.FileUtil) Reading file /sys/devices/system/cpu/cpu15/cache/index1/coherency_line_size
[19:03:02] [main/DEBUG] (oshi.util.FileUtil) Reading file /sys/devices/system/cpu/cpu15/cache/index1/coherency_line_size
[19:03:02] [main/DEBUG] (oshi.util.FileUtil) Reading file /sys/devices/system/cpu/cpu15/cache/index1/size
[19:03:02] [main/DEBUG] (oshi.util.FileUtil) Reading file /sys/devices/system/cpu/cpu15/cache/index1/size
[19:03:02] [main/DEBUG] (oshi.util.FileUtil) Reading file /sys/devices/system/cpu/cpu16/topology/core_id
[19:03:02] [main/DEBUG] (oshi.util.FileUtil) Reading file /sys/devices/system/cpu/cpu16/topology/core_id
[19:03:02] [main/DEBUG] (oshi.util.FileUtil) Reading file /sys/devices/system/cpu/cpu16/topology/physical_package_id
[19:03:02] [main/DEBUG] (oshi.util.FileUtil) Reading file /sys/devices/system/cpu/cpu16/topology/physical_package_id
[19:03:02] [main/DEBUG] (oshi.util.FileUtil) Reading file /sys/devices/system/cpu/cpu16/cpu_capacity
[19:03:02] [main/DEBUG] (oshi.util.FileUtil) Reading file /sys/devices/system/cpu/cpu16/cache/index2/level
[19:03:02] [main/DEBUG] (oshi.util.FileUtil) Reading file /sys/devices/system/cpu/cpu16/cache/index2/level
[19:03:02] [main/DEBUG] (oshi.util.FileUtil) Reading file /sys/devices/system/cpu/cpu16/cache/index2/type
[19:03:02] [main/DEBUG] (oshi.util.FileUtil) Reading file /sys/devices/system/cpu/cpu16/cache/index2/type
[19:03:02] [main/DEBUG] (oshi.util.FileUtil) Reading file /sys/devices/system/cpu/cpu16/cache/index2/ways_of_associativity
[19:03:02] [main/DEBUG] (oshi.util.FileUtil) Reading file /sys/devices/system/cpu/cpu16/cache/index2/ways_of_associativity
[19:03:02] [main/DEBUG] (oshi.util.FileUtil) Reading file /sys/devices/system/cpu/cpu16/cache/index2/coherency_line_size
[19:03:02] [main/DEBUG] (oshi.util.FileUtil) Reading file /sys/devices/system/cpu/cpu16/cache/index2/coherency_line_size
[19:03:02] [main/DEBUG] (oshi.util.FileUtil) Reading file /sys/devices/system/cpu/cpu16/cache/index2/size
[19:03:02] [main/DEBUG] (oshi.util.FileUtil) Reading file /sys/devices/system/cpu/cpu16/cache/index2/size
[19:03:02] [main/DEBUG] (oshi.util.FileUtil) Reading file /sys/devices/system/cpu/cpu16/cache/index0/level
[19:03:02] [main/DEBUG] (oshi.util.FileUtil) Reading file /sys/devices/system/cpu/cpu16/cache/index0/level
[19:03:02] [main/DEBUG] (oshi.util.FileUtil) Reading file /sys/devices/system/cpu/cpu16/cache/index0/type
[19:03:02] [main/DEBUG] (oshi.util.FileUtil) Reading file /sys/devices/system/cpu/cpu16/cache/index0/type
[19:03:02] [main/DEBUG] (oshi.util.FileUtil) Reading file /sys/devices/system/cpu/cpu16/cache/index0/ways_of_associativity
[19:03:02] [main/DEBUG] (oshi.util.FileUtil) Reading file /sys/devices/system/cpu/cpu16/cache/index0/ways_of_associativity
[19:03:02] [main/DEBUG] (oshi.util.FileUtil) Reading file /sys/devices/system/cpu/cpu16/cache/index0/coherency_line_size
[19:03:02] [main/DEBUG] (oshi.util.FileUtil) Reading file /sys/devices/system/cpu/cpu16/cache/index0/coherency_line_size
[19:03:02] [main/DEBUG] (oshi.util.FileUtil) Reading file /sys/devices/system/cpu/cpu16/cache/index0/size
[19:03:02] [main/DEBUG] (oshi.util.FileUtil) Reading file /sys/devices/system/cpu/cpu16/cache/index0/size
[19:03:02] [main/DEBUG] (oshi.util.FileUtil) Reading file /sys/devices/system/cpu/cpu16/cache/index3/level
[19:03:02] [main/DEBUG] (oshi.util.FileUtil) Reading file /sys/devices/system/cpu/cpu16/cache/index3/level
[19:03:02] [main/DEBUG] (oshi.util.FileUtil) Reading file /sys/devices/system/cpu/cpu16/cache/index3/type
[19:03:02] [main/DEBUG] (oshi.util.FileUtil) Reading file /sys/devices/system/cpu/cpu16/cache/index3/type
[19:03:02] [main/DEBUG] (oshi.util.FileUtil) Reading file /sys/devices/system/cpu/cpu16/cache/index3/ways_of_associativity
[19:03:02] [main/DEBUG] (oshi.util.FileUtil) Reading file /sys/devices/system/cpu/cpu16/cache/index3/ways_of_associativity
[19:03:02] [main/DEBUG] (oshi.util.FileUtil) Reading file /sys/devices/system/cpu/cpu16/cache/index3/coherency_line_size
[19:03:02] [main/DEBUG] (oshi.util.FileUtil) Reading file /sys/devices/system/cpu/cpu16/cache/index3/coherency_line_size
[19:03:02] [main/DEBUG] (oshi.util.FileUtil) Reading file /sys/devices/system/cpu/cpu16/cache/index3/size
[19:03:02] [main/DEBUG] (oshi.util.FileUtil) Reading file /sys/devices/system/cpu/cpu16/cache/index3/size
[19:03:02] [main/DEBUG] (oshi.util.FileUtil) Reading file /sys/devices/system/cpu/cpu16/cache/index1/level
[19:03:02] [main/DEBUG] (oshi.util.FileUtil) Reading file /sys/devices/system/cpu/cpu16/cache/index1/level
[19:03:02] [main/DEBUG] (oshi.util.FileUtil) Reading file /sys/devices/system/cpu/cpu16/cache/index1/type
[19:03:02] [main/DEBUG] (oshi.util.FileUtil) Reading file /sys/devices/system/cpu/cpu16/cache/index1/type
[19:03:02] [main/DEBUG] (oshi.util.FileUtil) Reading file /sys/devices/system/cpu/cpu16/cache/index1/ways_of_associativity
[19:03:02] [main/DEBUG] (oshi.util.FileUtil) Reading file /sys/devices/system/cpu/cpu16/cache/index1/ways_of_associativity
[19:03:02] [main/DEBUG] (oshi.util.FileUtil) Reading file /sys/devices/system/cpu/cpu16/cache/index1/coherency_line_size
[19:03:02] [main/DEBUG] (oshi.util.FileUtil) Reading file /sys/devices/system/cpu/cpu16/cache/index1/coherency_line_size
[19:03:02] [main/DEBUG] (oshi.util.FileUtil) Reading file /sys/devices/system/cpu/cpu16/cache/index1/size
[19:03:02] [main/DEBUG] (oshi.util.FileUtil) Reading file /sys/devices/system/cpu/cpu16/cache/index1/size
[19:03:02] [main/DEBUG] (oshi.util.FileUtil) Reading file /sys/devices/system/cpu/cpu17/topology/core_id
[19:03:02] [main/DEBUG] (oshi.util.FileUtil) Reading file /sys/devices/system/cpu/cpu17/topology/core_id
[19:03:02] [main/DEBUG] (oshi.util.FileUtil) Reading file /sys/devices/system/cpu/cpu17/topology/physical_package_id
[19:03:02] [main/DEBUG] (oshi.util.FileUtil) Reading file /sys/devices/system/cpu/cpu17/topology/physical_package_id
[19:03:02] [main/DEBUG] (oshi.util.FileUtil) Reading file /sys/devices/system/cpu/cpu17/cpu_capacity
[19:03:02] [main/DEBUG] (oshi.util.FileUtil) Reading file /sys/devices/system/cpu/cpu17/cache/index2/level
[19:03:02] [main/DEBUG] (oshi.util.FileUtil) Reading file /sys/devices/system/cpu/cpu17/cache/index2/level
[19:03:02] [main/DEBUG] (oshi.util.FileUtil) Reading file /sys/devices/system/cpu/cpu17/cache/index2/type
[19:03:02] [main/DEBUG] (oshi.util.FileUtil) Reading file /sys/devices/system/cpu/cpu17/cache/index2/type
[19:03:02] [main/DEBUG] (oshi.util.FileUtil) Reading file /sys/devices/system/cpu/cpu17/cache/index2/ways_of_associativity
[19:03:02] [main/DEBUG] (oshi.util.FileUtil) Reading file /sys/devices/system/cpu/cpu17/cache/index2/ways_of_associativity
[19:03:02] [main/DEBUG] (oshi.util.FileUtil) Reading file /sys/devices/system/cpu/cpu17/cache/index2/coherency_line_size
[19:03:02] [main/DEBUG] (oshi.util.FileUtil) Reading file /sys/devices/system/cpu/cpu17/cache/index2/coherency_line_size
[19:03:02] [main/DEBUG] (oshi.util.FileUtil) Reading file /sys/devices/system/cpu/cpu17/cache/index2/size
[19:03:02] [main/DEBUG] (oshi.util.FileUtil) Reading file /sys/devices/system/cpu/cpu17/cache/index2/size
[19:03:02] [main/DEBUG] (oshi.util.FileUtil) Reading file /sys/devices/system/cpu/cpu17/cache/index0/level
[19:03:02] [main/DEBUG] (oshi.util.FileUtil) Reading file /sys/devices/system/cpu/cpu17/cache/index0/level
[19:03:02] [main/DEBUG] (oshi.util.FileUtil) Reading file /sys/devices/system/cpu/cpu17/cache/index0/type
[19:03:02] [main/DEBUG] (oshi.util.FileUtil) Reading file /sys/devices/system/cpu/cpu17/cache/index0/type
[19:03:02] [main/DEBUG] (oshi.util.FileUtil) Reading file /sys/devices/system/cpu/cpu17/cache/index0/ways_of_associativity
[19:03:02] [main/DEBUG] (oshi.util.FileUtil) Reading file /sys/devices/system/cpu/cpu17/cache/index0/ways_of_associativity
[19:03:02] [main/DEBUG] (oshi.util.FileUtil) Reading file /sys/devices/system/cpu/cpu17/cache/index0/coherency_line_size
[19:03:02] [main/DEBUG] (oshi.util.FileUtil) Reading file /sys/devices/system/cpu/cpu17/cache/index0/coherency_line_size
[19:03:02] [main/DEBUG] (oshi.util.FileUtil) Reading file /sys/devices/system/cpu/cpu17/cache/index0/size
[19:03:02] [main/DEBUG] (oshi.util.FileUtil) Reading file /sys/devices/system/cpu/cpu17/cache/index0/size
[19:03:02] [main/DEBUG] (oshi.util.FileUtil) Reading file /sys/devices/system/cpu/cpu17/cache/index3/level
[19:03:02] [main/DEBUG] (oshi.util.FileUtil) Reading file /sys/devices/system/cpu/cpu17/cache/index3/level
[19:03:02] [main/DEBUG] (oshi.util.FileUtil) Reading file /sys/devices/system/cpu/cpu17/cache/index3/type
[19:03:02] [main/DEBUG] (oshi.util.FileUtil) Reading file /sys/devices/system/cpu/cpu17/cache/index3/type
[19:03:02] [main/DEBUG] (oshi.util.FileUtil) Reading file /sys/devices/system/cpu/cpu17/cache/index3/ways_of_associativity
[19:03:02] [main/DEBUG] (oshi.util.FileUtil) Reading file /sys/devices/system/cpu/cpu17/cache/index3/ways_of_associativity
[19:03:02] [main/DEBUG] (oshi.util.FileUtil) Reading file /sys/devices/system/cpu/cpu17/cache/index3/coherency_line_size
[19:03:02] [main/DEBUG] (oshi.util.FileUtil) Reading file /sys/devices/system/cpu/cpu17/cache/index3/coherency_line_size
[19:03:02] [main/DEBUG] (oshi.util.FileUtil) Reading file /sys/devices/system/cpu/cpu17/cache/index3/size
[19:03:02] [main/DEBUG] (oshi.util.FileUtil) Reading file /sys/devices/system/cpu/cpu17/cache/index3/size
[19:03:02] [main/DEBUG] (oshi.util.FileUtil) Reading file /sys/devices/system/cpu/cpu17/cache/index1/level
[19:03:02] [main/DEBUG] (oshi.util.FileUtil) Reading file /sys/devices/system/cpu/cpu17/cache/index1/level
[19:03:02] [main/DEBUG] (oshi.util.FileUtil) Reading file /sys/devices/system/cpu/cpu17/cache/index1/type
[19:03:02] [main/DEBUG] (oshi.util.FileUtil) Reading file /sys/devices/system/cpu/cpu17/cache/index1/type
[19:03:02] [main/DEBUG] (oshi.util.FileUtil) Reading file /sys/devices/system/cpu/cpu17/cache/index1/ways_of_associativity
[19:03:02] [main/DEBUG] (oshi.util.FileUtil) Reading file /sys/devices/system/cpu/cpu17/cache/index1/ways_of_associativity
[19:03:02] [main/DEBUG] (oshi.util.FileUtil) Reading file /sys/devices/system/cpu/cpu17/cache/index1/coherency_line_size
[19:03:02] [main/DEBUG] (oshi.util.FileUtil) Reading file /sys/devices/system/cpu/cpu17/cache/index1/coherency_line_size
[19:03:02] [main/DEBUG] (oshi.util.FileUtil) Reading file /sys/devices/system/cpu/cpu17/cache/index1/size
[19:03:02] [main/DEBUG] (oshi.util.FileUtil) Reading file /sys/devices/system/cpu/cpu17/cache/index1/size
[19:03:02] [main/DEBUG] (oshi.util.FileUtil) Reading file /sys/devices/system/cpu/cpu18/topology/core_id
[19:03:02] [main/DEBUG] (oshi.util.FileUtil) Reading file /sys/devices/system/cpu/cpu18/topology/core_id
[19:03:02] [main/DEBUG] (oshi.util.FileUtil) Reading file /sys/devices/system/cpu/cpu18/topology/physical_package_id
[19:03:02] [main/DEBUG] (oshi.util.FileUtil) Reading file /sys/devices/system/cpu/cpu18/topology/physical_package_id
[19:03:02] [main/DEBUG] (oshi.util.FileUtil) Reading file /sys/devices/system/cpu/cpu18/cpu_capacity
[19:03:02] [main/DEBUG] (oshi.util.FileUtil) Reading file /sys/devices/system/cpu/cpu18/cache/index2/level
[19:03:02] [main/DEBUG] (oshi.util.FileUtil) Reading file /sys/devices/system/cpu/cpu18/cache/index2/level
[19:03:02] [main/DEBUG] (oshi.util.FileUtil) Reading file /sys/devices/system/cpu/cpu18/cache/index2/type
[19:03:02] [main/DEBUG] (oshi.util.FileUtil) Reading file /sys/devices/system/cpu/cpu18/cache/index2/type
[19:03:02] [main/DEBUG] (oshi.util.FileUtil) Reading file /sys/devices/system/cpu/cpu18/cache/index2/ways_of_associativity
[19:03:02] [main/DEBUG] (oshi.util.FileUtil) Reading file /sys/devices/system/cpu/cpu18/cache/index2/ways_of_associativity
[19:03:02] [main/DEBUG] (oshi.util.FileUtil) Reading file /sys/devices/system/cpu/cpu18/cache/index2/coherency_line_size
[19:03:02] [main/DEBUG] (oshi.util.FileUtil) Reading file /sys/devices/system/cpu/cpu18/cache/index2/coherency_line_size
[19:03:02] [main/DEBUG] (oshi.util.FileUtil) Reading file /sys/devices/system/cpu/cpu18/cache/index2/size
[19:03:02] [main/DEBUG] (oshi.util.FileUtil) Reading file /sys/devices/system/cpu/cpu18/cache/index2/size
[19:03:02] [main/DEBUG] (oshi.util.FileUtil) Reading file /sys/devices/system/cpu/cpu18/cache/index0/level
[19:03:02] [main/DEBUG] (oshi.util.FileUtil) Reading file /sys/devices/system/cpu/cpu18/cache/index0/level
[19:03:02] [main/DEBUG] (oshi.util.FileUtil) Reading file /sys/devices/system/cpu/cpu18/cache/index0/type
[19:03:02] [main/DEBUG] (oshi.util.FileUtil) Reading file /sys/devices/system/cpu/cpu18/cache/index0/type
[19:03:02] [main/DEBUG] (oshi.util.FileUtil) Reading file /sys/devices/system/cpu/cpu18/cache/index0/ways_of_associativity
[19:03:02] [main/DEBUG] (oshi.util.FileUtil) Reading file /sys/devices/system/cpu/cpu18/cache/index0/ways_of_associativity
[19:03:02] [main/DEBUG] (oshi.util.FileUtil) Reading file /sys/devices/system/cpu/cpu18/cache/index0/coherency_line_size
[19:03:02] [main/DEBUG] (oshi.util.FileUtil) Reading file /sys/devices/system/cpu/cpu18/cache/index0/coherency_line_size
[19:03:02] [main/DEBUG] (oshi.util.FileUtil) Reading file /sys/devices/system/cpu/cpu18/cache/index0/size
[19:03:02] [main/DEBUG] (oshi.util.FileUtil) Reading file /sys/devices/system/cpu/cpu18/cache/index0/size
[19:03:02] [main/DEBUG] (oshi.util.FileUtil) Reading file /sys/devices/system/cpu/cpu18/cache/index3/level
[19:03:02] [main/DEBUG] (oshi.util.FileUtil) Reading file /sys/devices/system/cpu/cpu18/cache/index3/level
[19:03:02] [main/DEBUG] (oshi.util.FileUtil) Reading file /sys/devices/system/cpu/cpu18/cache/index3/type
[19:03:02] [main/DEBUG] (oshi.util.FileUtil) Reading file /sys/devices/system/cpu/cpu18/cache/index3/type
[19:03:02] [main/DEBUG] (oshi.util.FileUtil) Reading file /sys/devices/system/cpu/cpu18/cache/index3/ways_of_associativity
[19:03:02] [main/DEBUG] (oshi.util.FileUtil) Reading file /sys/devices/system/cpu/cpu18/cache/index3/ways_of_associativity
[19:03:02] [main/DEBUG] (oshi.util.FileUtil) Reading file /sys/devices/system/cpu/cpu18/cache/index3/coherency_line_size
[19:03:02] [main/DEBUG] (oshi.util.FileUtil) Reading file /sys/devices/system/cpu/cpu18/cache/index3/coherency_line_size
[19:03:02] [main/DEBUG] (oshi.util.FileUtil) Reading file /sys/devices/system/cpu/cpu18/cache/index3/size
[19:03:02] [main/DEBUG] (oshi.util.FileUtil) Reading file /sys/devices/system/cpu/cpu18/cache/index3/size
[19:03:02] [main/DEBUG] (oshi.util.FileUtil) Reading file /sys/devices/system/cpu/cpu18/cache/index1/level
[19:03:02] [main/DEBUG] (oshi.util.FileUtil) Reading file /sys/devices/system/cpu/cpu18/cache/index1/level
[19:03:02] [main/DEBUG] (oshi.util.FileUtil) Reading file /sys/devices/system/cpu/cpu18/cache/index1/type
[19:03:02] [main/DEBUG] (oshi.util.FileUtil) Reading file /sys/devices/system/cpu/cpu18/cache/index1/type
[19:03:02] [main/DEBUG] (oshi.util.FileUtil) Reading file /sys/devices/system/cpu/cpu18/cache/index1/ways_of_associativity
[19:03:02] [main/DEBUG] (oshi.util.FileUtil) Reading file /sys/devices/system/cpu/cpu18/cache/index1/ways_of_associativity
[19:03:02] [main/DEBUG] (oshi.util.FileUtil) Reading file /sys/devices/system/cpu/cpu18/cache/index1/coherency_line_size
[19:03:02] [main/DEBUG] (oshi.util.FileUtil) Reading file /sys/devices/system/cpu/cpu18/cache/index1/coherency_line_size
[19:03:02] [main/DEBUG] (oshi.util.FileUtil) Reading file /sys/devices/system/cpu/cpu18/cache/index1/size
[19:03:02] [main/DEBUG] (oshi.util.FileUtil) Reading file /sys/devices/system/cpu/cpu18/cache/index1/size
[19:03:02] [main/DEBUG] (oshi.util.FileUtil) Reading file /sys/devices/system/cpu/cpu19/topology/core_id
[19:03:02] [main/DEBUG] (oshi.util.FileUtil) Reading file /sys/devices/system/cpu/cpu19/topology/core_id
[19:03:02] [main/DEBUG] (oshi.util.FileUtil) Reading file /sys/devices/system/cpu/cpu19/topology/physical_package_id
[19:03:02] [main/DEBUG] (oshi.util.FileUtil) Reading file /sys/devices/system/cpu/cpu19/topology/physical_package_id
[19:03:02] [main/DEBUG] (oshi.util.FileUtil) Reading file /sys/devices/system/cpu/cpu19/cpu_capacity
[19:03:02] [main/DEBUG] (oshi.util.FileUtil) Reading file /sys/devices/system/cpu/cpu19/cache/index2/level
[19:03:02] [main/DEBUG] (oshi.util.FileUtil) Reading file /sys/devices/system/cpu/cpu19/cache/index2/level
[19:03:02] [main/DEBUG] (oshi.util.FileUtil) Reading file /sys/devices/system/cpu/cpu19/cache/index2/type
[19:03:02] [main/DEBUG] (oshi.util.FileUtil) Reading file /sys/devices/system/cpu/cpu19/cache/index2/type
[19:03:02] [main/DEBUG] (oshi.util.FileUtil) Reading file /sys/devices/system/cpu/cpu19/cache/index2/ways_of_associativity
[19:03:02] [main/DEBUG] (oshi.util.FileUtil) Reading file /sys/devices/system/cpu/cpu19/cache/index2/ways_of_associativity
[19:03:02] [main/DEBUG] (oshi.util.FileUtil) Reading file /sys/devices/system/cpu/cpu19/cache/index2/coherency_line_size
[19:03:02] [main/DEBUG] (oshi.util.FileUtil) Reading file /sys/devices/system/cpu/cpu19/cache/index2/coherency_line_size
[19:03:02] [main/DEBUG] (oshi.util.FileUtil) Reading file /sys/devices/system/cpu/cpu19/cache/index2/size
[19:03:02] [main/DEBUG] (oshi.util.FileUtil) Reading file /sys/devices/system/cpu/cpu19/cache/index2/size
[19:03:02] [main/DEBUG] (oshi.util.FileUtil) Reading file /sys/devices/system/cpu/cpu19/cache/index0/level
[19:03:02] [main/DEBUG] (oshi.util.FileUtil) Reading file /sys/devices/system/cpu/cpu19/cache/index0/level
[19:03:02] [main/DEBUG] (oshi.util.FileUtil) Reading file /sys/devices/system/cpu/cpu19/cache/index0/type
[19:03:02] [main/DEBUG] (oshi.util.FileUtil) Reading file /sys/devices/system/cpu/cpu19/cache/index0/type
[19:03:02] [main/DEBUG] (oshi.util.FileUtil) Reading file /sys/devices/system/cpu/cpu19/cache/index0/ways_of_associativity
[19:03:02] [main/DEBUG] (oshi.util.FileUtil) Reading file /sys/devices/system/cpu/cpu19/cache/index0/ways_of_associativity
[19:03:02] [main/DEBUG] (oshi.util.FileUtil) Reading file /sys/devices/system/cpu/cpu19/cache/index0/coherency_line_size
[19:03:02] [main/DEBUG] (oshi.util.FileUtil) Reading file /sys/devices/system/cpu/cpu19/cache/index0/coherency_line_size
[19:03:02] [main/DEBUG] (oshi.util.FileUtil) Reading file /sys/devices/system/cpu/cpu19/cache/index0/size
[19:03:02] [main/DEBUG] (oshi.util.FileUtil) Reading file /sys/devices/system/cpu/cpu19/cache/index0/size
[19:03:02] [main/DEBUG] (oshi.util.FileUtil) Reading file /sys/devices/system/cpu/cpu19/cache/index3/level
[19:03:02] [main/DEBUG] (oshi.util.FileUtil) Reading file /sys/devices/system/cpu/cpu19/cache/index3/level
[19:03:02] [main/DEBUG] (oshi.util.FileUtil) Reading file /sys/devices/system/cpu/cpu19/cache/index3/type
[19:03:02] [main/DEBUG] (oshi.util.FileUtil) Reading file /sys/devices/system/cpu/cpu19/cache/index3/type
[19:03:02] [main/DEBUG] (oshi.util.FileUtil) Reading file /sys/devices/system/cpu/cpu19/cache/index3/ways_of_associativity
[19:03:02] [main/DEBUG] (oshi.util.FileUtil) Reading file /sys/devices/system/cpu/cpu19/cache/index3/ways_of_associativity
[19:03:02] [main/DEBUG] (oshi.util.FileUtil) Reading file /sys/devices/system/cpu/cpu19/cache/index3/coherency_line_size
[19:03:02] [main/DEBUG] (oshi.util.FileUtil) Reading file /sys/devices/system/cpu/cpu19/cache/index3/coherency_line_size
[19:03:02] [main/DEBUG] (oshi.util.FileUtil) Reading file /sys/devices/system/cpu/cpu19/cache/index3/size
[19:03:02] [main/DEBUG] (oshi.util.FileUtil) Reading file /sys/devices/system/cpu/cpu19/cache/index3/size
[19:03:02] [main/DEBUG] (oshi.util.FileUtil) Reading file /sys/devices/system/cpu/cpu19/cache/index1/level
[19:03:02] [main/DEBUG] (oshi.util.FileUtil) Reading file /sys/devices/system/cpu/cpu19/cache/index1/level
[19:03:02] [main/DEBUG] (oshi.util.FileUtil) Reading file /sys/devices/system/cpu/cpu19/cache/index1/type
[19:03:02] [main/DEBUG] (oshi.util.FileUtil) Reading file /sys/devices/system/cpu/cpu19/cache/index1/type
[19:03:02] [main/DEBUG] (oshi.util.FileUtil) Reading file /sys/devices/system/cpu/cpu19/cache/index1/ways_of_associativity
[19:03:02] [main/DEBUG] (oshi.util.FileUtil) Reading file /sys/devices/system/cpu/cpu19/cache/index1/ways_of_associativity
[19:03:02] [main/DEBUG] (oshi.util.FileUtil) Reading file /sys/devices/system/cpu/cpu19/cache/index1/coherency_line_size
[19:03:02] [main/DEBUG] (oshi.util.FileUtil) Reading file /sys/devices/system/cpu/cpu19/cache/index1/coherency_line_size
[19:03:02] [main/DEBUG] (oshi.util.FileUtil) Reading file /sys/devices/system/cpu/cpu19/cache/index1/size
[19:03:02] [main/DEBUG] (oshi.util.FileUtil) Reading file /sys/devices/system/cpu/cpu19/cache/index1/size
[19:03:02] [main/DEBUG] (oshi.util.FileUtil) Reading file /sys/devices/system/cpu/cpu2/topology/core_id
[19:03:02] [main/DEBUG] (oshi.util.FileUtil) Reading file /sys/devices/system/cpu/cpu2/topology/core_id
[19:03:02] [main/DEBUG] (oshi.util.FileUtil) Reading file /sys/devices/system/cpu/cpu2/topology/physical_package_id
[19:03:02] [main/DEBUG] (oshi.util.FileUtil) Reading file /sys/devices/system/cpu/cpu2/topology/physical_package_id
[19:03:02] [main/DEBUG] (oshi.util.FileUtil) Reading file /sys/devices/system/cpu/cpu2/cpu_capacity
[19:03:02] [main/DEBUG] (oshi.util.FileUtil) Reading file /sys/devices/system/cpu/cpu2/cache/index2/level
[19:03:02] [main/DEBUG] (oshi.util.FileUtil) Reading file /sys/devices/system/cpu/cpu2/cache/index2/level
[19:03:02] [main/DEBUG] (oshi.util.FileUtil) Reading file /sys/devices/system/cpu/cpu2/cache/index2/type
[19:03:02] [main/DEBUG] (oshi.util.FileUtil) Reading file /sys/devices/system/cpu/cpu2/cache/index2/type
[19:03:02] [main/DEBUG] (oshi.util.FileUtil) Reading file /sys/devices/system/cpu/cpu2/cache/index2/ways_of_associativity
[19:03:02] [main/DEBUG] (oshi.util.FileUtil) Reading file /sys/devices/system/cpu/cpu2/cache/index2/ways_of_associativity
[19:03:02] [main/DEBUG] (oshi.util.FileUtil) Reading file /sys/devices/system/cpu/cpu2/cache/index2/coherency_line_size
[19:03:02] [main/DEBUG] (oshi.util.FileUtil) Reading file /sys/devices/system/cpu/cpu2/cache/index2/coherency_line_size
[19:03:02] [main/DEBUG] (oshi.util.FileUtil) Reading file /sys/devices/system/cpu/cpu2/cache/index2/size
[19:03:02] [main/DEBUG] (oshi.util.FileUtil) Reading file /sys/devices/system/cpu/cpu2/cache/index2/size
[19:03:02] [main/DEBUG] (oshi.util.FileUtil) Reading file /sys/devices/system/cpu/cpu2/cache/index0/level
[19:03:02] [main/DEBUG] (oshi.util.FileUtil) Reading file /sys/devices/system/cpu/cpu2/cache/index0/level
[19:03:02] [main/DEBUG] (oshi.util.FileUtil) Reading file /sys/devices/system/cpu/cpu2/cache/index0/type
[19:03:02] [main/DEBUG] (oshi.util.FileUtil) Reading file /sys/devices/system/cpu/cpu2/cache/index0/type
[19:03:02] [main/DEBUG] (oshi.util.FileUtil) Reading file /sys/devices/system/cpu/cpu2/cache/index0/ways_of_associativity
[19:03:02] [main/DEBUG] (oshi.util.FileUtil) Reading file /sys/devices/system/cpu/cpu2/cache/index0/ways_of_associativity
[19:03:02] [main/DEBUG] (oshi.util.FileUtil) Reading file /sys/devices/system/cpu/cpu2/cache/index0/coherency_line_size
[19:03:02] [main/DEBUG] (oshi.util.FileUtil) Reading file /sys/devices/system/cpu/cpu2/cache/index0/coherency_line_size
[19:03:02] [main/DEBUG] (oshi.util.FileUtil) Reading file /sys/devices/system/cpu/cpu2/cache/index0/size
[19:03:02] [main/DEBUG] (oshi.util.FileUtil) Reading file /sys/devices/system/cpu/cpu2/cache/index0/size
[19:03:02] [main/DEBUG] (oshi.util.FileUtil) Reading file /sys/devices/system/cpu/cpu2/cache/index3/level
[19:03:02] [main/DEBUG] (oshi.util.FileUtil) Reading file /sys/devices/system/cpu/cpu2/cache/index3/level
[19:03:02] [main/DEBUG] (oshi.util.FileUtil) Reading file /sys/devices/system/cpu/cpu2/cache/index3/type
[19:03:02] [main/DEBUG] (oshi.util.FileUtil) Reading file /sys/devices/system/cpu/cpu2/cache/index3/type
[19:03:02] [main/DEBUG] (oshi.util.FileUtil) Reading file /sys/devices/system/cpu/cpu2/cache/index3/ways_of_associativity
[19:03:02] [main/DEBUG] (oshi.util.FileUtil) Reading file /sys/devices/system/cpu/cpu2/cache/index3/ways_of_associativity
[19:03:02] [main/DEBUG] (oshi.util.FileUtil) Reading file /sys/devices/system/cpu/cpu2/cache/index3/coherency_line_size
[19:03:02] [main/DEBUG] (oshi.util.FileUtil) Reading file /sys/devices/system/cpu/cpu2/cache/index3/coherency_line_size
[19:03:02] [main/DEBUG] (oshi.util.FileUtil) Reading file /sys/devices/system/cpu/cpu2/cache/index3/size
[19:03:02] [main/DEBUG] (oshi.util.FileUtil) Reading file /sys/devices/system/cpu/cpu2/cache/index3/size
[19:03:02] [main/DEBUG] (oshi.util.FileUtil) Reading file /sys/devices/system/cpu/cpu2/cache/index1/level
[19:03:02] [main/DEBUG] (oshi.util.FileUtil) Reading file /sys/devices/system/cpu/cpu2/cache/index1/level
[19:03:02] [main/DEBUG] (oshi.util.FileUtil) Reading file /sys/devices/system/cpu/cpu2/cache/index1/type
[19:03:02] [main/DEBUG] (oshi.util.FileUtil) Reading file /sys/devices/system/cpu/cpu2/cache/index1/type
[19:03:02] [main/DEBUG] (oshi.util.FileUtil) Reading file /sys/devices/system/cpu/cpu2/cache/index1/ways_of_associativity
[19:03:02] [main/DEBUG] (oshi.util.FileUtil) Reading file /sys/devices/system/cpu/cpu2/cache/index1/ways_of_associativity
[19:03:02] [main/DEBUG] (oshi.util.FileUtil) Reading file /sys/devices/system/cpu/cpu2/cache/index1/coherency_line_size
[19:03:02] [main/DEBUG] (oshi.util.FileUtil) Reading file /sys/devices/system/cpu/cpu2/cache/index1/coherency_line_size
[19:03:02] [main/DEBUG] (oshi.util.FileUtil) Reading file /sys/devices/system/cpu/cpu2/cache/index1/size
[19:03:02] [main/DEBUG] (oshi.util.FileUtil) Reading file /sys/devices/system/cpu/cpu2/cache/index1/size
[19:03:02] [main/DEBUG] (oshi.util.FileUtil) Reading file /sys/devices/system/cpu/cpu3/topology/core_id
[19:03:02] [main/DEBUG] (oshi.util.FileUtil) Reading file /sys/devices/system/cpu/cpu3/topology/core_id
[19:03:02] [main/DEBUG] (oshi.util.FileUtil) Reading file /sys/devices/system/cpu/cpu3/topology/physical_package_id
[19:03:02] [main/DEBUG] (oshi.util.FileUtil) Reading file /sys/devices/system/cpu/cpu3/topology/physical_package_id
[19:03:02] [main/DEBUG] (oshi.util.FileUtil) Reading file /sys/devices/system/cpu/cpu3/cpu_capacity
[19:03:02] [main/DEBUG] (oshi.util.FileUtil) Reading file /sys/devices/system/cpu/cpu3/cache/index2/level
[19:03:02] [main/DEBUG] (oshi.util.FileUtil) Reading file /sys/devices/system/cpu/cpu3/cache/index2/level
[19:03:02] [main/DEBUG] (oshi.util.FileUtil) Reading file /sys/devices/system/cpu/cpu3/cache/index2/type
[19:03:02] [main/DEBUG] (oshi.util.FileUtil) Reading file /sys/devices/system/cpu/cpu3/cache/index2/type
[19:03:02] [main/DEBUG] (oshi.util.FileUtil) Reading file /sys/devices/system/cpu/cpu3/cache/index2/ways_of_associativity
[19:03:02] [main/DEBUG] (oshi.util.FileUtil) Reading file /sys/devices/system/cpu/cpu3/cache/index2/ways_of_associativity
[19:03:02] [main/DEBUG] (oshi.util.FileUtil) Reading file /sys/devices/system/cpu/cpu3/cache/index2/coherency_line_size
[19:03:02] [main/DEBUG] (oshi.util.FileUtil) Reading file /sys/devices/system/cpu/cpu3/cache/index2/coherency_line_size
[19:03:02] [main/DEBUG] (oshi.util.FileUtil) Reading file /sys/devices/system/cpu/cpu3/cache/index2/size
[19:03:02] [main/DEBUG] (oshi.util.FileUtil) Reading file /sys/devices/system/cpu/cpu3/cache/index2/size
[19:03:02] [main/DEBUG] (oshi.util.FileUtil) Reading file /sys/devices/system/cpu/cpu3/cache/index0/level
[19:03:02] [main/DEBUG] (oshi.util.FileUtil) Reading file /sys/devices/system/cpu/cpu3/cache/index0/level
[19:03:02] [main/DEBUG] (oshi.util.FileUtil) Reading file /sys/devices/system/cpu/cpu3/cache/index0/type
[19:03:02] [main/DEBUG] (oshi.util.FileUtil) Reading file /sys/devices/system/cpu/cpu3/cache/index0/type
[19:03:02] [main/DEBUG] (oshi.util.FileUtil) Reading file /sys/devices/system/cpu/cpu3/cache/index0/ways_of_associativity
[19:03:02] [main/DEBUG] (oshi.util.FileUtil) Reading file /sys/devices/system/cpu/cpu3/cache/index0/ways_of_associativity
[19:03:02] [main/DEBUG] (oshi.util.FileUtil) Reading file /sys/devices/system/cpu/cpu3/cache/index0/coherency_line_size
[19:03:02] [main/DEBUG] (oshi.util.FileUtil) Reading file /sys/devices/system/cpu/cpu3/cache/index0/coherency_line_size
[19:03:02] [main/DEBUG] (oshi.util.FileUtil) Reading file /sys/devices/system/cpu/cpu3/cache/index0/size
[19:03:02] [main/DEBUG] (oshi.util.FileUtil) Reading file /sys/devices/system/cpu/cpu3/cache/index0/size
[19:03:02] [main/DEBUG] (oshi.util.FileUtil) Reading file /sys/devices/system/cpu/cpu3/cache/index3/level
[19:03:02] [main/DEBUG] (oshi.util.FileUtil) Reading file /sys/devices/system/cpu/cpu3/cache/index3/level
[19:03:02] [main/DEBUG] (oshi.util.FileUtil) Reading file /sys/devices/system/cpu/cpu3/cache/index3/type
[19:03:02] [main/DEBUG] (oshi.util.FileUtil) Reading file /sys/devices/system/cpu/cpu3/cache/index3/type
[19:03:02] [main/DEBUG] (oshi.util.FileUtil) Reading file /sys/devices/system/cpu/cpu3/cache/index3/ways_of_associativity
[19:03:02] [main/DEBUG] (oshi.util.FileUtil) Reading file /sys/devices/system/cpu/cpu3/cache/index3/ways_of_associativity
[19:03:02] [main/DEBUG] (oshi.util.FileUtil) Reading file /sys/devices/system/cpu/cpu3/cache/index3/coherency_line_size
[19:03:02] [main/DEBUG] (oshi.util.FileUtil) Reading file /sys/devices/system/cpu/cpu3/cache/index3/coherency_line_size
[19:03:02] [main/DEBUG] (oshi.util.FileUtil) Reading file /sys/devices/system/cpu/cpu3/cache/index3/size
[19:03:02] [main/DEBUG] (oshi.util.FileUtil) Reading file /sys/devices/system/cpu/cpu3/cache/index3/size
[19:03:02] [main/DEBUG] (oshi.util.FileUtil) Reading file /sys/devices/system/cpu/cpu3/cache/index1/level
[19:03:02] [main/DEBUG] (oshi.util.FileUtil) Reading file /sys/devices/system/cpu/cpu3/cache/index1/level
[19:03:02] [main/DEBUG] (oshi.util.FileUtil) Reading file /sys/devices/system/cpu/cpu3/cache/index1/type
[19:03:02] [main/DEBUG] (oshi.util.FileUtil) Reading file /sys/devices/system/cpu/cpu3/cache/index1/type
[19:03:02] [main/DEBUG] (oshi.util.FileUtil) Reading file /sys/devices/system/cpu/cpu3/cache/index1/ways_of_associativity
[19:03:02] [main/DEBUG] (oshi.util.FileUtil) Reading file /sys/devices/system/cpu/cpu3/cache/index1/ways_of_associativity
[19:03:02] [main/DEBUG] (oshi.util.FileUtil) Reading file /sys/devices/system/cpu/cpu3/cache/index1/coherency_line_size
[19:03:02] [main/DEBUG] (oshi.util.FileUtil) Reading file /sys/devices/system/cpu/cpu3/cache/index1/coherency_line_size
[19:03:02] [main/DEBUG] (oshi.util.FileUtil) Reading file /sys/devices/system/cpu/cpu3/cache/index1/size
[19:03:02] [main/DEBUG] (oshi.util.FileUtil) Reading file /sys/devices/system/cpu/cpu3/cache/index1/size
[19:03:02] [main/DEBUG] (oshi.util.FileUtil) Reading file /sys/devices/system/cpu/cpu4/topology/core_id
[19:03:02] [main/DEBUG] (oshi.util.FileUtil) Reading file /sys/devices/system/cpu/cpu4/topology/core_id
[19:03:02] [main/DEBUG] (oshi.util.FileUtil) Reading file /sys/devices/system/cpu/cpu4/topology/physical_package_id
[19:03:02] [main/DEBUG] (oshi.util.FileUtil) Reading file /sys/devices/system/cpu/cpu4/topology/physical_package_id
[19:03:02] [main/DEBUG] (oshi.util.FileUtil) Reading file /sys/devices/system/cpu/cpu4/cpu_capacity
[19:03:02] [main/DEBUG] (oshi.util.FileUtil) Reading file /sys/devices/system/cpu/cpu4/cache/index2/level
[19:03:02] [main/DEBUG] (oshi.util.FileUtil) Reading file /sys/devices/system/cpu/cpu4/cache/index2/level
[19:03:02] [main/DEBUG] (oshi.util.FileUtil) Reading file /sys/devices/system/cpu/cpu4/cache/index2/type
[19:03:02] [main/DEBUG] (oshi.util.FileUtil) Reading file /sys/devices/system/cpu/cpu4/cache/index2/type
[19:03:02] [main/DEBUG] (oshi.util.FileUtil) Reading file /sys/devices/system/cpu/cpu4/cache/index2/ways_of_associativity
[19:03:02] [main/DEBUG] (oshi.util.FileUtil) Reading file /sys/devices/system/cpu/cpu4/cache/index2/ways_of_associativity
[19:03:02] [main/DEBUG] (oshi.util.FileUtil) Reading file /sys/devices/system/cpu/cpu4/cache/index2/coherency_line_size
[19:03:02] [main/DEBUG] (oshi.util.FileUtil) Reading file /sys/devices/system/cpu/cpu4/cache/index2/coherency_line_size
[19:03:02] [main/DEBUG] (oshi.util.FileUtil) Reading file /sys/devices/system/cpu/cpu4/cache/index2/size
[19:03:02] [main/DEBUG] (oshi.util.FileUtil) Reading file /sys/devices/system/cpu/cpu4/cache/index2/size
[19:03:02] [main/DEBUG] (oshi.util.FileUtil) Reading file /sys/devices/system/cpu/cpu4/cache/index0/level
[19:03:02] [main/DEBUG] (oshi.util.FileUtil) Reading file /sys/devices/system/cpu/cpu4/cache/index0/level
[19:03:02] [main/DEBUG] (oshi.util.FileUtil) Reading file /sys/devices/system/cpu/cpu4/cache/index0/type
[19:03:02] [main/DEBUG] (oshi.util.FileUtil) Reading file /sys/devices/system/cpu/cpu4/cache/index0/type
[19:03:02] [main/DEBUG] (oshi.util.FileUtil) Reading file /sys/devices/system/cpu/cpu4/cache/index0/ways_of_associativity
[19:03:02] [main/DEBUG] (oshi.util.FileUtil) Reading file /sys/devices/system/cpu/cpu4/cache/index0/ways_of_associativity
[19:03:02] [main/DEBUG] (oshi.util.FileUtil) Reading file /sys/devices/system/cpu/cpu4/cache/index0/coherency_line_size
[19:03:02] [main/DEBUG] (oshi.util.FileUtil) Reading file /sys/devices/system/cpu/cpu4/cache/index0/coherency_line_size
[19:03:02] [main/DEBUG] (oshi.util.FileUtil) Reading file /sys/devices/system/cpu/cpu4/cache/index0/size
[19:03:02] [main/DEBUG] (oshi.util.FileUtil) Reading file /sys/devices/system/cpu/cpu4/cache/index0/size
[19:03:02] [main/DEBUG] (oshi.util.FileUtil) Reading file /sys/devices/system/cpu/cpu4/cache/index3/level
[19:03:02] [main/DEBUG] (oshi.util.FileUtil) Reading file /sys/devices/system/cpu/cpu4/cache/index3/level
[19:03:02] [main/DEBUG] (oshi.util.FileUtil) Reading file /sys/devices/system/cpu/cpu4/cache/index3/type
[19:03:02] [main/DEBUG] (oshi.util.FileUtil) Reading file /sys/devices/system/cpu/cpu4/cache/index3/type
[19:03:02] [main/DEBUG] (oshi.util.FileUtil) Reading file /sys/devices/system/cpu/cpu4/cache/index3/ways_of_associativity
[19:03:02] [main/DEBUG] (oshi.util.FileUtil) Reading file /sys/devices/system/cpu/cpu4/cache/index3/ways_of_associativity
[19:03:02] [main/DEBUG] (oshi.util.FileUtil) Reading file /sys/devices/system/cpu/cpu4/cache/index3/coherency_line_size
[19:03:02] [main/DEBUG] (oshi.util.FileUtil) Reading file /sys/devices/system/cpu/cpu4/cache/index3/coherency_line_size
[19:03:02] [main/DEBUG] (oshi.util.FileUtil) Reading file /sys/devices/system/cpu/cpu4/cache/index3/size
[19:03:02] [main/DEBUG] (oshi.util.FileUtil) Reading file /sys/devices/system/cpu/cpu4/cache/index3/size
[19:03:02] [main/DEBUG] (oshi.util.FileUtil) Reading file /sys/devices/system/cpu/cpu4/cache/index1/level
[19:03:02] [main/DEBUG] (oshi.util.FileUtil) Reading file /sys/devices/system/cpu/cpu4/cache/index1/level
[19:03:02] [main/DEBUG] (oshi.util.FileUtil) Reading file /sys/devices/system/cpu/cpu4/cache/index1/type
[19:03:02] [main/DEBUG] (oshi.util.FileUtil) Reading file /sys/devices/system/cpu/cpu4/cache/index1/type
[19:03:02] [main/DEBUG] (oshi.util.FileUtil) Reading file /sys/devices/system/cpu/cpu4/cache/index1/ways_of_associativity
[19:03:02] [main/DEBUG] (oshi.util.FileUtil) Reading file /sys/devices/system/cpu/cpu4/cache/index1/ways_of_associativity
[19:03:02] [main/DEBUG] (oshi.util.FileUtil) Reading file /sys/devices/system/cpu/cpu4/cache/index1/coherency_line_size
[19:03:02] [main/DEBUG] (oshi.util.FileUtil) Reading file /sys/devices/system/cpu/cpu4/cache/index1/coherency_line_size
[19:03:02] [main/DEBUG] (oshi.util.FileUtil) Reading file /sys/devices/system/cpu/cpu4/cache/index1/size
[19:03:02] [main/DEBUG] (oshi.util.FileUtil) Reading file /sys/devices/system/cpu/cpu4/cache/index1/size
[19:03:02] [main/DEBUG] (oshi.util.FileUtil) Reading file /sys/devices/system/cpu/cpu5/topology/core_id
[19:03:02] [main/DEBUG] (oshi.util.FileUtil) Reading file /sys/devices/system/cpu/cpu5/topology/core_id
[19:03:02] [main/DEBUG] (oshi.util.FileUtil) Reading file /sys/devices/system/cpu/cpu5/topology/physical_package_id
[19:03:02] [main/DEBUG] (oshi.util.FileUtil) Reading file /sys/devices/system/cpu/cpu5/topology/physical_package_id
[19:03:02] [main/DEBUG] (oshi.util.FileUtil) Reading file /sys/devices/system/cpu/cpu5/cpu_capacity
[19:03:02] [main/DEBUG] (oshi.util.FileUtil) Reading file /sys/devices/system/cpu/cpu5/cache/index2/level
[19:03:02] [main/DEBUG] (oshi.util.FileUtil) Reading file /sys/devices/system/cpu/cpu5/cache/index2/level
[19:03:02] [main/DEBUG] (oshi.util.FileUtil) Reading file /sys/devices/system/cpu/cpu5/cache/index2/type
[19:03:02] [main/DEBUG] (oshi.util.FileUtil) Reading file /sys/devices/system/cpu/cpu5/cache/index2/type
[19:03:02] [main/DEBUG] (oshi.util.FileUtil) Reading file /sys/devices/system/cpu/cpu5/cache/index2/ways_of_associativity
[19:03:02] [main/DEBUG] (oshi.util.FileUtil) Reading file /sys/devices/system/cpu/cpu5/cache/index2/ways_of_associativity
[19:03:02] [main/DEBUG] (oshi.util.FileUtil) Reading file /sys/devices/system/cpu/cpu5/cache/index2/coherency_line_size
[19:03:02] [main/DEBUG] (oshi.util.FileUtil) Reading file /sys/devices/system/cpu/cpu5/cache/index2/coherency_line_size
[19:03:02] [main/DEBUG] (oshi.util.FileUtil) Reading file /sys/devices/system/cpu/cpu5/cache/index2/size
[19:03:02] [main/DEBUG] (oshi.util.FileUtil) Reading file /sys/devices/system/cpu/cpu5/cache/index2/size
[19:03:02] [main/DEBUG] (oshi.util.FileUtil) Reading file /sys/devices/system/cpu/cpu5/cache/index0/level
[19:03:02] [main/DEBUG] (oshi.util.FileUtil) Reading file /sys/devices/system/cpu/cpu5/cache/index0/level
[19:03:02] [main/DEBUG] (oshi.util.FileUtil) Reading file /sys/devices/system/cpu/cpu5/cache/index0/type
[19:03:02] [main/DEBUG] (oshi.util.FileUtil) Reading file /sys/devices/system/cpu/cpu5/cache/index0/type
[19:03:02] [main/DEBUG] (oshi.util.FileUtil) Reading file /sys/devices/system/cpu/cpu5/cache/index0/ways_of_associativity
[19:03:02] [main/DEBUG] (oshi.util.FileUtil) Reading file /sys/devices/system/cpu/cpu5/cache/index0/ways_of_associativity
[19:03:02] [main/DEBUG] (oshi.util.FileUtil) Reading file /sys/devices/system/cpu/cpu5/cache/index0/coherency_line_size
[19:03:02] [main/DEBUG] (oshi.util.FileUtil) Reading file /sys/devices/system/cpu/cpu5/cache/index0/coherency_line_size
[19:03:02] [main/DEBUG] (oshi.util.FileUtil) Reading file /sys/devices/system/cpu/cpu5/cache/index0/size
[19:03:02] [main/DEBUG] (oshi.util.FileUtil) Reading file /sys/devices/system/cpu/cpu5/cache/index0/size
[19:03:02] [main/DEBUG] (oshi.util.FileUtil) Reading file /sys/devices/system/cpu/cpu5/cache/index3/level
[19:03:02] [main/DEBUG] (oshi.util.FileUtil) Reading file /sys/devices/system/cpu/cpu5/cache/index3/level
[19:03:02] [main/DEBUG] (oshi.util.FileUtil) Reading file /sys/devices/system/cpu/cpu5/cache/index3/type
[19:03:02] [main/DEBUG] (oshi.util.FileUtil) Reading file /sys/devices/system/cpu/cpu5/cache/index3/type
[19:03:02] [main/DEBUG] (oshi.util.FileUtil) Reading file /sys/devices/system/cpu/cpu5/cache/index3/ways_of_associativity
[19:03:02] [main/DEBUG] (oshi.util.FileUtil) Reading file /sys/devices/system/cpu/cpu5/cache/index3/ways_of_associativity
[19:03:02] [main/DEBUG] (oshi.util.FileUtil) Reading file /sys/devices/system/cpu/cpu5/cache/index3/coherency_line_size
[19:03:02] [main/DEBUG] (oshi.util.FileUtil) Reading file /sys/devices/system/cpu/cpu5/cache/index3/coherency_line_size
[19:03:02] [main/DEBUG] (oshi.util.FileUtil) Reading file /sys/devices/system/cpu/cpu5/cache/index3/size
[19:03:02] [main/DEBUG] (oshi.util.FileUtil) Reading file /sys/devices/system/cpu/cpu5/cache/index3/size
[19:03:02] [main/DEBUG] (oshi.util.FileUtil) Reading file /sys/devices/system/cpu/cpu5/cache/index1/level
[19:03:02] [main/DEBUG] (oshi.util.FileUtil) Reading file /sys/devices/system/cpu/cpu5/cache/index1/level
[19:03:02] [main/DEBUG] (oshi.util.FileUtil) Reading file /sys/devices/system/cpu/cpu5/cache/index1/type
[19:03:02] [main/DEBUG] (oshi.util.FileUtil) Reading file /sys/devices/system/cpu/cpu5/cache/index1/type
[19:03:02] [main/DEBUG] (oshi.util.FileUtil) Reading file /sys/devices/system/cpu/cpu5/cache/index1/ways_of_associativity
[19:03:02] [main/DEBUG] (oshi.util.FileUtil) Reading file /sys/devices/system/cpu/cpu5/cache/index1/ways_of_associativity
[19:03:02] [main/DEBUG] (oshi.util.FileUtil) Reading file /sys/devices/system/cpu/cpu5/cache/index1/coherency_line_size
[19:03:02] [main/DEBUG] (oshi.util.FileUtil) Reading file /sys/devices/system/cpu/cpu5/cache/index1/coherency_line_size
[19:03:02] [main/DEBUG] (oshi.util.FileUtil) Reading file /sys/devices/system/cpu/cpu5/cache/index1/size
[19:03:02] [main/DEBUG] (oshi.util.FileUtil) Reading file /sys/devices/system/cpu/cpu5/cache/index1/size
[19:03:02] [main/DEBUG] (oshi.util.FileUtil) Reading file /sys/devices/system/cpu/cpu6/topology/core_id
[19:03:02] [main/DEBUG] (oshi.util.FileUtil) Reading file /sys/devices/system/cpu/cpu6/topology/core_id
[19:03:02] [main/DEBUG] (oshi.util.FileUtil) Reading file /sys/devices/system/cpu/cpu6/topology/physical_package_id
[19:03:02] [main/DEBUG] (oshi.util.FileUtil) Reading file /sys/devices/system/cpu/cpu6/topology/physical_package_id
[19:03:02] [main/DEBUG] (oshi.util.FileUtil) Reading file /sys/devices/system/cpu/cpu6/cpu_capacity
[19:03:02] [main/DEBUG] (oshi.util.FileUtil) Reading file /sys/devices/system/cpu/cpu6/cache/index2/level
[19:03:02] [main/DEBUG] (oshi.util.FileUtil) Reading file /sys/devices/system/cpu/cpu6/cache/index2/level
[19:03:02] [main/DEBUG] (oshi.util.FileUtil) Reading file /sys/devices/system/cpu/cpu6/cache/index2/type
[19:03:02] [main/DEBUG] (oshi.util.FileUtil) Reading file /sys/devices/system/cpu/cpu6/cache/index2/type
[19:03:02] [main/DEBUG] (oshi.util.FileUtil) Reading file /sys/devices/system/cpu/cpu6/cache/index2/ways_of_associativity
[19:03:02] [main/DEBUG] (oshi.util.FileUtil) Reading file /sys/devices/system/cpu/cpu6/cache/index2/ways_of_associativity
[19:03:02] [main/DEBUG] (oshi.util.FileUtil) Reading file /sys/devices/system/cpu/cpu6/cache/index2/coherency_line_size
[19:03:02] [main/DEBUG] (oshi.util.FileUtil) Reading file /sys/devices/system/cpu/cpu6/cache/index2/coherency_line_size
[19:03:02] [main/DEBUG] (oshi.util.FileUtil) Reading file /sys/devices/system/cpu/cpu6/cache/index2/size
[19:03:02] [main/DEBUG] (oshi.util.FileUtil) Reading file /sys/devices/system/cpu/cpu6/cache/index2/size
[19:03:02] [main/DEBUG] (oshi.util.FileUtil) Reading file /sys/devices/system/cpu/cpu6/cache/index0/level
[19:03:02] [main/DEBUG] (oshi.util.FileUtil) Reading file /sys/devices/system/cpu/cpu6/cache/index0/level
[19:03:02] [main/DEBUG] (oshi.util.FileUtil) Reading file /sys/devices/system/cpu/cpu6/cache/index0/type
[19:03:02] [main/DEBUG] (oshi.util.FileUtil) Reading file /sys/devices/system/cpu/cpu6/cache/index0/type
[19:03:02] [main/DEBUG] (oshi.util.FileUtil) Reading file /sys/devices/system/cpu/cpu6/cache/index0/ways_of_associativity
[19:03:02] [main/DEBUG] (oshi.util.FileUtil) Reading file /sys/devices/system/cpu/cpu6/cache/index0/ways_of_associativity
[19:03:02] [main/DEBUG] (oshi.util.FileUtil) Reading file /sys/devices/system/cpu/cpu6/cache/index0/coherency_line_size
[19:03:02] [main/DEBUG] (oshi.util.FileUtil) Reading file /sys/devices/system/cpu/cpu6/cache/index0/coherency_line_size
[19:03:02] [main/DEBUG] (oshi.util.FileUtil) Reading file /sys/devices/system/cpu/cpu6/cache/index0/size
[19:03:02] [main/DEBUG] (oshi.util.FileUtil) Reading file /sys/devices/system/cpu/cpu6/cache/index0/size
[19:03:02] [main/DEBUG] (oshi.util.FileUtil) Reading file /sys/devices/system/cpu/cpu6/cache/index3/level
[19:03:02] [main/DEBUG] (oshi.util.FileUtil) Reading file /sys/devices/system/cpu/cpu6/cache/index3/level
[19:03:02] [main/DEBUG] (oshi.util.FileUtil) Reading file /sys/devices/system/cpu/cpu6/cache/index3/type
[19:03:02] [main/DEBUG] (oshi.util.FileUtil) Reading file /sys/devices/system/cpu/cpu6/cache/index3/type
[19:03:02] [main/DEBUG] (oshi.util.FileUtil) Reading file /sys/devices/system/cpu/cpu6/cache/index3/ways_of_associativity
[19:03:02] [main/DEBUG] (oshi.util.FileUtil) Reading file /sys/devices/system/cpu/cpu6/cache/index3/ways_of_associativity
[19:03:02] [main/DEBUG] (oshi.util.FileUtil) Reading file /sys/devices/system/cpu/cpu6/cache/index3/coherency_line_size
[19:03:02] [main/DEBUG] (oshi.util.FileUtil) Reading file /sys/devices/system/cpu/cpu6/cache/index3/coherency_line_size
[19:03:02] [main/DEBUG] (oshi.util.FileUtil) Reading file /sys/devices/system/cpu/cpu6/cache/index3/size
[19:03:02] [main/DEBUG] (oshi.util.FileUtil) Reading file /sys/devices/system/cpu/cpu6/cache/index3/size
[19:03:02] [main/DEBUG] (oshi.util.FileUtil) Reading file /sys/devices/system/cpu/cpu6/cache/index1/level
[19:03:02] [main/DEBUG] (oshi.util.FileUtil) Reading file /sys/devices/system/cpu/cpu6/cache/index1/level
[19:03:02] [main/DEBUG] (oshi.util.FileUtil) Reading file /sys/devices/system/cpu/cpu6/cache/index1/type
[19:03:02] [main/DEBUG] (oshi.util.FileUtil) Reading file /sys/devices/system/cpu/cpu6/cache/index1/type
[19:03:02] [main/DEBUG] (oshi.util.FileUtil) Reading file /sys/devices/system/cpu/cpu6/cache/index1/ways_of_associativity
[19:03:02] [main/DEBUG] (oshi.util.FileUtil) Reading file /sys/devices/system/cpu/cpu6/cache/index1/ways_of_associativity
[19:03:02] [main/DEBUG] (oshi.util.FileUtil) Reading file /sys/devices/system/cpu/cpu6/cache/index1/coherency_line_size
[19:03:02] [main/DEBUG] (oshi.util.FileUtil) Reading file /sys/devices/system/cpu/cpu6/cache/index1/coherency_line_size
[19:03:02] [main/DEBUG] (oshi.util.FileUtil) Reading file /sys/devices/system/cpu/cpu6/cache/index1/size
[19:03:02] [main/DEBUG] (oshi.util.FileUtil) Reading file /sys/devices/system/cpu/cpu6/cache/index1/size
[19:03:02] [main/DEBUG] (oshi.util.FileUtil) Reading file /sys/devices/system/cpu/cpu7/topology/core_id
[19:03:02] [main/DEBUG] (oshi.util.FileUtil) Reading file /sys/devices/system/cpu/cpu7/topology/core_id
[19:03:02] [main/DEBUG] (oshi.util.FileUtil) Reading file /sys/devices/system/cpu/cpu7/topology/physical_package_id
[19:03:02] [main/DEBUG] (oshi.util.FileUtil) Reading file /sys/devices/system/cpu/cpu7/topology/physical_package_id
[19:03:02] [main/DEBUG] (oshi.util.FileUtil) Reading file /sys/devices/system/cpu/cpu7/cpu_capacity
[19:03:02] [main/DEBUG] (oshi.util.FileUtil) Reading file /sys/devices/system/cpu/cpu7/cache/index2/level
[19:03:02] [main/DEBUG] (oshi.util.FileUtil) Reading file /sys/devices/system/cpu/cpu7/cache/index2/level
[19:03:02] [main/DEBUG] (oshi.util.FileUtil) Reading file /sys/devices/system/cpu/cpu7/cache/index2/type
[19:03:02] [main/DEBUG] (oshi.util.FileUtil) Reading file /sys/devices/system/cpu/cpu7/cache/index2/type
[19:03:02] [main/DEBUG] (oshi.util.FileUtil) Reading file /sys/devices/system/cpu/cpu7/cache/index2/ways_of_associativity
[19:03:02] [main/DEBUG] (oshi.util.FileUtil) Reading file /sys/devices/system/cpu/cpu7/cache/index2/ways_of_associativity
[19:03:02] [main/DEBUG] (oshi.util.FileUtil) Reading file /sys/devices/system/cpu/cpu7/cache/index2/coherency_line_size
[19:03:02] [main/DEBUG] (oshi.util.FileUtil) Reading file /sys/devices/system/cpu/cpu7/cache/index2/coherency_line_size
[19:03:02] [main/DEBUG] (oshi.util.FileUtil) Reading file /sys/devices/system/cpu/cpu7/cache/index2/size
[19:03:02] [main/DEBUG] (oshi.util.FileUtil) Reading file /sys/devices/system/cpu/cpu7/cache/index2/size
[19:03:02] [main/DEBUG] (oshi.util.FileUtil) Reading file /sys/devices/system/cpu/cpu7/cache/index0/level
[19:03:02] [main/DEBUG] (oshi.util.FileUtil) Reading file /sys/devices/system/cpu/cpu7/cache/index0/level
[19:03:02] [main/DEBUG] (oshi.util.FileUtil) Reading file /sys/devices/system/cpu/cpu7/cache/index0/type
[19:03:02] [main/DEBUG] (oshi.util.FileUtil) Reading file /sys/devices/system/cpu/cpu7/cache/index0/type
[19:03:02] [main/DEBUG] (oshi.util.FileUtil) Reading file /sys/devices/system/cpu/cpu7/cache/index0/ways_of_associativity
[19:03:02] [main/DEBUG] (oshi.util.FileUtil) Reading file /sys/devices/system/cpu/cpu7/cache/index0/ways_of_associativity
[19:03:02] [main/DEBUG] (oshi.util.FileUtil) Reading file /sys/devices/system/cpu/cpu7/cache/index0/coherency_line_size
[19:03:02] [main/DEBUG] (oshi.util.FileUtil) Reading file /sys/devices/system/cpu/cpu7/cache/index0/coherency_line_size
[19:03:02] [main/DEBUG] (oshi.util.FileUtil) Reading file /sys/devices/system/cpu/cpu7/cache/index0/size
[19:03:02] [main/DEBUG] (oshi.util.FileUtil) Reading file /sys/devices/system/cpu/cpu7/cache/index0/size
[19:03:02] [main/DEBUG] (oshi.util.FileUtil) Reading file /sys/devices/system/cpu/cpu7/cache/index3/level
[19:03:02] [main/DEBUG] (oshi.util.FileUtil) Reading file /sys/devices/system/cpu/cpu7/cache/index3/level
[19:03:02] [main/DEBUG] (oshi.util.FileUtil) Reading file /sys/devices/system/cpu/cpu7/cache/index3/type
[19:03:02] [main/DEBUG] (oshi.util.FileUtil) Reading file /sys/devices/system/cpu/cpu7/cache/index3/type
[19:03:02] [main/DEBUG] (oshi.util.FileUtil) Reading file /sys/devices/system/cpu/cpu7/cache/index3/ways_of_associativity
[19:03:02] [main/DEBUG] (oshi.util.FileUtil) Reading file /sys/devices/system/cpu/cpu7/cache/index3/ways_of_associativity
[19:03:02] [main/DEBUG] (oshi.util.FileUtil) Reading file /sys/devices/system/cpu/cpu7/cache/index3/coherency_line_size
[19:03:02] [main/DEBUG] (oshi.util.FileUtil) Reading file /sys/devices/system/cpu/cpu7/cache/index3/coherency_line_size
[19:03:02] [main/DEBUG] (oshi.util.FileUtil) Reading file /sys/devices/system/cpu/cpu7/cache/index3/size
[19:03:02] [main/DEBUG] (oshi.util.FileUtil) Reading file /sys/devices/system/cpu/cpu7/cache/index3/size
[19:03:02] [main/DEBUG] (oshi.util.FileUtil) Reading file /sys/devices/system/cpu/cpu7/cache/index1/level
[19:03:02] [main/DEBUG] (oshi.util.FileUtil) Reading file /sys/devices/system/cpu/cpu7/cache/index1/level
[19:03:02] [main/DEBUG] (oshi.util.FileUtil) Reading file /sys/devices/system/cpu/cpu7/cache/index1/type
[19:03:02] [main/DEBUG] (oshi.util.FileUtil) Reading file /sys/devices/system/cpu/cpu7/cache/index1/type
[19:03:02] [main/DEBUG] (oshi.util.FileUtil) Reading file /sys/devices/system/cpu/cpu7/cache/index1/ways_of_associativity
[19:03:02] [main/DEBUG] (oshi.util.FileUtil) Reading file /sys/devices/system/cpu/cpu7/cache/index1/ways_of_associativity
[19:03:02] [main/DEBUG] (oshi.util.FileUtil) Reading file /sys/devices/system/cpu/cpu7/cache/index1/coherency_line_size
[19:03:02] [main/DEBUG] (oshi.util.FileUtil) Reading file /sys/devices/system/cpu/cpu7/cache/index1/coherency_line_size
[19:03:02] [main/DEBUG] (oshi.util.FileUtil) Reading file /sys/devices/system/cpu/cpu7/cache/index1/size
[19:03:02] [main/DEBUG] (oshi.util.FileUtil) Reading file /sys/devices/system/cpu/cpu7/cache/index1/size
[19:03:02] [main/DEBUG] (oshi.util.FileUtil) Reading file /sys/devices/system/cpu/cpu8/topology/core_id
[19:03:02] [main/DEBUG] (oshi.util.FileUtil) Reading file /sys/devices/system/cpu/cpu8/topology/core_id
[19:03:02] [main/DEBUG] (oshi.util.FileUtil) Reading file /sys/devices/system/cpu/cpu8/topology/physical_package_id
[19:03:02] [main/DEBUG] (oshi.util.FileUtil) Reading file /sys/devices/system/cpu/cpu8/topology/physical_package_id
[19:03:02] [main/DEBUG] (oshi.util.FileUtil) Reading file /sys/devices/system/cpu/cpu8/cpu_capacity
[19:03:02] [main/DEBUG] (oshi.util.FileUtil) Reading file /sys/devices/system/cpu/cpu8/cache/index2/level
[19:03:02] [main/DEBUG] (oshi.util.FileUtil) Reading file /sys/devices/system/cpu/cpu8/cache/index2/level
[19:03:02] [main/DEBUG] (oshi.util.FileUtil) Reading file /sys/devices/system/cpu/cpu8/cache/index2/type
[19:03:02] [main/DEBUG] (oshi.util.FileUtil) Reading file /sys/devices/system/cpu/cpu8/cache/index2/type
[19:03:02] [main/DEBUG] (oshi.util.FileUtil) Reading file /sys/devices/system/cpu/cpu8/cache/index2/ways_of_associativity
[19:03:02] [main/DEBUG] (oshi.util.FileUtil) Reading file /sys/devices/system/cpu/cpu8/cache/index2/ways_of_associativity
[19:03:02] [main/DEBUG] (oshi.util.FileUtil) Reading file /sys/devices/system/cpu/cpu8/cache/index2/coherency_line_size
[19:03:02] [main/DEBUG] (oshi.util.FileUtil) Reading file /sys/devices/system/cpu/cpu8/cache/index2/coherency_line_size
[19:03:02] [main/DEBUG] (oshi.util.FileUtil) Reading file /sys/devices/system/cpu/cpu8/cache/index2/size
[19:03:02] [main/DEBUG] (oshi.util.FileUtil) Reading file /sys/devices/system/cpu/cpu8/cache/index2/size
[19:03:02] [main/DEBUG] (oshi.util.FileUtil) Reading file /sys/devices/system/cpu/cpu8/cache/index0/level
[19:03:02] [main/DEBUG] (oshi.util.FileUtil) Reading file /sys/devices/system/cpu/cpu8/cache/index0/level
[19:03:02] [main/DEBUG] (oshi.util.FileUtil) Reading file /sys/devices/system/cpu/cpu8/cache/index0/type
[19:03:02] [main/DEBUG] (oshi.util.FileUtil) Reading file /sys/devices/system/cpu/cpu8/cache/index0/type
[19:03:02] [main/DEBUG] (oshi.util.FileUtil) Reading file /sys/devices/system/cpu/cpu8/cache/index0/ways_of_associativity
[19:03:02] [main/DEBUG] (oshi.util.FileUtil) Reading file /sys/devices/system/cpu/cpu8/cache/index0/ways_of_associativity
[19:03:02] [main/DEBUG] (oshi.util.FileUtil) Reading file /sys/devices/system/cpu/cpu8/cache/index0/coherency_line_size
[19:03:02] [main/DEBUG] (oshi.util.FileUtil) Reading file /sys/devices/system/cpu/cpu8/cache/index0/coherency_line_size
[19:03:02] [main/DEBUG] (oshi.util.FileUtil) Reading file /sys/devices/system/cpu/cpu8/cache/index0/size
[19:03:02] [main/DEBUG] (oshi.util.FileUtil) Reading file /sys/devices/system/cpu/cpu8/cache/index0/size
[19:03:02] [main/DEBUG] (oshi.util.FileUtil) Reading file /sys/devices/system/cpu/cpu8/cache/index3/level
[19:03:02] [main/DEBUG] (oshi.util.FileUtil) Reading file /sys/devices/system/cpu/cpu8/cache/index3/level
[19:03:02] [main/DEBUG] (oshi.util.FileUtil) Reading file /sys/devices/system/cpu/cpu8/cache/index3/type
[19:03:02] [main/DEBUG] (oshi.util.FileUtil) Reading file /sys/devices/system/cpu/cpu8/cache/index3/type
[19:03:02] [main/DEBUG] (oshi.util.FileUtil) Reading file /sys/devices/system/cpu/cpu8/cache/index3/ways_of_associativity
[19:03:02] [main/DEBUG] (oshi.util.FileUtil) Reading file /sys/devices/system/cpu/cpu8/cache/index3/ways_of_associativity
[19:03:02] [main/DEBUG] (oshi.util.FileUtil) Reading file /sys/devices/system/cpu/cpu8/cache/index3/coherency_line_size
[19:03:02] [main/DEBUG] (oshi.util.FileUtil) Reading file /sys/devices/system/cpu/cpu8/cache/index3/coherency_line_size
[19:03:02] [main/DEBUG] (oshi.util.FileUtil) Reading file /sys/devices/system/cpu/cpu8/cache/index3/size
[19:03:02] [main/DEBUG] (oshi.util.FileUtil) Reading file /sys/devices/system/cpu/cpu8/cache/index3/size
[19:03:02] [main/DEBUG] (oshi.util.FileUtil) Reading file /sys/devices/system/cpu/cpu8/cache/index1/level
[19:03:02] [main/DEBUG] (oshi.util.FileUtil) Reading file /sys/devices/system/cpu/cpu8/cache/index1/level
[19:03:02] [main/DEBUG] (oshi.util.FileUtil) Reading file /sys/devices/system/cpu/cpu8/cache/index1/type
[19:03:02] [main/DEBUG] (oshi.util.FileUtil) Reading file /sys/devices/system/cpu/cpu8/cache/index1/type
[19:03:02] [main/DEBUG] (oshi.util.FileUtil) Reading file /sys/devices/system/cpu/cpu8/cache/index1/ways_of_associativity
[19:03:02] [main/DEBUG] (oshi.util.FileUtil) Reading file /sys/devices/system/cpu/cpu8/cache/index1/ways_of_associativity
[19:03:02] [main/DEBUG] (oshi.util.FileUtil) Reading file /sys/devices/system/cpu/cpu8/cache/index1/coherency_line_size
[19:03:02] [main/DEBUG] (oshi.util.FileUtil) Reading file /sys/devices/system/cpu/cpu8/cache/index1/coherency_line_size
[19:03:02] [main/DEBUG] (oshi.util.FileUtil) Reading file /sys/devices/system/cpu/cpu8/cache/index1/size
[19:03:02] [main/DEBUG] (oshi.util.FileUtil) Reading file /sys/devices/system/cpu/cpu8/cache/index1/size
[19:03:02] [main/DEBUG] (oshi.util.FileUtil) Reading file /sys/devices/system/cpu/cpu9/topology/core_id
[19:03:02] [main/DEBUG] (oshi.util.FileUtil) Reading file /sys/devices/system/cpu/cpu9/topology/core_id
[19:03:02] [main/DEBUG] (oshi.util.FileUtil) Reading file /sys/devices/system/cpu/cpu9/topology/physical_package_id
[19:03:02] [main/DEBUG] (oshi.util.FileUtil) Reading file /sys/devices/system/cpu/cpu9/topology/physical_package_id
[19:03:02] [main/DEBUG] (oshi.util.FileUtil) Reading file /sys/devices/system/cpu/cpu9/cpu_capacity
[19:03:02] [main/DEBUG] (oshi.util.FileUtil) Reading file /sys/devices/system/cpu/cpu9/cache/index2/level
[19:03:02] [main/DEBUG] (oshi.util.FileUtil) Reading file /sys/devices/system/cpu/cpu9/cache/index2/level
[19:03:02] [main/DEBUG] (oshi.util.FileUtil) Reading file /sys/devices/system/cpu/cpu9/cache/index2/type
[19:03:02] [main/DEBUG] (oshi.util.FileUtil) Reading file /sys/devices/system/cpu/cpu9/cache/index2/type
[19:03:02] [main/DEBUG] (oshi.util.FileUtil) Reading file /sys/devices/system/cpu/cpu9/cache/index2/ways_of_associativity
[19:03:02] [main/DEBUG] (oshi.util.FileUtil) Reading file /sys/devices/system/cpu/cpu9/cache/index2/ways_of_associativity
[19:03:02] [main/DEBUG] (oshi.util.FileUtil) Reading file /sys/devices/system/cpu/cpu9/cache/index2/coherency_line_size
[19:03:02] [main/DEBUG] (oshi.util.FileUtil) Reading file /sys/devices/system/cpu/cpu9/cache/index2/coherency_line_size
[19:03:02] [main/DEBUG] (oshi.util.FileUtil) Reading file /sys/devices/system/cpu/cpu9/cache/index2/size
[19:03:02] [main/DEBUG] (oshi.util.FileUtil) Reading file /sys/devices/system/cpu/cpu9/cache/index2/size
[19:03:02] [main/DEBUG] (oshi.util.FileUtil) Reading file /sys/devices/system/cpu/cpu9/cache/index0/level
[19:03:02] [main/DEBUG] (oshi.util.FileUtil) Reading file /sys/devices/system/cpu/cpu9/cache/index0/level
[19:03:02] [main/DEBUG] (oshi.util.FileUtil) Reading file /sys/devices/system/cpu/cpu9/cache/index0/type
[19:03:02] [main/DEBUG] (oshi.util.FileUtil) Reading file /sys/devices/system/cpu/cpu9/cache/index0/type
[19:03:02] [main/DEBUG] (oshi.util.FileUtil) Reading file /sys/devices/system/cpu/cpu9/cache/index0/ways_of_associativity
[19:03:02] [main/DEBUG] (oshi.util.FileUtil) Reading file /sys/devices/system/cpu/cpu9/cache/index0/ways_of_associativity
[19:03:02] [main/DEBUG] (oshi.util.FileUtil) Reading file /sys/devices/system/cpu/cpu9/cache/index0/coherency_line_size
[19:03:02] [main/DEBUG] (oshi.util.FileUtil) Reading file /sys/devices/system/cpu/cpu9/cache/index0/coherency_line_size
[19:03:02] [main/DEBUG] (oshi.util.FileUtil) Reading file /sys/devices/system/cpu/cpu9/cache/index0/size
[19:03:02] [main/DEBUG] (oshi.util.FileUtil) Reading file /sys/devices/system/cpu/cpu9/cache/index0/size
[19:03:02] [main/DEBUG] (oshi.util.FileUtil) Reading file /sys/devices/system/cpu/cpu9/cache/index3/level
[19:03:02] [main/DEBUG] (oshi.util.FileUtil) Reading file /sys/devices/system/cpu/cpu9/cache/index3/level
[19:03:02] [main/DEBUG] (oshi.util.FileUtil) Reading file /sys/devices/system/cpu/cpu9/cache/index3/type
[19:03:02] [main/DEBUG] (oshi.util.FileUtil) Reading file /sys/devices/system/cpu/cpu9/cache/index3/type
[19:03:02] [main/DEBUG] (oshi.util.FileUtil) Reading file /sys/devices/system/cpu/cpu9/cache/index3/ways_of_associativity
[19:03:02] [main/DEBUG] (oshi.util.FileUtil) Reading file /sys/devices/system/cpu/cpu9/cache/index3/ways_of_associativity
[19:03:02] [main/DEBUG] (oshi.util.FileUtil) Reading file /sys/devices/system/cpu/cpu9/cache/index3/coherency_line_size
[19:03:02] [main/DEBUG] (oshi.util.FileUtil) Reading file /sys/devices/system/cpu/cpu9/cache/index3/coherency_line_size
[19:03:02] [main/DEBUG] (oshi.util.FileUtil) Reading file /sys/devices/system/cpu/cpu9/cache/index3/size
[19:03:02] [main/DEBUG] (oshi.util.FileUtil) Reading file /sys/devices/system/cpu/cpu9/cache/index3/size
[19:03:02] [main/DEBUG] (oshi.util.FileUtil) Reading file /sys/devices/system/cpu/cpu9/cache/index1/level
[19:03:02] [main/DEBUG] (oshi.util.FileUtil) Reading file /sys/devices/system/cpu/cpu9/cache/index1/level
[19:03:02] [main/DEBUG] (oshi.util.FileUtil) Reading file /sys/devices/system/cpu/cpu9/cache/index1/type
[19:03:02] [main/DEBUG] (oshi.util.FileUtil) Reading file /sys/devices/system/cpu/cpu9/cache/index1/type
[19:03:02] [main/DEBUG] (oshi.util.FileUtil) Reading file /sys/devices/system/cpu/cpu9/cache/index1/ways_of_associativity
[19:03:02] [main/DEBUG] (oshi.util.FileUtil) Reading file /sys/devices/system/cpu/cpu9/cache/index1/ways_of_associativity
[19:03:02] [main/DEBUG] (oshi.util.FileUtil) Reading file /sys/devices/system/cpu/cpu9/cache/index1/coherency_line_size
[19:03:02] [main/DEBUG] (oshi.util.FileUtil) Reading file /sys/devices/system/cpu/cpu9/cache/index1/coherency_line_size
[19:03:02] [main/DEBUG] (oshi.util.FileUtil) Reading file /sys/devices/system/cpu/cpu9/cache/index1/size
[19:03:02] [main/DEBUG] (oshi.util.FileUtil) Reading file /sys/devices/system/cpu/cpu9/cache/index1/size
[19:03:02] [main/DEBUG] (oshi.util.FileUtil) Reading file /proc/cpuinfo
[19:03:02] [main/DEBUG] (oshi.util.FileUtil) Reading file /proc/cpuinfo
[19:03:02] [main/DEBUG] (oshi.util.FileUtil) Reading file /proc/meminfo
[19:03:02] [main/DEBUG] (oshi.util.FileUtil) Reading file /proc/meminfo
[19:03:02] [main/DEBUG] (oshi.util.FileUtil) Reading file /etc/os-release
[19:03:02] [main/DEBUG] (oshi.software.os.linux.LinuxOperatingSystem) os-release: NAME="Debian GNU/Linux"
[19:03:02] [main/DEBUG] (oshi.software.os.linux.LinuxOperatingSystem) os-release: VERSION_ID="13"
[19:03:02] [main/DEBUG] (oshi.software.os.linux.LinuxOperatingSystem) os-release: VERSION="13 (trixie)"
[19:03:02] [main/DEBUG] (oshi.util.FileUtil) Reading file /proc/version
[19:03:02] [main/DEBUG] (oshi.util.FileUtil) Reading file /proc/169613/io
[19:03:02] [main/DEBUG] (oshi.util.FileUtil) Reading file /proc/169613/io
[19:03:02] [main/DEBUG] (oshi.util.FileUtil) Reading file /proc/169613/status
[19:03:02] [main/DEBUG] (oshi.util.FileUtil) Reading file /proc/169613/status
[19:03:02] [main/DEBUG] (oshi.util.FileUtil) Reading file /proc/169613/stat
[19:03:02] [main/DEBUG] (oshi.util.FileUtil) Reading file /proc/169613/stat
[19:03:02] [main/DEBUG] (oshi.util.FileUtil) Reading file /proc/self/stat
[19:03:02] [main/DEBUG] (oshi.util.FileUtil) Reading file /proc/self/stat
[19:03:02] [main/DEBUG] (FabricLoader/Mixin) Mixing BootstrapMixin from fabric-registry-sync-v0.mixins.json into net.minecraft.server.Bootstrap
[19:03:02] [main/DEBUG] (FabricLoader/Mixin) Renaming synthetic method lambda$afterInitialize$1(Lnet/minecraft/world/level/material/Fluid;)Ljava/util/Collection; to md726be1$fabric-registry-sync-v0$lambda$afterInitialize$1$0 in fabric-registry-sync-v0.mixins.json:BootstrapMixin from mod fabric-registry-sync-v0
[19:03:02] [main/DEBUG] (FabricLoader/Mixin) Renaming synthetic method lambda$afterInitialize$0(Lnet/minecraft/world/level/block/Block;)Ljava/util/Collection; to md726be1$fabric-registry-sync-v0$lambda$afterInitialize$0$1 in fabric-registry-sync-v0.mixins.json:BootstrapMixin from mod fabric-registry-sync-v0
[19:03:02] [main/DEBUG] (FabricLoader/Mixin) fabric-registry-sync-v0.mixins.json:BootstrapMixin from mod fabric-registry-sync-v0->@Inject::afterInitialize(Lorg/spongepowered/asm/mixin/injection/callback/CallbackInfo;)V doesn't use it's CallbackInfo
[19:03:02] [main/DEBUG] (FabricLoader/Mixin) Mixing RegistryMixin from fabric-registry-sync-v0.mixins.json into net.minecraft.core.Registry
[19:03:02] [main/DEBUG] (FabricLoader/Mixin) Mixing BuiltInRegistriesAccessor from fabric-registry-sync-v0.mixins.json into net.minecraft.core.registries.BuiltInRegistries
[19:03:02] [main/DEBUG] (FabricLoader/Mixin) Renaming @Accessor method getWRITABLE_REGISTRY()Lnet/minecraft/core/WritableRegistry; to getWRITABLE_REGISTRY$fabric-registry-sync-v0_$md$726be1$0 in fabric-registry-sync-v0.mixins.json:BuiltInRegistriesAccessor from mod fabric-registry-sync-v0
[19:03:02] [main/DEBUG] (FabricLoader/Mixin) Mixing BuiltInRegistriesMixin from fabric-registry-sync-v0.mixins.json into net.minecraft.core.registries.BuiltInRegistries
[19:03:02] [main/DEBUG] (FabricLoader/Mixin) Mixing BuiltInRegistriesMixin from fabric-item-api-v1.mixins.json into net.minecraft.core.registries.BuiltInRegistries
[19:03:02] [main/DEBUG] (FabricLoader/Mixin) fabric-registry-sync-v0.mixins.json:BuiltInRegistriesMixin from mod fabric-registry-sync-v0->@Inject::init(Lorg/spongepowered/asm/mixin/injection/callback/CallbackInfo;)V does use it's CallbackInfo
[19:03:02] [main/DEBUG] (FabricLoader/Mixin) fabric-item-api-v1.mixins.json:BuiltInRegistriesMixin from mod fabric-item-api-v1->@Inject::modifyDefaultItemComponents(Lorg/spongepowered/asm/mixin/injection/callback/CallbackInfo;)V doesn't use it's CallbackInfo
[19:03:02] [main/DEBUG] (FabricLoader/Mixin) Mixing MappedRegistryMixin from fabric-tag-api-v1.mixins.json into net.minecraft.core.MappedRegistry
[19:03:02] [main/DEBUG] (FabricLoader/Mixin) Mixing MappedRegistryAccessor from fabric-dimensions-v1.mixins.json into net.minecraft.core.MappedRegistry
[19:03:02] [main/DEBUG] (FabricLoader/Mixin) Mixing MappedRegistryAccessor from fabric-registry-sync-v0.mixins.json into net.minecraft.core.MappedRegistry
[19:03:02] [main/DEBUG] (FabricLoader/Mixin) Mixing MappedRegistryMixin from fabric-registry-sync-v0.mixins.json into net.minecraft.core.MappedRegistry
[19:03:02] [main/DEBUG] (FabricLoader/Mixin) Renaming synthetic method lambda$remap$0()Lnet/fabricmc/fabric/impl/registry/sync/RemapException; to md726be1$fabric-registry-sync-v0$lambda$remap$0$0 in fabric-registry-sync-v0.mixins.json:MappedRegistryMixin from mod fabric-registry-sync-v0
[19:03:02] [main/DEBUG] (FabricLoader/Mixin) Renaming synthetic method lambda$init$3([Lnet/fabricmc/fabric/api/event/registry/RegistryIdRemapCallback;)Lnet/fabricmc/fabric/api/event/registry/RegistryIdRemapCallback; to md726be1$fabric-registry-sync-v0$lambda$init$3$1 in fabric-registry-sync-v0.mixins.json:MappedRegistryMixin from mod fabric-registry-sync-v0
[19:03:02] [main/DEBUG] (FabricLoader/Mixin) Renaming synthetic method lambda$init$4([Lnet/fabricmc/fabric/api/event/registry/RegistryIdRemapCallback;Lnet/fabricmc/fabric/api/event/registry/RegistryIdRemapCallback$RemapState;)V to md726be1$fabric-registry-sync-v0$lambda$init$4$2 in fabric-registry-sync-v0.mixins.json:MappedRegistryMixin from mod fabric-registry-sync-v0
[19:03:02] [main/DEBUG] (FabricLoader/Mixin) Renaming synthetic method lambda$init$2(ILnet/minecraft/resources/Identifier;Ljava/lang/Object;)V to md726be1$fabric-registry-sync-v0$lambda$init$2$3 in fabric-registry-sync-v0.mixins.json:MappedRegistryMixin from mod fabric-registry-sync-v0
[19:03:02] [main/DEBUG] (FabricLoader/Mixin) Renaming synthetic method lambda$init$0([Lnet/fabricmc/fabric/api/event/registry/RegistryEntryAddedCallback;)Lnet/fabricmc/fabric/api/event/registry/RegistryEntryAddedCallback; to md726be1$fabric-registry-sync-v0$lambda$init$0$4 in fabric-registry-sync-v0.mixins.json:MappedRegistryMixin from mod fabric-registry-sync-v0
[19:03:02] [main/DEBUG] (FabricLoader/Mixin) Renaming synthetic method lambda$init$1([Lnet/fabricmc/fabric/api/event/registry/RegistryEntryAddedCallback;ILnet/minecraft/resources/Identifier;Ljava/lang/Object;)V to md726be1$fabric-registry-sync-v0$lambda$init$1$5 in fabric-registry-sync-v0.mixins.json:MappedRegistryMixin from mod fabric-registry-sync-v0
[19:03:02] [main/DEBUG] (FabricLoader/Mixin) fabric-registry-sync-v0.mixins.json:MappedRegistryMixin from mod fabric-registry-sync-v0->@Inject::init(Lnet/minecraft/resources/ResourceKey;Lcom/mojang/serialization/Lifecycle;ZLorg/spongepowered/asm/mixin/injection/callback/CallbackInfo;)V doesn't use it's CallbackInfo
[19:03:02] [main/DEBUG] (FabricLoader/Mixin) fabric-registry-sync-v0.mixins.json:MappedRegistryMixin from mod fabric-registry-sync-v0->@Inject::init(Lnet/minecraft/resources/ResourceKey;Lcom/mojang/serialization/Lifecycle;ZLorg/spongepowered/asm/mixin/injection/callback/CallbackInfo;)V has 0 override(s) in child classes
[19:03:02] [main/DEBUG] (FabricLoader/Mixin) fabric-registry-sync-v0.mixins.json:MappedRegistryMixin from mod fabric-registry-sync-v0->@Inject::init(Lnet/minecraft/resources/ResourceKey;Lcom/mojang/serialization/Lifecycle;ZLorg/spongepowered/asm/mixin/injection/callback/CallbackInfo;)V won't be passed a CallbackInfo as a result
[19:03:02] [main/DEBUG] (FabricLoader/Mixin) fabric-registry-sync-v0.mixins.json:MappedRegistryMixin from mod fabric-registry-sync-v0->@Inject::set(Lnet/minecraft/resources/ResourceKey;Ljava/lang/Object;Lnet/minecraft/core/RegistrationInfo;Lorg/spongepowered/asm/mixin/injection/callback/CallbackInfoReturnable;)V does use it's CallbackInfoReturnable
[19:03:02] [main/DEBUG] (FabricLoader/Mixin) Mixing DataComponentInitializersMixin from fabric-item-api-v1.mixins.json into net.minecraft.core.component.DataComponentInitializers
[19:03:02] [main/DEBUG] (FabricLoader/Mixin) Renaming synthetic method lambda$captureLookup$0(Lcom/llamalad7/mixinextras/injector/wrapoperation/Operation;Lnet/minecraft/core/HolderLookup$Provider;Lnet/minecraft/core/component/DataComponentInitializers$PendingComponentBuilders;)Lnet/minecraft/core/component/DataComponentInitializers$PendingComponents; to md726be1$fabric-item-api-v1$lambda$captureLookup$0$0 in fabric-item-api-v1.mixins.json:DataComponentInitializersMixin from mod fabric-item-api-v1
[19:03:02] [Datafixer Bootstrap #0/INFO] (com.mojang.datafixers.DataFixerBuilder) 295 Datafixer optimizations took 407 milliseconds
[19:03:02] [main/DEBUG] (FabricLoader/Mixin) Mixing effect.MobEffectMixin from fabric-entity-events-v1.mixins.json into net.minecraft.world.effect.MobEffect
[19:03:02] [main/DEBUG] (FabricLoader/Mixin) Mixing ArgumentTypeInfosAccessor from fabric-command-api-v2.mixins.json into net.minecraft.commands.synchronization.ArgumentTypeInfos
[19:03:02] [main/DEBUG] (FabricLoader/Mixin) Renaming @Accessor method fabric_getClassMap()Ljava/util/Map; to fabric_getClassMap$fabric-command-api-v2_$md$726be1$0 in fabric-command-api-v2.mixins.json:ArgumentTypeInfosAccessor from mod fabric-command-api-v2
[19:03:02] [main/DEBUG] (FabricLoader/Mixin) Mixing DecoratedPotPatternsMixin from fabric-content-registries-v0.mixins.json into net.minecraft.world.level.block.entity.DecoratedPotPatterns
[19:03:02] [main/DEBUG] (FabricLoader/Mixin) fabric-content-registries-v0.mixins.json:DecoratedPotPatternsMixin from mod fabric-content-registries-v0->@Inject::makeItemToPatternMappingsMutable(Ljava/util/function/BiConsumer;Lorg/spongepowered/asm/mixin/injection/callback/CallbackInfo;)V doesn't use it's CallbackInfo
[19:03:02] [main/DEBUG] (FabricLoader/Mixin) Mixing CreativeModeTabsMixin from fabric-creative-tab-api-v1.mixins.json into net.minecraft.world.item.CreativeModeTabs
[19:03:02] [main/DEBUG] (FabricLoader/Mixin) Renaming synthetic method lambda$paginateTabs$0(Lnet/minecraft/core/Holder$Reference;Lnet/minecraft/core/Holder$Reference;)I to md726be1$fabric-creative-tab-api-v1$lambda$paginateTabs$0$0 in fabric-creative-tab-api-v1.mixins.json:CreativeModeTabsMixin from mod fabric-creative-tab-api-v1
[19:03:02] [main/DEBUG] (FabricLoader/Mixin) fabric-creative-tab-api-v1.mixins.json:CreativeModeTabsMixin from mod fabric-creative-tab-api-v1->@Inject::deferDuplicateCheck(Lorg/spongepowered/asm/mixin/injection/callback/CallbackInfo;)V does use it's CallbackInfo
[19:03:02] [main/DEBUG] (FabricLoader/Mixin) fabric-creative-tab-api-v1.mixins.json:CreativeModeTabsMixin from mod fabric-creative-tab-api-v1->@Inject::paginateTabs(Lorg/spongepowered/asm/mixin/injection/callback/CallbackInfo;)V doesn't use it's CallbackInfo
[19:03:02] [main/DEBUG] (FabricLoader/Mixin) Mixing CreativeModeTabAccessor from fabric-creative-tab-api-v1.mixins.json into net.minecraft.world.item.CreativeModeTab
[19:03:02] [main/DEBUG] (FabricLoader/Mixin) Mixing CreativeModeTabMixin from fabric-creative-tab-api-v1.mixins.json into net.minecraft.world.item.CreativeModeTab
[19:03:02] [main/DEBUG] (FabricLoader/Mixin) Renaming synthetic method lambda$getStacks$0(Lnet/minecraft/world/item/CreativeModeTab;)Ljava/lang/IllegalStateException; to md726be1$fabric-creative-tab-api-v1$lambda$getStacks$0$0 in fabric-creative-tab-api-v1.mixins.json:CreativeModeTabMixin from mod fabric-creative-tab-api-v1
[19:03:02] [main/DEBUG] (FabricLoader/Mixin) fabric-creative-tab-api-v1.mixins.json:CreativeModeTabMixin from mod fabric-creative-tab-api-v1->@Inject::getStacks(Lnet/minecraft/world/item/CreativeModeTab$ItemDisplayParameters;Lorg/spongepowered/asm/mixin/injection/callback/CallbackInfo;)V doesn't use it's CallbackInfo
[19:03:02] [main/DEBUG] (FabricLoader/Mixin) fabric-creative-tab-api-v1.mixins.json:CreativeModeTabMixin from mod fabric-creative-tab-api-v1->@Inject::getStacks(Lnet/minecraft/world/item/CreativeModeTab$ItemDisplayParameters;Lorg/spongepowered/asm/mixin/injection/callback/CallbackInfo;)V has 0 override(s) in child classes
[19:03:02] [main/DEBUG] (FabricLoader/Mixin) fabric-creative-tab-api-v1.mixins.json:CreativeModeTabMixin from mod fabric-creative-tab-api-v1->@Inject::getStacks(Lnet/minecraft/world/item/CreativeModeTab$ItemDisplayParameters;Lorg/spongepowered/asm/mixin/injection/callback/CallbackInfo;)V won't be passed a CallbackInfo as a result
[19:03:02] [main/DEBUG] (FabricLoader/Mixin) Mixing GameRuleOverrideMixin from mixins.bingo.json into net.minecraft.world.level.gamerules.GameRules
[19:03:02] [main/DEBUG] (FabricLoader/Mixin) mixins.bingo.json:GameRuleOverrideMixin from mod yet-another-minecraft-bingo->@Inject::getValueOverride(Lnet/minecraft/world/level/gamerules/GameRule;Lorg/spongepowered/asm/mixin/injection/callback/CallbackInfoReturnable;)V does use it's CallbackInfoReturnable
[19:03:02] [main/DEBUG] (FabricLoader/Mixin) Mixing GameRuleMixin from fabric-game-rule-api-v1.mixins.json into net.minecraft.world.level.gamerules.GameRule
[19:03:02] [main/DEBUG] (FabricLoader/Mixin) Renaming synthetic method lambda$deserializeEnum$1(Ljava/lang/String;)Ljava/lang/String; to md726be1$fabric-game-rule-api-v1$lambda$deserializeEnum$1$0 in fabric-game-rule-api-v1.mixins.json:GameRuleMixin from mod fabric-game-rule-api-v1
[19:03:02] [main/DEBUG] (FabricLoader/Mixin) Renaming synthetic method lambda$deserializeEnum$0(Ljava/lang/String;Ljava/lang/Class;)Ljava/lang/String; to md726be1$fabric-game-rule-api-v1$lambda$deserializeEnum$0$1 in fabric-game-rule-api-v1.mixins.json:GameRuleMixin from mod fabric-game-rule-api-v1
[19:03:02] [main/DEBUG] (FabricLoader/Mixin) Mixing FireBlockMixin from fabric-content-registries-v0.mixins.json into net.minecraft.world.level.block.FireBlock
[19:03:02] [main/DEBUG] (FabricLoader/Mixin) fabric-content-registries-v0.mixins.json:FireBlockMixin from mod fabric-content-registries-v0->@Inject::afterConstruct(Lnet/minecraft/world/level/block/state/BlockBehaviour$Properties;Lorg/spongepowered/asm/mixin/injection/callback/CallbackInfo;)V doesn't use it's CallbackInfo
[19:03:02] [main/DEBUG] (FabricLoader/Mixin) fabric-content-registries-v0.mixins.json:FireBlockMixin from mod fabric-content-registries-v0->@Inject::afterConstruct(Lnet/minecraft/world/level/block/state/BlockBehaviour$Properties;Lorg/spongepowered/asm/mixin/injection/callback/CallbackInfo;)V has 0 override(s) in child classes
[19:03:02] [main/DEBUG] (FabricLoader/Mixin) fabric-content-registries-v0.mixins.json:FireBlockMixin from mod fabric-content-registries-v0->@Inject::afterConstruct(Lnet/minecraft/world/level/block/state/BlockBehaviour$Properties;Lorg/spongepowered/asm/mixin/injection/callback/CallbackInfo;)V won't be passed a CallbackInfo as a result
[19:03:02] [main/DEBUG] (FabricLoader/Mixin) fabric-content-registries-v0.mixins.json:FireBlockMixin from mod fabric-content-registries-v0->@Inject::getFabricBurnChance(Lnet/minecraft/world/level/block/state/BlockState;Lorg/spongepowered/asm/mixin/injection/callback/CallbackInfoReturnable;)V does use it's CallbackInfoReturnable
[19:03:02] [main/DEBUG] (FabricLoader/Mixin) fabric-content-registries-v0.mixins.json:FireBlockMixin from mod fabric-content-registries-v0->@Inject::getFabricSpreadChance(Lnet/minecraft/world/level/block/state/BlockState;Lorg/spongepowered/asm/mixin/injection/callback/CallbackInfoReturnable;)V does use it's CallbackInfoReturnable
[19:03:02] [main/DEBUG] (FabricLoader/Mixin) Mixing BlockMixin from fabric-block-api-v1.mixins.json into net.minecraft.world.level.block.Block
[19:03:02] [main/DEBUG] (FabricLoader/Mixin) Mixing BlockBehaviourAccessor from fabric-content-registries-v0.mixins.json into net.minecraft.world.level.block.state.BlockBehaviour
[19:03:02] [main/DEBUG] (FabricLoader/Mixin) Mixing BlockGetterMixin from fabric-block-getter-api-v2.mixins.json into net.minecraft.world.level.BlockGetter
[19:03:02] [main/DEBUG] (FabricLoader/Mixin) Mixing EntityMixin from fabric-permission-api-v1.mixins.json into net.minecraft.world.entity.Entity
[19:03:02] [main/DEBUG] (FabricLoader/Mixin) Mixing EntityMixin from fabric-debug-api-v1.mixins.json into net.minecraft.world.entity.Entity
[19:03:02] [main/DEBUG] (FabricLoader/Mixin) Mixing EntityMixin from fabric-particles-v1.mixins.json into net.minecraft.world.entity.Entity
[19:03:02] [main/DEBUG] (FabricLoader/Mixin) Mixing AttachmentTargetsMixin from fabric-data-attachment-api-v1.mixins.json into net.minecraft.world.entity.Entity
[19:03:02] [main/DEBUG] (FabricLoader/Mixin) Renaming synthetic method lambda$fabric_updateSyncTarget$0(Lnet/fabricmc/fabric/impl/attachment/sync/AttachmentTargetInfo;Lnet/fabricmc/fabric/impl/attachment/sync/AttachmentTargetInfo;Lnet/fabricmc/fabric/api/attachment/v1/AttachmentType;Lnet/fabricmc/fabric/impl/attachment/sync/AttachmentChange;)Lnet/fabricmc/fabric/impl/attachment/sync/AttachmentChange; to md726be1$fabric-data-attachment-api-v1$lambda$fabric_updateSyncTarget$0$0 in fabric-data-attachment-api-v1.mixins.json:AttachmentTargetsMixin from mod fabric-data-attachment-api-v1
[19:03:02] [main/DEBUG] (FabricLoader/Mixin) Renaming synthetic method lambda$fabric_sendAndClearDeferredSyncChanges$0(Lnet/fabricmc/fabric/api/attachment/v1/AttachmentType;)Lnet/fabricmc/fabric/impl/attachment/sync/AttachmentChange; to md726be1$fabric-data-attachment-api-v1$lambda$fabric_sendAndClearDeferredSyncChanges$0$1 in fabric-data-attachment-api-v1.mixins.json:AttachmentTargetsMixin from mod fabric-data-attachment-api-v1
[19:03:02] [main/DEBUG] (FabricLoader/Mixin) Renaming synthetic method lambda$fabric_readAttachmentsFromNbt$0(Lnet/fabricmc/fabric/api/attachment/v1/AttachmentType;Ljava/lang/Object;)V to md726be1$fabric-data-attachment-api-v1$lambda$fabric_readAttachmentsFromNbt$0$2 in fabric-data-attachment-api-v1.mixins.json:AttachmentTargetsMixin from mod fabric-data-attachment-api-v1
[19:03:02] [main/DEBUG] (FabricLoader/Mixin) Renaming synthetic method lambda$onAttachedSet$0(Lnet/fabricmc/fabric/api/attachment/v1/AttachmentType;)Lnet/fabricmc/fabric/api/event/Event; to md726be1$fabric-data-attachment-api-v1$lambda$onAttachedSet$0$3 in fabric-data-attachment-api-v1.mixins.json:AttachmentTargetsMixin from mod fabric-data-attachment-api-v1
[19:03:02] [main/DEBUG] (FabricLoader/Mixin) Renaming synthetic method lambda$onAttachedSet$1([Lnet/fabricmc/fabric/api/attachment/v1/AttachmentTarget$OnAttachedSet;)Lnet/fabricmc/fabric/api/attachment/v1/AttachmentTarget$OnAttachedSet; to md726be1$fabric-data-attachment-api-v1$lambda$onAttachedSet$1$4 in fabric-data-attachment-api-v1.mixins.json:AttachmentTargetsMixin from mod fabric-data-attachment-api-v1
[19:03:02] [main/DEBUG] (FabricLoader/Mixin) Renaming synthetic method lambda$onAttachedSet$2([Lnet/fabricmc/fabric/api/attachment/v1/AttachmentTarget$OnAttachedSet;Ljava/lang/Object;Ljava/lang/Object;)V to md726be1$fabric-data-attachment-api-v1$lambda$onAttachedSet$2$5 in fabric-data-attachment-api-v1.mixins.json:AttachmentTargetsMixin from mod fabric-data-attachment-api-v1
[19:03:02] [main/DEBUG] (FabricLoader/Mixin) Mixing EntityMixin from fabric-data-attachment-api-v1.mixins.json into net.minecraft.world.entity.Entity
[19:03:02] [main/DEBUG] (FabricLoader/Mixin) Renaming synthetic method lambda$fabric_syncChange$0(Lnet/fabricmc/fabric/api/attachment/v1/AttachmentSyncPredicate;Lnet/fabricmc/fabric/impl/attachment/sync/AttachmentChange;Lnet/minecraft/server/level/ServerPlayer;)V to md726be1$fabric-data-attachment-api-v1$lambda$fabric_syncChange$0$6 in fabric-data-attachment-api-v1.mixins.json:EntityMixin from mod fabric-data-attachment-api-v1
[19:03:02] [main/DEBUG] (FabricLoader/Mixin) Mixing fluid.EntityAccessor from fabric-content-registries-v0.mixins.json into net.minecraft.world.entity.Entity
[19:03:02] [main/DEBUG] (FabricLoader/Mixin) Mixing fluid.EntityMixin from fabric-content-registries-v0.mixins.json into net.minecraft.world.entity.Entity
[19:03:02] [main/DEBUG] (FabricLoader/Mixin) Mixing EntityMixin from fabric-lifecycle-events-v1.mixins.json into net.minecraft.world.entity.Entity
[19:03:02] [main/DEBUG] (FabricLoader/Mixin) Mixing EntityMixin from fabric-entity-events-v1.mixins.json into net.minecraft.world.entity.Entity
[19:03:02] [main/DEBUG] (FabricLoader/Mixin) fabric-permission-api-v1.mixins.json:EntityMixin from mod fabric-permission-api-v1->@Inject::createPermissionContext(Lnet/minecraft/world/entity/EntityType;Lnet/minecraft/world/level/Level;Lorg/spongepowered/asm/mixin/injection/callback/CallbackInfo;)V doesn't use it's CallbackInfo
[19:03:02] [main/DEBUG] (FabricLoader/Mixin) fabric-permission-api-v1.mixins.json:EntityMixin from mod fabric-permission-api-v1->@Inject::createPermissionContext(Lnet/minecraft/world/entity/EntityType;Lnet/minecraft/world/level/Level;Lorg/spongepowered/asm/mixin/injection/callback/CallbackInfo;)V has 0 override(s) in child classes
[19:03:02] [main/DEBUG] (FabricLoader/Mixin) fabric-permission-api-v1.mixins.json:EntityMixin from mod fabric-permission-api-v1->@Inject::createPermissionContext(Lnet/minecraft/world/entity/EntityType;Lnet/minecraft/world/level/Level;Lorg/spongepowered/asm/mixin/injection/callback/CallbackInfo;)V won't be passed a CallbackInfo as a result
[19:03:02] [main/DEBUG] (FabricLoader/Mixin) fabric-debug-api-v1.mixins.json:EntityMixin from mod fabric-debug-api-v1->@Inject::addDebugValues(Lnet/minecraft/server/level/ServerLevel;Lnet/minecraft/util/debug/DebugValueSource$Registration;Lorg/spongepowered/asm/mixin/injection/callback/CallbackInfo;)V doesn't use it's CallbackInfo
[19:03:02] [main/DEBUG] (FabricLoader/Mixin) fabric-debug-api-v1.mixins.json:EntityMixin from mod fabric-debug-api-v1->@Inject::addDebugValues(Lnet/minecraft/server/level/ServerLevel;Lnet/minecraft/util/debug/DebugValueSource$Registration;Lorg/spongepowered/asm/mixin/injection/callback/CallbackInfo;)V has 0 override(s) in child classes
[19:03:02] [main/DEBUG] (FabricLoader/Mixin) fabric-debug-api-v1.mixins.json:EntityMixin from mod fabric-debug-api-v1->@Inject::addDebugValues(Lnet/minecraft/server/level/ServerLevel;Lnet/minecraft/util/debug/DebugValueSource$Registration;Lorg/spongepowered/asm/mixin/injection/callback/CallbackInfo;)V won't be passed a CallbackInfo as a result
[19:03:02] [main/DEBUG] (FabricLoader/Mixin) fabric-data-attachment-api-v1.mixins.json:EntityMixin from mod fabric-data-attachment-api-v1->@Inject::readEntityAttachments(Lnet/minecraft/world/level/storage/ValueInput;Lorg/spongepowered/asm/mixin/injection/callback/CallbackInfo;)V doesn't use it's CallbackInfo
[19:03:02] [main/DEBUG] (FabricLoader/Mixin) fabric-data-attachment-api-v1.mixins.json:EntityMixin from mod fabric-data-attachment-api-v1->@Inject::readEntityAttachments(Lnet/minecraft/world/level/storage/ValueInput;Lorg/spongepowered/asm/mixin/injection/callback/CallbackInfo;)V has 0 override(s) in child classes
[19:03:02] [main/DEBUG] (FabricLoader/Mixin) fabric-data-attachment-api-v1.mixins.json:EntityMixin from mod fabric-data-attachment-api-v1->@Inject::readEntityAttachments(Lnet/minecraft/world/level/storage/ValueInput;Lorg/spongepowered/asm/mixin/injection/callback/CallbackInfo;)V won't be passed a CallbackInfo as a result
[19:03:02] [main/DEBUG] (FabricLoader/Mixin) fabric-data-attachment-api-v1.mixins.json:EntityMixin from mod fabric-data-attachment-api-v1->@Inject::writeEntityAttachments(Lnet/minecraft/world/level/storage/ValueOutput;Lorg/spongepowered/asm/mixin/injection/callback/CallbackInfo;)V doesn't use it's CallbackInfo
[19:03:02] [main/DEBUG] (FabricLoader/Mixin) fabric-data-attachment-api-v1.mixins.json:EntityMixin from mod fabric-data-attachment-api-v1->@Inject::writeEntityAttachments(Lnet/minecraft/world/level/storage/ValueOutput;Lorg/spongepowered/asm/mixin/injection/callback/CallbackInfo;)V has 0 override(s) in child classes
[19:03:02] [main/DEBUG] (FabricLoader/Mixin) fabric-data-attachment-api-v1.mixins.json:EntityMixin from mod fabric-data-attachment-api-v1->@Inject::writeEntityAttachments(Lnet/minecraft/world/level/storage/ValueOutput;Lorg/spongepowered/asm/mixin/injection/callback/CallbackInfo;)V won't be passed a CallbackInfo as a result
[19:03:02] [main/DEBUG] (FabricLoader/Mixin) fabric-data-attachment-api-v1.mixins.json:EntityMixin from mod fabric-data-attachment-api-v1->@Inject::setId(ILorg/spongepowered/asm/mixin/injection/callback/CallbackInfo;)V doesn't use it's CallbackInfo
[19:03:02] [main/DEBUG] (FabricLoader/Mixin) fabric-data-attachment-api-v1.mixins.json:EntityMixin from mod fabric-data-attachment-api-v1->@Inject::setId(ILorg/spongepowered/asm/mixin/injection/callback/CallbackInfo;)V has 0 override(s) in child classes
[19:03:02] [main/DEBUG] (FabricLoader/Mixin) fabric-data-attachment-api-v1.mixins.json:EntityMixin from mod fabric-data-attachment-api-v1->@Inject::setId(ILorg/spongepowered/asm/mixin/injection/callback/CallbackInfo;)V won't be passed a CallbackInfo as a result
[19:03:02] [main/DEBUG] (FabricLoader/Mixin) Mixing PlayerMixin from fabric-events-interaction-v0.mixins.json into net.minecraft.world.entity.player.Player
[19:03:02] [main/DEBUG] (FabricLoader/Mixin) Mixing PlayerMixin from fabric-entity-events-v1.mixins.json into net.minecraft.world.entity.player.Player
[19:03:02] [main/DEBUG] (FabricLoader/Mixin) fabric-events-interaction-v0.mixins.json:PlayerMixin from mod fabric-events-interaction-v0->@Inject::onPlayerInteractEntity(Lnet/minecraft/world/entity/Entity;Lorg/spongepowered/asm/mixin/injection/callback/CallbackInfo;)V does use it's CallbackInfo
[19:03:02] [main/DEBUG] (FabricLoader/Mixin) fabric-entity-events-v1.mixins.json:PlayerMixin from mod fabric-entity-events-v1->@Inject::onStartSleepInBed(Lnet/minecraft/core/BlockPos;Lorg/spongepowered/asm/mixin/injection/callback/CallbackInfoReturnable;)V does use it's CallbackInfoReturnable
[19:03:02] [main/DEBUG] (FabricLoader/Mixin) fabric-entity-events-v1.mixins.json:PlayerMixin from mod fabric-entity-events-v1->@Inject::onIsSleepingLongEnough(Lorg/spongepowered/asm/mixin/injection/callback/CallbackInfoReturnable;)V does use it's CallbackInfoReturnable
[19:03:02] [main/DEBUG] (FabricLoader/Mixin) Mixing LivingEntityMixin from fabric-particles-v1.mixins.json into net.minecraft.world.entity.LivingEntity
[19:03:02] [main/DEBUG] (FabricLoader/Mixin) Mixing fluid.LivingEntityAccessor from fabric-content-registries-v0.mixins.json into net.minecraft.world.entity.LivingEntity
[19:03:02] [main/DEBUG] (FabricLoader/Mixin) Mixing fluid.LivingEntityMixin from fabric-content-registries-v0.mixins.json into net.minecraft.world.entity.LivingEntity
[19:03:02] [main/DEBUG] (FabricLoader/Mixin) Mixing LivingEntityMixin from fabric-lifecycle-events-v1.mixins.json into net.minecraft.world.entity.LivingEntity
[19:03:02] [main/DEBUG] (FabricLoader/Mixin) Mixing LivingEntityMixin from fabric-entity-events-v1.mixins.json into net.minecraft.world.entity.LivingEntity
[19:03:02] [main/DEBUG] (FabricLoader/Mixin) Mixing effect.LivingEntityMixin from fabric-entity-events-v1.mixins.json into net.minecraft.world.entity.LivingEntity
[19:03:02] [main/DEBUG] (FabricLoader/Mixin) Mixing elytra.LivingEntityMixin from fabric-entity-events-v1.mixins.json into net.minecraft.world.entity.LivingEntity
[19:03:02] [main/DEBUG] (FabricLoader/Mixin) Mixing LivingEntityMixin from fabric-block-api-v1.mixins.json into net.minecraft.world.entity.LivingEntity
[19:03:02] [main/DEBUG] (FabricLoader/Mixin) Mixing LivingEntityMixin from fabric-item-api-v1.mixins.json into net.minecraft.world.entity.LivingEntity
[19:03:02] [main/DEBUG] (FabricLoader/Mixin) fabric-lifecycle-events-v1.mixins.json:LivingEntityMixin from mod fabric-lifecycle-events-v1->@Inject::getEquipmentChanges(Lorg/spongepowered/asm/mixin/injection/callback/CallbackInfoReturnable;)V doesn't use it's CallbackInfoReturnable
[19:03:02] [main/DEBUG] (FabricLoader/Mixin) fabric-lifecycle-events-v1.mixins.json:LivingEntityMixin from mod fabric-lifecycle-events-v1->@Inject::getEquipmentChanges(Lorg/spongepowered/asm/mixin/injection/callback/CallbackInfoReturnable;)V has 0 override(s) in child classes
[19:03:02] [main/DEBUG] (FabricLoader/Mixin) fabric-lifecycle-events-v1.mixins.json:LivingEntityMixin from mod fabric-lifecycle-events-v1->@Inject::getEquipmentChanges(Lorg/spongepowered/asm/mixin/injection/callback/CallbackInfoReturnable;)V won't be passed a CallbackInfoReturnable as a result
[19:03:02] [main/DEBUG] (FabricLoader/Mixin) fabric-entity-events-v1.mixins.json:LivingEntityMixin from mod fabric-entity-events-v1->@Inject::notifyDeath(Lnet/minecraft/world/damagesource/DamageSource;Lorg/spongepowered/asm/mixin/injection/callback/CallbackInfo;)V doesn't use it's CallbackInfo
[19:03:02] [main/DEBUG] (FabricLoader/Mixin) fabric-entity-events-v1.mixins.json:LivingEntityMixin from mod fabric-entity-events-v1->@Inject::notifyDeath(Lnet/minecraft/world/damagesource/DamageSource;Lorg/spongepowered/asm/mixin/injection/callback/CallbackInfo;)V has 0 override(s) in child classes
[19:03:02] [main/DEBUG] (FabricLoader/Mixin) fabric-entity-events-v1.mixins.json:LivingEntityMixin from mod fabric-entity-events-v1->@Inject::notifyDeath(Lnet/minecraft/world/damagesource/DamageSource;Lorg/spongepowered/asm/mixin/injection/callback/CallbackInfo;)V won't be passed a CallbackInfo as a result
[19:03:02] [main/DEBUG] (FabricLoader/Mixin) fabric-entity-events-v1.mixins.json:LivingEntityMixin from mod fabric-entity-events-v1->@Inject::beforeDamage(Lnet/minecraft/server/level/ServerLevel;Lnet/minecraft/world/damagesource/DamageSource;FLorg/spongepowered/asm/mixin/injection/callback/CallbackInfoReturnable;)V does use it's CallbackInfoReturnable
[19:03:02] [main/DEBUG] (FabricLoader/Mixin) fabric-entity-events-v1.mixins.json:LivingEntityMixin from mod fabric-entity-events-v1->@Inject::afterDamage(Lnet/minecraft/server/level/ServerLevel;Lnet/minecraft/world/damagesource/DamageSource;FLorg/spongepowered/asm/mixin/injection/callback/CallbackInfoReturnable;)V doesn't use it's CallbackInfoReturnable
[19:03:02] [main/DEBUG] (FabricLoader/Mixin) fabric-entity-events-v1.mixins.json:LivingEntityMixin from mod fabric-entity-events-v1->@Inject::afterDamage(Lnet/minecraft/server/level/ServerLevel;Lnet/minecraft/world/damagesource/DamageSource;FLorg/spongepowered/asm/mixin/injection/callback/CallbackInfoReturnable;)V has 0 override(s) in child classes
[19:03:02] [main/DEBUG] (FabricLoader/Mixin) fabric-entity-events-v1.mixins.json:LivingEntityMixin from mod fabric-entity-events-v1->@Inject::afterDamage(Lnet/minecraft/server/level/ServerLevel;Lnet/minecraft/world/damagesource/DamageSource;FLorg/spongepowered/asm/mixin/injection/callback/CallbackInfoReturnable;)V won't be passed a CallbackInfoReturnable as a result
[19:03:02] [main/DEBUG] (FabricLoader/Mixin) fabric-entity-events-v1.mixins.json:LivingEntityMixin from mod fabric-entity-events-v1->@Inject::onSleep(Lnet/minecraft/core/BlockPos;Lorg/spongepowered/asm/mixin/injection/callback/CallbackInfo;)V doesn't use it's CallbackInfo
[19:03:02] [main/DEBUG] (FabricLoader/Mixin) fabric-entity-events-v1.mixins.json:LivingEntityMixin from mod fabric-entity-events-v1->@Inject::onSleep(Lnet/minecraft/core/BlockPos;Lorg/spongepowered/asm/mixin/injection/callback/CallbackInfo;)V has 0 override(s) in child classes
[19:03:02] [main/DEBUG] (FabricLoader/Mixin) fabric-entity-events-v1.mixins.json:LivingEntityMixin from mod fabric-entity-events-v1->@Inject::onSleep(Lnet/minecraft/core/BlockPos;Lorg/spongepowered/asm/mixin/injection/callback/CallbackInfo;)V won't be passed a CallbackInfo as a result
[19:03:02] [main/DEBUG] (FabricLoader/Mixin) fabric-entity-events-v1.mixins.json:LivingEntityMixin from mod fabric-entity-events-v1->@Inject::onWakeUp(Lorg/spongepowered/asm/mixin/injection/callback/CallbackInfo;)V doesn't use it's CallbackInfo
[19:03:02] [main/DEBUG] (FabricLoader/Mixin) fabric-entity-events-v1.mixins.json:LivingEntityMixin from mod fabric-entity-events-v1->@Inject::onWakeUp(Lorg/spongepowered/asm/mixin/injection/callback/CallbackInfo;)V has 0 override(s) in child classes
[19:03:02] [main/DEBUG] (FabricLoader/Mixin) fabric-entity-events-v1.mixins.json:LivingEntityMixin from mod fabric-entity-events-v1->@Inject::onWakeUp(Lorg/spongepowered/asm/mixin/injection/callback/CallbackInfo;)V won't be passed a CallbackInfo as a result
[19:03:02] [main/DEBUG] (FabricLoader/Mixin) fabric-entity-events-v1.mixins.json:LivingEntityMixin from mod fabric-entity-events-v1->@Inject::onIsSleepingInBed(Lnet/minecraft/core/BlockPos;Lorg/spongepowered/asm/mixin/injection/callback/CallbackInfoReturnable;)V does use it's CallbackInfoReturnable
[19:03:02] [main/DEBUG] (FabricLoader/Mixin) fabric-entity-events-v1.mixins.json:effect.LivingEntityMixin from mod fabric-entity-events-v1->@Inject::beforeAddEffect(Lnet/minecraft/world/effect/MobEffectInstance;Lnet/minecraft/world/entity/Entity;Lorg/spongepowered/asm/mixin/injection/callback/CallbackInfoReturnable;)V doesn't use it's CallbackInfoReturnable
[19:03:02] [main/DEBUG] (FabricLoader/Mixin) fabric-entity-events-v1.mixins.json:effect.LivingEntityMixin from mod fabric-entity-events-v1->@Inject::beforeAddEffect(Lnet/minecraft/world/effect/MobEffectInstance;Lnet/minecraft/world/entity/Entity;Lorg/spongepowered/asm/mixin/injection/callback/CallbackInfoReturnable;)V has 0 override(s) in child classes
[19:03:02] [main/DEBUG] (FabricLoader/Mixin) fabric-entity-events-v1.mixins.json:effect.LivingEntityMixin from mod fabric-entity-events-v1->@Inject::beforeAddEffect(Lnet/minecraft/world/effect/MobEffectInstance;Lnet/minecraft/world/entity/Entity;Lorg/spongepowered/asm/mixin/injection/callback/CallbackInfoReturnable;)V won't be passed a CallbackInfoReturnable as a result
[19:03:02] [main/DEBUG] (FabricLoader/Mixin) fabric-entity-events-v1.mixins.json:effect.LivingEntityMixin from mod fabric-entity-events-v1->@Inject::beforeForceAddEffect(Lnet/minecraft/world/effect/MobEffectInstance;Lnet/minecraft/world/entity/Entity;Lorg/spongepowered/asm/mixin/injection/callback/CallbackInfo;)V doesn't use it's CallbackInfo
[19:03:02] [main/DEBUG] (FabricLoader/Mixin) fabric-entity-events-v1.mixins.json:effect.LivingEntityMixin from mod fabric-entity-events-v1->@Inject::beforeForceAddEffect(Lnet/minecraft/world/effect/MobEffectInstance;Lnet/minecraft/world/entity/Entity;Lorg/spongepowered/asm/mixin/injection/callback/CallbackInfo;)V has 0 override(s) in child classes
[19:03:02] [main/DEBUG] (FabricLoader/Mixin) fabric-entity-events-v1.mixins.json:effect.LivingEntityMixin from mod fabric-entity-events-v1->@Inject::beforeForceAddEffect(Lnet/minecraft/world/effect/MobEffectInstance;Lnet/minecraft/world/entity/Entity;Lorg/spongepowered/asm/mixin/injection/callback/CallbackInfo;)V won't be passed a CallbackInfo as a result
[19:03:02] [main/DEBUG] (FabricLoader/Mixin) fabric-entity-events-v1.mixins.json:effect.LivingEntityMixin from mod fabric-entity-events-v1->@Inject::afterAddEffect(Lnet/minecraft/world/effect/MobEffectInstance;Lnet/minecraft/world/entity/Entity;Lorg/spongepowered/asm/mixin/injection/callback/CallbackInfo;)V doesn't use it's CallbackInfo
[19:03:02] [main/DEBUG] (FabricLoader/Mixin) fabric-entity-events-v1.mixins.json:effect.LivingEntityMixin from mod fabric-entity-events-v1->@Inject::afterAddEffect(Lnet/minecraft/world/effect/MobEffectInstance;Lnet/minecraft/world/entity/Entity;Lorg/spongepowered/asm/mixin/injection/callback/CallbackInfo;)V has 0 override(s) in child classes
[19:03:02] [main/DEBUG] (FabricLoader/Mixin) fabric-entity-events-v1.mixins.json:effect.LivingEntityMixin from mod fabric-entity-events-v1->@Inject::afterAddEffect(Lnet/minecraft/world/effect/MobEffectInstance;Lnet/minecraft/world/entity/Entity;Lorg/spongepowered/asm/mixin/injection/callback/CallbackInfo;)V won't be passed a CallbackInfo as a result
[19:03:02] [main/DEBUG] (FabricLoader/Mixin) fabric-entity-events-v1.mixins.json:effect.LivingEntityMixin from mod fabric-entity-events-v1->@Inject::beforeRemoveEffect(Lnet/minecraft/core/Holder;Lorg/spongepowered/asm/mixin/injection/callback/CallbackInfoReturnable;)V doesn't use it's CallbackInfoReturnable
[19:03:02] [main/DEBUG] (FabricLoader/Mixin) fabric-entity-events-v1.mixins.json:effect.LivingEntityMixin from mod fabric-entity-events-v1->@Inject::beforeRemoveEffect(Lnet/minecraft/core/Holder;Lorg/spongepowered/asm/mixin/injection/callback/CallbackInfoReturnable;)V has 0 override(s) in child classes
[19:03:02] [main/DEBUG] (FabricLoader/Mixin) fabric-entity-events-v1.mixins.json:effect.LivingEntityMixin from mod fabric-entity-events-v1->@Inject::beforeRemoveEffect(Lnet/minecraft/core/Holder;Lorg/spongepowered/asm/mixin/injection/callback/CallbackInfoReturnable;)V won't be passed a CallbackInfoReturnable as a result
[19:03:02] [main/DEBUG] (FabricLoader/Mixin) fabric-entity-events-v1.mixins.json:effect.LivingEntityMixin from mod fabric-entity-events-v1->@Inject::beforeExpireRemoveEffect(Lorg/spongepowered/asm/mixin/injection/callback/CallbackInfo;)V doesn't use it's CallbackInfo
[19:03:02] [main/DEBUG] (FabricLoader/Mixin) fabric-entity-events-v1.mixins.json:effect.LivingEntityMixin from mod fabric-entity-events-v1->@Inject::beforeExpireRemoveEffect(Lorg/spongepowered/asm/mixin/injection/callback/CallbackInfo;)V has 0 override(s) in child classes
[19:03:02] [main/DEBUG] (FabricLoader/Mixin) fabric-entity-events-v1.mixins.json:effect.LivingEntityMixin from mod fabric-entity-events-v1->@Inject::beforeExpireRemoveEffect(Lorg/spongepowered/asm/mixin/injection/callback/CallbackInfo;)V won't be passed a CallbackInfo as a result
[19:03:02] [main/DEBUG] (FabricLoader/Mixin) fabric-entity-events-v1.mixins.json:effect.LivingEntityMixin from mod fabric-entity-events-v1->@Inject::beforeRemoveAllEffects(Lorg/spongepowered/asm/mixin/injection/callback/CallbackInfoReturnable;)V doesn't use it's CallbackInfoReturnable
[19:03:02] [main/DEBUG] (FabricLoader/Mixin) fabric-entity-events-v1.mixins.json:effect.LivingEntityMixin from mod fabric-entity-events-v1->@Inject::beforeRemoveAllEffects(Lorg/spongepowered/asm/mixin/injection/callback/CallbackInfoReturnable;)V has 0 override(s) in child classes
[19:03:02] [main/DEBUG] (FabricLoader/Mixin) fabric-entity-events-v1.mixins.json:effect.LivingEntityMixin from mod fabric-entity-events-v1->@Inject::beforeRemoveAllEffects(Lorg/spongepowered/asm/mixin/injection/callback/CallbackInfoReturnable;)V won't be passed a CallbackInfoReturnable as a result
[19:03:02] [main/DEBUG] (FabricLoader/Mixin) fabric-entity-events-v1.mixins.json:effect.LivingEntityMixin from mod fabric-entity-events-v1->@Inject::afterRemoveEffect(Ljava/util/Collection;Lorg/spongepowered/asm/mixin/injection/callback/CallbackInfo;)V doesn't use it's CallbackInfo
[19:03:02] [main/DEBUG] (FabricLoader/Mixin) fabric-entity-events-v1.mixins.json:effect.LivingEntityMixin from mod fabric-entity-events-v1->@Inject::afterRemoveEffect(Ljava/util/Collection;Lorg/spongepowered/asm/mixin/injection/callback/CallbackInfo;)V has 0 override(s) in child classes
[19:03:02] [main/DEBUG] (FabricLoader/Mixin) fabric-entity-events-v1.mixins.json:effect.LivingEntityMixin from mod fabric-entity-events-v1->@Inject::afterRemoveEffect(Ljava/util/Collection;Lorg/spongepowered/asm/mixin/injection/callback/CallbackInfo;)V won't be passed a CallbackInfo as a result
[19:03:02] [main/DEBUG] (FabricLoader/Mixin) fabric-entity-events-v1.mixins.json:effect.LivingEntityMixin from mod fabric-entity-events-v1->@Inject::afterRemoveEffect(Ljava/util/Collection;Lorg/spongepowered/asm/mixin/injection/callback/CallbackInfo;)V doesn't use it's CallbackInfo
[19:03:02] [main/DEBUG] (FabricLoader/Mixin) fabric-entity-events-v1.mixins.json:effect.LivingEntityMixin from mod fabric-entity-events-v1->@Inject::afterRemoveEffect(Ljava/util/Collection;Lorg/spongepowered/asm/mixin/injection/callback/CallbackInfo;)V has 0 override(s) in child classes
[19:03:02] [main/DEBUG] (FabricLoader/Mixin) fabric-entity-events-v1.mixins.json:effect.LivingEntityMixin from mod fabric-entity-events-v1->@Inject::afterRemoveEffect(Ljava/util/Collection;Lorg/spongepowered/asm/mixin/injection/callback/CallbackInfo;)V won't be passed a CallbackInfo as a result
[19:03:02] [main/DEBUG] (FabricLoader/Mixin) fabric-entity-events-v1.mixins.json:elytra.LivingEntityMixin from mod fabric-entity-events-v1->@Inject::injectElytraTick(Lorg/spongepowered/asm/mixin/injection/callback/CallbackInfo;)V does use it's CallbackInfo
[19:03:02] [main/DEBUG] (FabricLoader/Mixin) fabric-entity-events-v1.mixins.json:elytra.LivingEntityMixin from mod fabric-entity-events-v1->@Inject::injectElytraCheck(Lorg/spongepowered/asm/mixin/injection/callback/CallbackInfoReturnable;)V does use it's CallbackInfoReturnable
[19:03:02] [main/DEBUG] (FabricLoader/Mixin) fabric-block-api-v1.mixins.json:LivingEntityMixin from mod fabric-block-api-v1->@Inject::allowTaggedBlocksForTrapdoorClimbing(Lnet/minecraft/core/BlockPos;Lnet/minecraft/world/level/block/state/BlockState;Lorg/spongepowered/asm/mixin/injection/callback/CallbackInfoReturnable;)V does use it's CallbackInfoReturnable
[19:03:02] [main/DEBUG] (FabricLoader/Mixin) fabric-item-api-v1.mixins.json:LivingEntityMixin from mod fabric-item-api-v1->@Inject::onGetPreferredEquipmentSlot(Lnet/minecraft/world/item/ItemStack;Lorg/spongepowered/asm/mixin/injection/callback/CallbackInfoReturnable;)V does use it's CallbackInfoReturnable
[19:03:02] [main/DEBUG] (FabricLoader/Mixin) Mixing LevelReaderMixin from fabric-block-getter-api-v2.mixins.json into net.minecraft.world.level.LevelReader
[19:03:02] [main/DEBUG] (FabricLoader/Mixin) Mixing AttachmentTargetsMixin from fabric-data-attachment-api-v1.mixins.json into net.minecraft.world.level.Level
[19:03:02] [main/DEBUG] (FabricLoader/Mixin) Mixing LevelMixin from fabric-data-attachment-api-v1.mixins.json into net.minecraft.world.level.Level
[19:03:02] [main/DEBUG] (FabricLoader/Mixin) Mixing LevelMixin from fabric-lifecycle-events-v1.mixins.json into net.minecraft.world.level.Level
[19:03:03] [main/DEBUG] (FabricLoader/Mixin) Mixing ServerLevelMixin from fabric-api-lookup-api-v1.mixins.json into net.minecraft.server.level.ServerLevel
[19:03:03] [main/DEBUG] (FabricLoader/Mixin) Renaming synthetic method lambda$fabric_invalidateCache$2(Ljava/util/Map$Entry;)Z to md726be1$fabric-api-lookup-api-v1$lambda$fabric_invalidateCache$2$0 in fabric-api-lookup-api-v1.mixins.json:ServerLevelMixin from mod fabric-api-lookup-api-v1
[19:03:03] [main/DEBUG] (FabricLoader/Mixin) Renaming synthetic method lambda$fabric_invalidateCache$3(Ljava/lang/ref/WeakReference;)Z to md726be1$fabric-api-lookup-api-v1$lambda$fabric_invalidateCache$3$1 in fabric-api-lookup-api-v1.mixins.json:ServerLevelMixin from mod fabric-api-lookup-api-v1
[19:03:03] [main/DEBUG] (FabricLoader/Mixin) Renaming synthetic method lambda$fabric_invalidateCache$1(Ljava/lang/ref/WeakReference;)V to md726be1$fabric-api-lookup-api-v1$lambda$fabric_invalidateCache$1$2 in fabric-api-lookup-api-v1.mixins.json:ServerLevelMixin from mod fabric-api-lookup-api-v1
[19:03:03] [main/DEBUG] (FabricLoader/Mixin) Renaming synthetic method lambda$fabric_invalidateCache$0(Ljava/lang/ref/WeakReference;)Z to md726be1$fabric-api-lookup-api-v1$lambda$fabric_invalidateCache$0$3 in fabric-api-lookup-api-v1.mixins.json:ServerLevelMixin from mod fabric-api-lookup-api-v1
[19:03:03] [main/DEBUG] (FabricLoader/Mixin) Renaming synthetic method lambda$fabric_registerCache$1(Ljava/lang/ref/WeakReference;)Z to md726be1$fabric-api-lookup-api-v1$lambda$fabric_registerCache$1$4 in fabric-api-lookup-api-v1.mixins.json:ServerLevelMixin from mod fabric-api-lookup-api-v1
[19:03:03] [main/DEBUG] (FabricLoader/Mixin) Renaming synthetic method lambda$fabric_registerCache$0(Lnet/minecraft/core/BlockPos;)Ljava/util/List; to md726be1$fabric-api-lookup-api-v1$lambda$fabric_registerCache$0$5 in fabric-api-lookup-api-v1.mixins.json:ServerLevelMixin from mod fabric-api-lookup-api-v1
[19:03:03] [main/DEBUG] (FabricLoader/Mixin) Mixing ServerLevelMixin from fabric-data-attachment-api-v1.mixins.json into net.minecraft.server.level.ServerLevel
[19:03:03] [main/DEBUG] (FabricLoader/Mixin) Renaming synthetic method lambda$fabric_syncChange$0(Lnet/fabricmc/fabric/api/attachment/v1/AttachmentType;Lnet/fabricmc/fabric/impl/attachment/sync/AttachmentChange;Lnet/minecraft/server/level/ServerPlayer;)V to md726be1$fabric-data-attachment-api-v1$lambda$fabric_syncChange$0$6 in fabric-data-attachment-api-v1.mixins.json:ServerLevelMixin from mod fabric-data-attachment-api-v1
[19:03:03] [main/DEBUG] (FabricLoader/Mixin) Renaming synthetic method lambda$createAttachmentsPersistentState$0(Lnet/minecraft/server/level/ServerLevel;)Lnet/fabricmc/fabric/impl/attachment/AttachmentSavedData; to md726be1$fabric-data-attachment-api-v1$lambda$createAttachmentsPersistentState$0$7 in fabric-data-attachment-api-v1.mixins.json:ServerLevelMixin from mod fabric-data-attachment-api-v1
[19:03:03] [main/DEBUG] (FabricLoader/Mixin) Mixing ServerLevelMixin from fabric-lifecycle-events-v1.mixins.json into net.minecraft.server.level.ServerLevel
[19:03:03] [main/DEBUG] (FabricLoader/Mixin) Mixing ServerLevelAccessor from mixins.bingo.json into net.minecraft.server.level.ServerLevel
[19:03:03] [main/DEBUG] (FabricLoader/Mixin) fabric-data-attachment-api-v1.mixins.json:ServerLevelMixin from mod fabric-data-attachment-api-v1->@Inject::createAttachmentsPersistentState(Lorg/spongepowered/asm/mixin/injection/callback/CallbackInfo;)V doesn't use it's CallbackInfo
[19:03:03] [main/DEBUG] (FabricLoader/Mixin) fabric-data-attachment-api-v1.mixins.json:ServerLevelMixin from mod fabric-data-attachment-api-v1->@Inject::createAttachmentsPersistentState(Lorg/spongepowered/asm/mixin/injection/callback/CallbackInfo;)V has 0 override(s) in child classes
[19:03:03] [main/DEBUG] (FabricLoader/Mixin) fabric-data-attachment-api-v1.mixins.json:ServerLevelMixin from mod fabric-data-attachment-api-v1->@Inject::createAttachmentsPersistentState(Lorg/spongepowered/asm/mixin/injection/callback/CallbackInfo;)V won't be passed a CallbackInfo as a result
[19:03:03] [main/DEBUG] (FabricLoader/Mixin) fabric-lifecycle-events-v1.mixins.json:ServerLevelMixin from mod fabric-lifecycle-events-v1->@Inject::startLevelTick(Ljava/util/function/BooleanSupplier;Lorg/spongepowered/asm/mixin/injection/callback/CallbackInfo;)V doesn't use it's CallbackInfo
[19:03:03] [main/DEBUG] (FabricLoader/Mixin) fabric-lifecycle-events-v1.mixins.json:ServerLevelMixin from mod fabric-lifecycle-events-v1->@Inject::startLevelTick(Ljava/util/function/BooleanSupplier;Lorg/spongepowered/asm/mixin/injection/callback/CallbackInfo;)V has 0 override(s) in child classes
[19:03:03] [main/DEBUG] (FabricLoader/Mixin) fabric-lifecycle-events-v1.mixins.json:ServerLevelMixin from mod fabric-lifecycle-events-v1->@Inject::startLevelTick(Ljava/util/function/BooleanSupplier;Lorg/spongepowered/asm/mixin/injection/callback/CallbackInfo;)V won't be passed a CallbackInfo as a result
[19:03:03] [main/DEBUG] (FabricLoader/Mixin) fabric-lifecycle-events-v1.mixins.json:ServerLevelMixin from mod fabric-lifecycle-events-v1->@Inject::endLevelTick(Ljava/util/function/BooleanSupplier;Lorg/spongepowered/asm/mixin/injection/callback/CallbackInfo;)V doesn't use it's CallbackInfo
[19:03:03] [main/DEBUG] (FabricLoader/Mixin) fabric-lifecycle-events-v1.mixins.json:ServerLevelMixin from mod fabric-lifecycle-events-v1->@Inject::endLevelTick(Ljava/util/function/BooleanSupplier;Lorg/spongepowered/asm/mixin/injection/callback/CallbackInfo;)V has 0 override(s) in child classes
[19:03:03] [main/DEBUG] (FabricLoader/Mixin) fabric-lifecycle-events-v1.mixins.json:ServerLevelMixin from mod fabric-lifecycle-events-v1->@Inject::endLevelTick(Ljava/util/function/BooleanSupplier;Lorg/spongepowered/asm/mixin/injection/callback/CallbackInfo;)V won't be passed a CallbackInfo as a result
[19:03:03] [main/DEBUG] (FabricLoader/Mixin) Mixing BlockStateMixin from fabric-block-api-v1.mixins.json into net.minecraft.world.level.block.state.BlockState
[19:03:03] [main/DEBUG] (FabricLoader/Mixin) Mixing BlockBehaviourBlockStateBaseMixin from fabric-events-interaction-v0.mixins.json into net.minecraft.world.level.block.state.BlockBehaviour$BlockStateBase
[19:03:03] [main/DEBUG] (FabricLoader/Mixin) Mixing BlockBehaviourBlockStateBaseMixin from fabric-content-registries-v0.mixins.json into net.minecraft.world.level.block.state.BlockBehaviour$BlockStateBase
[19:03:03] [main/DEBUG] (FabricLoader/Mixin) fabric-events-interaction-v0.mixins.json:BlockBehaviourBlockStateBaseMixin from mod fabric-events-interaction-v0->@Inject::callUseItemOnEvent(Lnet/minecraft/world/item/ItemStack;Lnet/minecraft/world/level/Level;Lnet/minecraft/world/entity/player/Player;Lnet/minecraft/world/InteractionHand;Lnet/minecraft/world/phys/BlockHitResult;Lorg/spongepowered/asm/mixin/injection/callback/CallbackInfoReturnable;)V does use it's CallbackInfoReturnable
[19:03:03] [main/DEBUG] (FabricLoader/Mixin) fabric-events-interaction-v0.mixins.json:BlockBehaviourBlockStateBaseMixin from mod fabric-events-interaction-v0->@Inject::callUseWithoutItemEvent(Lnet/minecraft/world/level/Level;Lnet/minecraft/world/entity/player/Player;Lnet/minecraft/world/phys/BlockHitResult;Lorg/spongepowered/asm/mixin/injection/callback/CallbackInfoReturnable;)V does use it's CallbackInfoReturnable
[19:03:03] [main/DEBUG] (FabricLoader/Mixin) Mixing BlockBehaviourPropertiesMixin from fabric-block-api-v1.mixins.json into net.minecraft.world.level.block.state.BlockBehaviour$Properties
[19:03:03] [main/DEBUG] (FabricLoader/Mixin) Mixing IdMapperMixin from fabric-registry-sync-v0.mixins.json into net.minecraft.core.IdMapper
[19:03:03] [main/DEBUG] (FabricLoader/Mixin) Renaming synthetic method lambda$fabric_remapIds$0(Lit/unimi/dsi/fastutil/ints/Int2IntMap;Ljava/lang/Object;Ljava/lang/Integer;)Ljava/lang/Integer; to md726be1$fabric-registry-sync-v0$lambda$fabric_remapIds$0$0 in fabric-registry-sync-v0.mixins.json:IdMapperMixin from mod fabric-registry-sync-v0
[19:03:03] [main/DEBUG] (FabricLoader/Mixin) Mixing RegistryFriendlyByteBufMixin from fabric-networking-api-v1.mixins.json into net.minecraft.network.RegistryFriendlyByteBuf
[19:03:03] [main/DEBUG] (FabricLoader/Mixin) Mixing FriendlyByteBufMixin from fabric-networking-api-v1.mixins.json into net.minecraft.network.FriendlyByteBuf
[19:03:03] [main/DEBUG] (FabricLoader/Mixin) Mixing BlocksMixin from fabric-registry-sync-v0.mixins.json into net.minecraft.world.level.block.Blocks
[19:03:03] [main/DEBUG] (FabricLoader/Mixin) Renaming synthetic method lambda$initShapeCache$0(ILnet/minecraft/resources/Identifier;Lnet/minecraft/world/level/block/Block;)V to md726be1$fabric-registry-sync-v0$lambda$initShapeCache$0$0 in fabric-registry-sync-v0.mixins.json:BlocksMixin from mod fabric-registry-sync-v0
[19:03:03] [main/DEBUG] (FabricLoader/Mixin) fabric-registry-sync-v0.mixins.json:BlocksMixin from mod fabric-registry-sync-v0->@Inject::initShapeCache(Lorg/spongepowered/asm/mixin/injection/callback/CallbackInfo;)V doesn't use it's CallbackInfo
[19:03:03] [main/DEBUG] (FabricLoader/Mixin) Mixing WeatheringCopperMixin from fabric-content-registries-v0.mixins.json into net.minecraft.world.level.block.WeatheringCopper
[19:03:03] [main/DEBUG] (FabricLoader/Mixin) fabric-content-registries-v0.mixins.json:WeatheringCopperMixin from mod fabric-content-registries-v0->@Inject::createOxidationLevelIncreasesMap(Lorg/spongepowered/asm/mixin/injection/callback/CallbackInfoReturnable;)V does use it's CallbackInfoReturnable
[19:03:03] [main/DEBUG] (FabricLoader/Mixin) Mixing EntityTypeMixin from fabric-object-builder-v1.mixins.json into net.minecraft.world.entity.EntityType
[19:03:03] [main/DEBUG] (FabricLoader/Mixin) Mixing EntityTypeMixin from fabric-lifecycle-events-v1.mixins.json into net.minecraft.world.entity.EntityType
[19:03:03] [main/DEBUG] (FabricLoader/Mixin) fabric-object-builder-v1.mixins.json:EntityTypeMixin from mod fabric-object-builder-api-v1->@Inject::onAlwaysUpdateVelocity(Lorg/spongepowered/asm/mixin/injection/callback/CallbackInfoReturnable;)V does use it's CallbackInfoReturnable
[19:03:03] [main/DEBUG] (FabricLoader/Mixin) fabric-object-builder-v1.mixins.json:EntityTypeMixin from mod fabric-object-builder-api-v1->@Inject::onCanPotentiallyExecuteCommands(Lorg/spongepowered/asm/mixin/injection/callback/CallbackInfoReturnable;)V does use it's CallbackInfoReturnable
[19:03:03] [main/DEBUG] (FabricLoader/Mixin) fabric-lifecycle-events-v1.mixins.json:EntityTypeMixin from mod fabric-lifecycle-events-v1->@Inject::setSpawnReason(Lnet/minecraft/world/level/Level;Lnet/minecraft/world/entity/EntitySpawnReason;Lorg/spongepowered/asm/mixin/injection/callback/CallbackInfoReturnable;)V does use it's CallbackInfoReturnable
[19:03:03] [main/DEBUG] (FabricLoader/Mixin) Mixing FluidMixin from fabric-transfer-api-v1.mixins.json into net.minecraft.world.level.material.Fluid
[19:03:03] [main/DEBUG] (FabricLoader/Mixin) fabric-transfer-api-v1.mixins.json:FluidMixin from mod fabric-transfer-api-v1->@Inject::hookGetBucketFillSound(Lorg/spongepowered/asm/mixin/injection/callback/CallbackInfoReturnable;)V does use it's CallbackInfoReturnable
[19:03:03] [main/DEBUG] (FabricLoader/Mixin) Mixing DataComponentMapBuilderMixin from fabric-item-api-v1.mixins.json into net.minecraft.core.component.DataComponentMap$Builder
[19:03:03] [main/DEBUG] (FabricLoader/Mixin) Mixing BlockEntityMixin from fabric-block-getter-api-v2.mixins.json into net.minecraft.world.level.block.entity.BlockEntity
[19:03:03] [main/DEBUG] (FabricLoader/Mixin) Mixing AttachmentTargetsMixin from fabric-data-attachment-api-v1.mixins.json into net.minecraft.world.level.block.entity.BlockEntity
[19:03:03] [main/DEBUG] (FabricLoader/Mixin) Mixing BlockEntityMixin from fabric-data-attachment-api-v1.mixins.json into net.minecraft.world.level.block.entity.BlockEntity
[19:03:03] [main/DEBUG] (FabricLoader/Mixin) Renaming synthetic method lambda$fabric_markChanged$2(Lnet/fabricmc/fabric/api/attachment/v1/AttachmentType;)V to md726be1$fabric-data-attachment-api-v1$lambda$fabric_markChanged$2$0 in fabric-data-attachment-api-v1.mixins.json:BlockEntityMixin from mod fabric-data-attachment-api-v1
[19:03:03] [main/DEBUG] (FabricLoader/Mixin) Renaming synthetic method lambda$fabric_markChanged$0(Lnet/minecraft/server/level/ChunkResult;)V to md726be1$fabric-data-attachment-api-v1$lambda$fabric_markChanged$0$1 in fabric-data-attachment-api-v1.mixins.json:BlockEntityMixin from mod fabric-data-attachment-api-v1
[19:03:03] [main/DEBUG] (FabricLoader/Mixin) Renaming synthetic method lambda$fabric_markChanged$1(Lnet/minecraft/world/level/chunk/LevelChunk;)V to md726be1$fabric-data-attachment-api-v1$lambda$fabric_markChanged$1$2 in fabric-data-attachment-api-v1.mixins.json:BlockEntityMixin from mod fabric-data-attachment-api-v1
[19:03:03] [main/DEBUG] (FabricLoader/Mixin) fabric-data-attachment-api-v1.mixins.json:BlockEntityMixin from mod fabric-data-attachment-api-v1->@Inject::readBlockEntityAttachments(Lnet/minecraft/world/level/storage/ValueInput;Lorg/spongepowered/asm/mixin/injection/callback/CallbackInfo;)V doesn't use it's CallbackInfo
[19:03:03] [main/DEBUG] (FabricLoader/Mixin) fabric-data-attachment-api-v1.mixins.json:BlockEntityMixin from mod fabric-data-attachment-api-v1->@Inject::readBlockEntityAttachments(Lnet/minecraft/world/level/storage/ValueInput;Lorg/spongepowered/asm/mixin/injection/callback/CallbackInfo;)V has 0 override(s) in child classes
[19:03:03] [main/DEBUG] (FabricLoader/Mixin) fabric-data-attachment-api-v1.mixins.json:BlockEntityMixin from mod fabric-data-attachment-api-v1->@Inject::readBlockEntityAttachments(Lnet/minecraft/world/level/storage/ValueInput;Lorg/spongepowered/asm/mixin/injection/callback/CallbackInfo;)V won't be passed a CallbackInfo as a result
[19:03:03] [main/DEBUG] (FabricLoader/Mixin) fabric-data-attachment-api-v1.mixins.json:BlockEntityMixin from mod fabric-data-attachment-api-v1->@Inject::writeBlockEntityAttachments(Lnet/minecraft/world/level/storage/ValueOutput;Lorg/spongepowered/asm/mixin/injection/callback/CallbackInfo;)V doesn't use it's CallbackInfo
[19:03:03] [main/DEBUG] (FabricLoader/Mixin) fabric-data-attachment-api-v1.mixins.json:BlockEntityMixin from mod fabric-data-attachment-api-v1->@Inject::writeBlockEntityAttachments(Lnet/minecraft/world/level/storage/ValueOutput;Lorg/spongepowered/asm/mixin/injection/callback/CallbackInfo;)V has 0 override(s) in child classes
[19:03:03] [main/DEBUG] (FabricLoader/Mixin) fabric-data-attachment-api-v1.mixins.json:BlockEntityMixin from mod fabric-data-attachment-api-v1->@Inject::writeBlockEntityAttachments(Lnet/minecraft/world/level/storage/ValueOutput;Lorg/spongepowered/asm/mixin/injection/callback/CallbackInfo;)V won't be passed a CallbackInfo as a result
[19:03:03] [main/DEBUG] (FabricLoader/Mixin) Mixing BlockParticleOptionMixin from fabric-particles-v1.mixins.json into net.minecraft.core.particles.BlockParticleOption
[19:03:03] [main/DEBUG] (FabricLoader/Mixin) Mixing MenuProviderMixin from fabric-menu-api-v1.mixins.json into net.minecraft.world.MenuProvider
[19:03:03] [main/DEBUG] (FabricLoader/Mixin) Mixing BaseContainerBlockEntityMixin from fabric-transfer-api-v1.mixins.json into net.minecraft.world.level.block.entity.BaseContainerBlockEntity
[19:03:03] [main/DEBUG] (FabricLoader/Mixin) Mixing DetectorRailBlockMixin from fabric-object-builder-v1.mixins.json into net.minecraft.world.level.block.DetectorRailBlock
[19:03:03] [main/DEBUG] (FabricLoader/Mixin) Renaming synthetic method lambda$getCustomComparatorOutput$0(Lnet/minecraft/world/entity/Entity;)Z to md726be1$fabric-object-builder-api-v1$lambda$getCustomComparatorOutput$0$0 in fabric-object-builder-v1.mixins.json:DetectorRailBlockMixin from mod fabric-object-builder-api-v1
[19:03:03] [main/DEBUG] (FabricLoader/Mixin) fabric-object-builder-v1.mixins.json:DetectorRailBlockMixin from mod fabric-object-builder-api-v1->@Inject::getCustomComparatorOutput(Lnet/minecraft/world/level/block/state/BlockState;Lnet/minecraft/world/level/Level;Lnet/minecraft/core/BlockPos;Lnet/minecraft/core/Direction;Lorg/spongepowered/asm/mixin/injection/callback/CallbackInfoReturnable;)V does use it's CallbackInfoReturnable
[19:03:03] [main/DEBUG] (FabricLoader/Mixin) Mixing EntityMixin from fabric-debug-api-v1.mixins.json into net.minecraft.world.entity.Mob
[19:03:03] [main/DEBUG] (FabricLoader/Mixin) Mixing MobMixin from fabric-entity-events-v1.mixins.json into net.minecraft.world.entity.Mob
[19:03:03] [main/DEBUG] (FabricLoader/Mixin) fabric-debug-api-v1.mixins.json:EntityMixin from mod fabric-debug-api-v1->@Inject::addDebugValues(Lnet/minecraft/server/level/ServerLevel;Lnet/minecraft/util/debug/DebugValueSource$Registration;Lorg/spongepowered/asm/mixin/injection/callback/CallbackInfo;)V doesn't use it's CallbackInfo
[19:03:03] [main/DEBUG] (FabricLoader/Mixin) fabric-debug-api-v1.mixins.json:EntityMixin from mod fabric-debug-api-v1->@Inject::addDebugValues(Lnet/minecraft/server/level/ServerLevel;Lnet/minecraft/util/debug/DebugValueSource$Registration;Lorg/spongepowered/asm/mixin/injection/callback/CallbackInfo;)V has 0 override(s) in child classes
[19:03:03] [main/DEBUG] (FabricLoader/Mixin) fabric-debug-api-v1.mixins.json:EntityMixin from mod fabric-debug-api-v1->@Inject::addDebugValues(Lnet/minecraft/server/level/ServerLevel;Lnet/minecraft/util/debug/DebugValueSource$Registration;Lorg/spongepowered/asm/mixin/injection/callback/CallbackInfo;)V won't be passed a CallbackInfo as a result
[19:03:03] [main/DEBUG] (FabricLoader/Mixin) Mixing ChiseledBookShelfBlockEntityMixin from fabric-transfer-api-v1.mixins.json into net.minecraft.world.level.block.entity.ChiseledBookShelfBlockEntity
[19:03:03] [main/DEBUG] (FabricLoader/Mixin) fabric-transfer-api-v1.mixins.json:ChiseledBookShelfBlockEntityMixin from mod fabric-transfer-api-v1->@Inject::setStackBypass(ILnet/minecraft/world/item/ItemStack;Lorg/spongepowered/asm/mixin/injection/callback/CallbackInfo;)V does use it's CallbackInfo
[19:03:03] [main/DEBUG] (FabricLoader/Mixin) Mixing ListBackedContainerMixin from fabric-transfer-api-v1.mixins.json into net.minecraft.world.level.block.entity.ListBackedContainer
[19:03:03] [main/DEBUG] (FabricLoader/Mixin) Mixing ShelfBlockEntityMixin from fabric-transfer-api-v1.mixins.json into net.minecraft.world.level.block.entity.ShelfBlockEntity
[19:03:03] [main/DEBUG] (FabricLoader/Mixin) Mixing BlockEntityTypeMixin from fabric-object-builder-v1.mixins.json into net.minecraft.world.level.block.entity.BlockEntityType
[19:03:03] [main/DEBUG] (FabricLoader/Mixin) Mixing BlockEntityTypeAccessor from fabric-api-lookup-api-v1.mixins.json into net.minecraft.world.level.block.entity.BlockEntityType
[19:03:03] [main/DEBUG] (FabricLoader/Mixin) fabric-object-builder-v1.mixins.json:BlockEntityTypeMixin from mod fabric-object-builder-api-v1->@Inject::mutableBlocks(Lnet/minecraft/world/level/block/entity/BlockEntityType$BlockEntitySupplier;Ljava/util/Set;Lorg/spongepowered/asm/mixin/injection/callback/CallbackInfo;)V doesn't use it's CallbackInfo
[19:03:03] [main/DEBUG] (FabricLoader/Mixin) fabric-object-builder-v1.mixins.json:BlockEntityTypeMixin from mod fabric-object-builder-api-v1->@Inject::mutableBlocks(Lnet/minecraft/world/level/block/entity/BlockEntityType$BlockEntitySupplier;Ljava/util/Set;Lorg/spongepowered/asm/mixin/injection/callback/CallbackInfo;)V has 0 override(s) in child classes
[19:03:03] [main/DEBUG] (FabricLoader/Mixin) fabric-object-builder-v1.mixins.json:BlockEntityTypeMixin from mod fabric-object-builder-api-v1->@Inject::mutableBlocks(Lnet/minecraft/world/level/block/entity/BlockEntityType$BlockEntitySupplier;Ljava/util/Set;Lorg/spongepowered/asm/mixin/injection/callback/CallbackInfo;)V won't be passed a CallbackInfo as a result
[19:03:03] [main/DEBUG] (FabricLoader/Mixin) Mixing AbstractFurnaceBlockEntityMixin from fabric-transfer-api-v1.mixins.json into net.minecraft.world.level.block.entity.AbstractFurnaceBlockEntity
[19:03:03] [main/DEBUG] (FabricLoader/Mixin) Mixing AbstractFurnaceBlockEntityMixin from fabric-item-api-v1.mixins.json into net.minecraft.world.level.block.entity.AbstractFurnaceBlockEntity
[19:03:03] [main/DEBUG] (FabricLoader/Mixin) fabric-transfer-api-v1.mixins.json:AbstractFurnaceBlockEntityMixin from mod fabric-transfer-api-v1->@Inject::setStackSuppressUpdate(ILnet/minecraft/world/item/ItemStack;Lorg/spongepowered/asm/mixin/injection/callback/CallbackInfo;)V does use it's CallbackInfo
[19:03:03] [main/DEBUG] (FabricLoader/Mixin) fabric-item-api-v1.mixins.json:AbstractFurnaceBlockEntityMixin from mod fabric-item-api-v1->@Inject::copyStack(Lnet/minecraft/core/NonNullList;Lnet/minecraft/world/item/ItemStack;Lorg/spongepowered/asm/mixin/injection/callback/CallbackInfo;)V doesn't use it's CallbackInfo
[19:03:03] [main/DEBUG] (FabricLoader/Mixin) Mixing JukeboxBlockEntityMixin from fabric-transfer-api-v1.mixins.json into net.minecraft.world.level.block.entity.JukeboxBlockEntity
[19:03:03] [main/DEBUG] (FabricLoader/Mixin) fabric-transfer-api-v1.mixins.json:JukeboxBlockEntityMixin from mod fabric-transfer-api-v1->@Inject::setStackBypass(Lnet/minecraft/world/item/ItemStack;Lorg/spongepowered/asm/mixin/injection/callback/CallbackInfo;)V does use it's CallbackInfo
[19:03:03] [main/DEBUG] (FabricLoader/Mixin) Mixing TagKeyMixin from fabric-convention-tags-api-v2.mixins.json into net.minecraft.tags.TagKey
[19:03:03] [main/DEBUG] (FabricLoader/Mixin) Mixing BrewingStandBlockEntityMixin from fabric-item-api-v1.mixins.json into net.minecraft.world.level.block.entity.BrewingStandBlockEntity
[19:03:03] [main/DEBUG] (FabricLoader/Mixin) Mixing EndPortalBlockMixin from mixins.bingo.json into net.minecraft.world.level.block.EndPortalBlock
[19:03:03] [main/DEBUG] (FabricLoader/Mixin) mixins.bingo.json:EndPortalBlockMixin from mod yet-another-minecraft-bingo->@Inject::createTeleportTargetForEndSpawn(Lnet/minecraft/server/level/ServerLevel;Lnet/minecraft/world/entity/Entity;Lnet/minecraft/core/BlockPos;Lorg/spongepowered/asm/mixin/injection/callback/CallbackInfoReturnable;)V doesn't use it's CallbackInfoReturnable
[19:03:03] [main/DEBUG] (FabricLoader/Mixin) mixins.bingo.json:EndPortalBlockMixin from mod yet-another-minecraft-bingo->@Inject::createTeleportTargetForEndSpawn(Lnet/minecraft/server/level/ServerLevel;Lnet/minecraft/world/entity/Entity;Lnet/minecraft/core/BlockPos;Lorg/spongepowered/asm/mixin/injection/callback/CallbackInfoReturnable;)V has 0 override(s) in child classes
[19:03:03] [main/DEBUG] (FabricLoader/Mixin) mixins.bingo.json:EndPortalBlockMixin from mod yet-another-minecraft-bingo->@Inject::createTeleportTargetForEndSpawn(Lnet/minecraft/server/level/ServerLevel;Lnet/minecraft/world/entity/Entity;Lnet/minecraft/core/BlockPos;Lorg/spongepowered/asm/mixin/injection/callback/CallbackInfoReturnable;)V won't be passed a CallbackInfoReturnable as a result
[19:03:03] [main/DEBUG] (FabricLoader/Mixin) Mixing AnvilMenuMixin from fabric-item-api-v1.mixins.json into net.minecraft.world.inventory.AnvilMenu
[19:03:03] [main/DEBUG] (FabricLoader/Mixin) Mixing HopperBlockEntityMixin from fabric-transfer-api-v1.mixins.json into net.minecraft.world.level.block.entity.HopperBlockEntity
[19:03:03] [main/DEBUG] (FabricLoader/Mixin) Renaming synthetic method lambda$hookExtract$0(Lnet/fabricmc/fabric/api/transfer/v1/item/ItemVariant;)Z to md726be1$fabric-transfer-api-v1$lambda$hookExtract$0$0 in fabric-transfer-api-v1.mixins.json:HopperBlockEntityMixin from mod fabric-transfer-api-v1
[19:03:03] [main/DEBUG] (FabricLoader/Mixin) Renaming synthetic method lambda$hookInsert$0(Lnet/fabricmc/fabric/api/transfer/v1/item/ItemVariant;)Z to md726be1$fabric-transfer-api-v1$lambda$hookInsert$0$1 in fabric-transfer-api-v1.mixins.json:HopperBlockEntityMixin from mod fabric-transfer-api-v1
[19:03:03] [main/DEBUG] (FabricLoader/Mixin) fabric-transfer-api-v1.mixins.json:HopperBlockEntityMixin from mod fabric-transfer-api-v1->@Inject::hookInsert(Lnet/minecraft/world/level/Level;Lnet/minecraft/core/BlockPos;Lnet/minecraft/world/level/block/entity/HopperBlockEntity;Lorg/spongepowered/asm/mixin/injection/callback/CallbackInfoReturnable;)V does use it's CallbackInfoReturnable
[19:03:03] [main/DEBUG] (FabricLoader/Mixin) fabric-transfer-api-v1.mixins.json:HopperBlockEntityMixin from mod fabric-transfer-api-v1->@Inject::hookExtract(Lnet/minecraft/world/level/Level;Lnet/minecraft/world/level/block/entity/Hopper;Lorg/spongepowered/asm/mixin/injection/callback/CallbackInfoReturnable;)V does use it's CallbackInfoReturnable
[19:03:03] [main/DEBUG] (FabricLoader/Mixin) Mixing DropperBlockMixin from fabric-transfer-api-v1.mixins.json into net.minecraft.world.level.block.DropperBlock
[19:03:03] [main/DEBUG] (FabricLoader/Mixin) Renaming synthetic method lambda$hookDispense$0(Lnet/fabricmc/fabric/api/transfer/v1/item/ItemVariant;)Z to md726be1$fabric-transfer-api-v1$lambda$hookDispense$0$0 in fabric-transfer-api-v1.mixins.json:DropperBlockMixin from mod fabric-transfer-api-v1
[19:03:03] [main/DEBUG] (FabricLoader/Mixin) fabric-transfer-api-v1.mixins.json:DropperBlockMixin from mod fabric-transfer-api-v1->@Inject::hookDispense(Lnet/minecraft/server/level/ServerLevel;Lnet/minecraft/world/level/block/state/BlockState;Lnet/minecraft/core/BlockPos;Lorg/spongepowered/asm/mixin/injection/callback/CallbackInfo;)V does use it's CallbackInfo
[19:03:03] [main/DEBUG] (FabricLoader/Mixin) Mixing BannerBlockEntityMixin from fabric-data-attachment-api-v1.mixins.json into net.minecraft.world.level.block.entity.BannerBlockEntity
[19:03:03] [main/DEBUG] (FabricLoader/Mixin) Mixing CrafterBlockMixin from fabric-transfer-api-v1.mixins.json into net.minecraft.world.level.block.CrafterBlock
[19:03:03] [main/DEBUG] (FabricLoader/Mixin) fabric-transfer-api-v1.mixins.json:CrafterBlockMixin from mod fabric-transfer-api-v1->@Inject::transferOrSpawnStack(Lnet/minecraft/server/level/ServerLevel;Lnet/minecraft/core/BlockPos;Lnet/minecraft/world/level/block/entity/CrafterBlockEntity;Lnet/minecraft/world/item/ItemStack;Lnet/minecraft/world/level/block/state/BlockState;Lnet/minecraft/world/item/crafting/RecipeHolder;Lorg/spongepowered/asm/mixin/injection/callback/CallbackInfo;)V doesn't use it's CallbackInfo
[19:03:03] [main/DEBUG] (FabricLoader/Mixin) fabric-transfer-api-v1.mixins.json:CrafterBlockMixin from mod fabric-transfer-api-v1->@Inject::transferOrSpawnStack(Lnet/minecraft/server/level/ServerLevel;Lnet/minecraft/core/BlockPos;Lnet/minecraft/world/level/block/entity/CrafterBlockEntity;Lnet/minecraft/world/item/ItemStack;Lnet/minecraft/world/level/block/state/BlockState;Lnet/minecraft/world/item/crafting/RecipeHolder;Lorg/spongepowered/asm/mixin/injection/callback/CallbackInfo;)V has 0 override(s) in child classes
[19:03:03] [main/DEBUG] (FabricLoader/Mixin) fabric-transfer-api-v1.mixins.json:CrafterBlockMixin from mod fabric-transfer-api-v1->@Inject::transferOrSpawnStack(Lnet/minecraft/server/level/ServerLevel;Lnet/minecraft/core/BlockPos;Lnet/minecraft/world/level/block/entity/CrafterBlockEntity;Lnet/minecraft/world/item/ItemStack;Lnet/minecraft/world/level/block/state/BlockState;Lnet/minecraft/world/item/crafting/RecipeHolder;Lorg/spongepowered/asm/mixin/injection/callback/CallbackInfo;)V won't be passed a CallbackInfo as a result
[19:03:03] [main/DEBUG] (FabricLoader/Mixin) fabric-transfer-api-v1.mixins.json:CrafterBlockMixin from mod fabric-transfer-api-v1->@Inject::transferOrSpawnStack(Lnet/minecraft/server/level/ServerLevel;Lnet/minecraft/core/BlockPos;Lnet/minecraft/world/level/block/entity/CrafterBlockEntity;Lnet/minecraft/world/item/ItemStack;Lnet/minecraft/world/level/block/state/BlockState;Lnet/minecraft/world/item/crafting/RecipeHolder;Lorg/spongepowered/asm/mixin/injection/callback/CallbackInfo;)V doesn't use it's CallbackInfo
[19:03:03] [main/DEBUG] (FabricLoader/Mixin) fabric-transfer-api-v1.mixins.json:CrafterBlockMixin from mod fabric-transfer-api-v1->@Inject::transferOrSpawnStack(Lnet/minecraft/server/level/ServerLevel;Lnet/minecraft/core/BlockPos;Lnet/minecraft/world/level/block/entity/CrafterBlockEntity;Lnet/minecraft/world/item/ItemStack;Lnet/minecraft/world/level/block/state/BlockState;Lnet/minecraft/world/item/crafting/RecipeHolder;Lorg/spongepowered/asm/mixin/injection/callback/CallbackInfo;)V has 0 override(s) in child classes
[19:03:03] [main/DEBUG] (FabricLoader/Mixin) fabric-transfer-api-v1.mixins.json:CrafterBlockMixin from mod fabric-transfer-api-v1->@Inject::transferOrSpawnStack(Lnet/minecraft/server/level/ServerLevel;Lnet/minecraft/core/BlockPos;Lnet/minecraft/world/level/block/entity/CrafterBlockEntity;Lnet/minecraft/world/item/ItemStack;Lnet/minecraft/world/level/block/state/BlockState;Lnet/minecraft/world/item/crafting/RecipeHolder;Lorg/spongepowered/asm/mixin/injection/callback/CallbackInfo;)V won't be passed a CallbackInfo as a result
[19:03:03] [main/DEBUG] (FabricLoader/Mixin) fabric-transfer-api-v1.mixins.json:CrafterBlockMixin from mod fabric-transfer-api-v1->@Inject::transferOrSpawnStack(Lnet/minecraft/server/level/ServerLevel;Lnet/minecraft/core/BlockPos;Lnet/minecraft/world/level/block/entity/CrafterBlockEntity;Lnet/minecraft/world/item/ItemStack;Lnet/minecraft/world/level/block/state/BlockState;Lnet/minecraft/world/item/crafting/RecipeHolder;Lorg/spongepowered/asm/mixin/injection/callback/CallbackInfo;)V doesn't use it's CallbackInfo
[19:03:03] [main/DEBUG] (FabricLoader/Mixin) fabric-transfer-api-v1.mixins.json:CrafterBlockMixin from mod fabric-transfer-api-v1->@Inject::transferOrSpawnStack(Lnet/minecraft/server/level/ServerLevel;Lnet/minecraft/core/BlockPos;Lnet/minecraft/world/level/block/entity/CrafterBlockEntity;Lnet/minecraft/world/item/ItemStack;Lnet/minecraft/world/level/block/state/BlockState;Lnet/minecraft/world/item/crafting/RecipeHolder;Lorg/spongepowered/asm/mixin/injection/callback/CallbackInfo;)V has 0 override(s) in child classes
[19:03:03] [main/DEBUG] (FabricLoader/Mixin) fabric-transfer-api-v1.mixins.json:CrafterBlockMixin from mod fabric-transfer-api-v1->@Inject::transferOrSpawnStack(Lnet/minecraft/server/level/ServerLevel;Lnet/minecraft/core/BlockPos;Lnet/minecraft/world/level/block/entity/CrafterBlockEntity;Lnet/minecraft/world/item/ItemStack;Lnet/minecraft/world/level/block/state/BlockState;Lnet/minecraft/world/item/crafting/RecipeHolder;Lorg/spongepowered/asm/mixin/injection/callback/CallbackInfo;)V won't be passed a CallbackInfo as a result
[19:03:03] [main/DEBUG] (FabricLoader/Mixin) fabric-transfer-api-v1.mixins.json:CrafterBlockMixin from mod fabric-transfer-api-v1->@Inject::transferOrSpawnStack(Lnet/minecraft/server/level/ServerLevel;Lnet/minecraft/core/BlockPos;Lnet/minecraft/world/level/block/entity/CrafterBlockEntity;Lnet/minecraft/world/item/ItemStack;Lnet/minecraft/world/level/block/state/BlockState;Lnet/minecraft/world/item/crafting/RecipeHolder;Lorg/spongepowered/asm/mixin/injection/callback/CallbackInfo;)V doesn't use it's CallbackInfo
[19:03:03] [main/DEBUG] (FabricLoader/Mixin) fabric-transfer-api-v1.mixins.json:CrafterBlockMixin from mod fabric-transfer-api-v1->@Inject::transferOrSpawnStack(Lnet/minecraft/server/level/ServerLevel;Lnet/minecraft/core/BlockPos;Lnet/minecraft/world/level/block/entity/CrafterBlockEntity;Lnet/minecraft/world/item/ItemStack;Lnet/minecraft/world/level/block/state/BlockState;Lnet/minecraft/world/item/crafting/RecipeHolder;Lorg/spongepowered/asm/mixin/injection/callback/CallbackInfo;)V has 0 override(s) in child classes
[19:03:03] [main/DEBUG] (FabricLoader/Mixin) fabric-transfer-api-v1.mixins.json:CrafterBlockMixin from mod fabric-transfer-api-v1->@Inject::transferOrSpawnStack(Lnet/minecraft/server/level/ServerLevel;Lnet/minecraft/core/BlockPos;Lnet/minecraft/world/level/block/entity/CrafterBlockEntity;Lnet/minecraft/world/item/ItemStack;Lnet/minecraft/world/level/block/state/BlockState;Lnet/minecraft/world/item/crafting/RecipeHolder;Lorg/spongepowered/asm/mixin/injection/callback/CallbackInfo;)V won't be passed a CallbackInfo as a result
[19:03:04] [main/DEBUG] (FabricLoader/Mixin) Mixing ItemStackMixin from fabric-events-interaction-v0.mixins.json into net.minecraft.world.item.ItemStack
[19:03:04] [main/DEBUG] (FabricLoader/Mixin) Mixing ItemStackAccessor from fabric-transfer-api-v1.mixins.json into net.minecraft.world.item.ItemStack
[19:03:04] [main/DEBUG] (FabricLoader/Mixin) Renaming @Invoker method validateComponents(Lnet/minecraft/core/component/DataComponentMap;)Lcom/mojang/serialization/DataResult; to validateComponents$fabric-transfer-api-v1_$md$726be1$0 in fabric-transfer-api-v1.mixins.json:ItemStackAccessor from mod fabric-transfer-api-v1
[19:03:04] [main/DEBUG] (FabricLoader/Mixin) Mixing ItemStackMixin from fabric-item-api-v1.mixins.json into net.minecraft.world.item.ItemStack
[19:03:04] [main/DEBUG] (FabricLoader/Mixin) Renaming synthetic method lambda$hookDamage$0(Lorg/apache/commons/lang3/mutable/MutableBoolean;Ljava/util/function/Consumer;)V to md726be1$fabric-item-api-v1$lambda$hookDamage$0$1 in fabric-item-api-v1.mixins.json:ItemStackMixin from mod fabric-item-api-v1
[19:03:04] [main/DEBUG] (FabricLoader/Mixin) Mixing ItemStackMixin from fabric-item-api-v1.client.mixins.json into net.minecraft.world.item.ItemStack
[19:03:04] [main/DEBUG] (FabricLoader/Mixin) fabric-item-api-v1.mixins.json:ItemStackMixin from mod fabric-item-api-v1->@Inject::preAttributeModifiers(Lnet/minecraft/world/item/Item$TooltipContext;Lnet/minecraft/world/item/component/TooltipDisplay;Lnet/minecraft/world/entity/player/Player;Lnet/minecraft/world/item/TooltipFlag;Ljava/util/function/Consumer;Lorg/spongepowered/asm/mixin/injection/callback/CallbackInfo;)V doesn't use it's CallbackInfo
[19:03:04] [main/DEBUG] (FabricLoader/Mixin) fabric-item-api-v1.mixins.json:ItemStackMixin from mod fabric-item-api-v1->@Inject::postTooltipsAdvanced(Lnet/minecraft/world/item/Item$TooltipContext;Lnet/minecraft/world/item/component/TooltipDisplay;Lnet/minecraft/world/entity/player/Player;Lnet/minecraft/world/item/TooltipFlag;Ljava/util/function/Consumer;Lorg/spongepowered/asm/mixin/injection/callback/CallbackInfo;)V doesn't use it's CallbackInfo
[19:03:04] [main/DEBUG] (FabricLoader/Mixin) fabric-item-api-v1.client.mixins.json:ItemStackMixin from mod fabric-item-api-v1->@Inject::getTooltip(Lnet/minecraft/world/item/Item$TooltipContext;Lnet/minecraft/world/entity/player/Player;Lnet/minecraft/world/item/TooltipFlag;Lorg/spongepowered/asm/mixin/injection/callback/CallbackInfoReturnable;)V does use it's CallbackInfoReturnable
[19:03:04] [main/DEBUG] (FabricLoader/Mixin) Mixing ValueOutputMixin from fabric-serialization-api-v1.mixins.json into net.minecraft.world.level.storage.ValueOutput
[19:03:04] [main/DEBUG] (FabricLoader/Mixin) Mixing ServerPlayerMixin from fabric-menu-api-v1.mixins.json into net.minecraft.server.level.ServerPlayer
[19:03:04] [main/DEBUG] (FabricLoader/Mixin) Mixing ServerPlayerMixin from fabric-events-interaction-v0.mixins.json into net.minecraft.server.level.ServerPlayer
[19:03:04] [main/DEBUG] (FabricLoader/Mixin) Mixing ServerPlayerMixin from fabric-particles-v1.mixins.json into net.minecraft.server.level.ServerPlayer
[19:03:04] [main/DEBUG] (FabricLoader/Mixin) Mixing ServerPlayerMixin from fabric-networking-api-v1.mixins.json into net.minecraft.server.level.ServerPlayer
[19:03:04] [main/DEBUG] (FabricLoader/Mixin) Mixing ServerPlayerMixin from fabric-entity-events-v1.mixins.json into net.minecraft.server.level.ServerPlayer
[19:03:04] [main/DEBUG] (FabricLoader/Mixin) Mixing PlayerEntityMixin from mixins.bingo.json into net.minecraft.server.level.ServerPlayer
[19:03:04] [main/DEBUG] (FabricLoader/Mixin) fabric-menu-api-v1.mixins.json:ServerPlayerMixin from mod fabric-menu-api-v1->@Inject::fabric_storeOpenedMenu(Lnet/minecraft/world/MenuProvider;Lorg/spongepowered/asm/mixin/injection/callback/CallbackInfoReturnable;)V doesn't use it's CallbackInfoReturnable
[19:03:04] [main/DEBUG] (FabricLoader/Mixin) fabric-menu-api-v1.mixins.json:ServerPlayerMixin from mod fabric-menu-api-v1->@Inject::fabric_storeOpenedMenu(Lnet/minecraft/world/MenuProvider;Lorg/spongepowered/asm/mixin/injection/callback/CallbackInfoReturnable;)V has 0 override(s) in child classes
[19:03:04] [main/DEBUG] (FabricLoader/Mixin) fabric-menu-api-v1.mixins.json:ServerPlayerMixin from mod fabric-menu-api-v1->@Inject::fabric_storeOpenedMenu(Lnet/minecraft/world/MenuProvider;Lorg/spongepowered/asm/mixin/injection/callback/CallbackInfoReturnable;)V won't be passed a CallbackInfoReturnable as a result
[19:03:04] [main/DEBUG] (FabricLoader/Mixin) fabric-events-interaction-v0.mixins.json:ServerPlayerMixin from mod fabric-events-interaction-v0->@Inject::fakePlayerGameMode(Lnet/minecraft/world/level/GameType;Lorg/spongepowered/asm/mixin/injection/callback/CallbackInfoReturnable;)V does use it's CallbackInfoReturnable
[19:03:04] [main/DEBUG] (FabricLoader/Mixin) fabric-entity-events-v1.mixins.json:ServerPlayerMixin from mod fabric-entity-events-v1->@Inject::callOnKillForPlayer(Lnet/minecraft/world/damagesource/DamageSource;Lorg/spongepowered/asm/mixin/injection/callback/CallbackInfo;)V doesn't use it's CallbackInfo
[19:03:04] [main/DEBUG] (FabricLoader/Mixin) fabric-entity-events-v1.mixins.json:ServerPlayerMixin from mod fabric-entity-events-v1->@Inject::callOnKillForPlayer(Lnet/minecraft/world/damagesource/DamageSource;Lorg/spongepowered/asm/mixin/injection/callback/CallbackInfo;)V has 0 override(s) in child classes
[19:03:04] [main/DEBUG] (FabricLoader/Mixin) fabric-entity-events-v1.mixins.json:ServerPlayerMixin from mod fabric-entity-events-v1->@Inject::callOnKillForPlayer(Lnet/minecraft/world/damagesource/DamageSource;Lorg/spongepowered/asm/mixin/injection/callback/CallbackInfo;)V won't be passed a CallbackInfo as a result
[19:03:04] [main/DEBUG] (FabricLoader/Mixin) fabric-entity-events-v1.mixins.json:ServerPlayerMixin from mod fabric-entity-events-v1->@Inject::notifyDeath(Lnet/minecraft/world/damagesource/DamageSource;Lorg/spongepowered/asm/mixin/injection/callback/CallbackInfo;)V doesn't use it's CallbackInfo
[19:03:04] [main/DEBUG] (FabricLoader/Mixin) fabric-entity-events-v1.mixins.json:ServerPlayerMixin from mod fabric-entity-events-v1->@Inject::notifyDeath(Lnet/minecraft/world/damagesource/DamageSource;Lorg/spongepowered/asm/mixin/injection/callback/CallbackInfo;)V has 0 override(s) in child classes
[19:03:04] [main/DEBUG] (FabricLoader/Mixin) fabric-entity-events-v1.mixins.json:ServerPlayerMixin from mod fabric-entity-events-v1->@Inject::notifyDeath(Lnet/minecraft/world/damagesource/DamageSource;Lorg/spongepowered/asm/mixin/injection/callback/CallbackInfo;)V won't be passed a CallbackInfo as a result
[19:03:04] [main/DEBUG] (FabricLoader/Mixin) fabric-entity-events-v1.mixins.json:ServerPlayerMixin from mod fabric-entity-events-v1->@Inject::afterLevelChanged(Lnet/minecraft/server/level/ServerLevel;Lorg/spongepowered/asm/mixin/injection/callback/CallbackInfo;)V doesn't use it's CallbackInfo
[19:03:04] [main/DEBUG] (FabricLoader/Mixin) fabric-entity-events-v1.mixins.json:ServerPlayerMixin from mod fabric-entity-events-v1->@Inject::afterLevelChanged(Lnet/minecraft/server/level/ServerLevel;Lorg/spongepowered/asm/mixin/injection/callback/CallbackInfo;)V has 0 override(s) in child classes
[19:03:04] [main/DEBUG] (FabricLoader/Mixin) fabric-entity-events-v1.mixins.json:ServerPlayerMixin from mod fabric-entity-events-v1->@Inject::afterLevelChanged(Lnet/minecraft/server/level/ServerLevel;Lorg/spongepowered/asm/mixin/injection/callback/CallbackInfo;)V won't be passed a CallbackInfo as a result
[19:03:04] [main/DEBUG] (FabricLoader/Mixin) fabric-entity-events-v1.mixins.json:ServerPlayerMixin from mod fabric-entity-events-v1->@Inject::onCopyFrom(Lnet/minecraft/server/level/ServerPlayer;ZLorg/spongepowered/asm/mixin/injection/callback/CallbackInfo;)V doesn't use it's CallbackInfo
[19:03:04] [main/DEBUG] (FabricLoader/Mixin) fabric-entity-events-v1.mixins.json:ServerPlayerMixin from mod fabric-entity-events-v1->@Inject::onCopyFrom(Lnet/minecraft/server/level/ServerPlayer;ZLorg/spongepowered/asm/mixin/injection/callback/CallbackInfo;)V has 0 override(s) in child classes
[19:03:04] [main/DEBUG] (FabricLoader/Mixin) fabric-entity-events-v1.mixins.json:ServerPlayerMixin from mod fabric-entity-events-v1->@Inject::onCopyFrom(Lnet/minecraft/server/level/ServerPlayer;ZLorg/spongepowered/asm/mixin/injection/callback/CallbackInfo;)V won't be passed a CallbackInfo as a result
[19:03:04] [main/DEBUG] (FabricLoader/Mixin) mixins.bingo.json:PlayerEntityMixin from mod yet-another-minecraft-bingo->@Inject::dropPlayerItem(Lnet/minecraft/world/item/ItemStack;ZZLorg/spongepowered/asm/mixin/injection/callback/CallbackInfoReturnable;)V does use it's CallbackInfoReturnable
[19:03:04] [main/DEBUG] (FabricLoader/Mixin) mixins.bingo.json:PlayerEntityMixin from mod yet-another-minecraft-bingo->@Inject::getPlayerListName(Lorg/spongepowered/asm/mixin/injection/callback/CallbackInfoReturnable;)V does use it's CallbackInfoReturnable
[19:03:04] [main/DEBUG] (FabricLoader/Mixin) Mixing ItemMixin from fabric-transfer-api-v1.mixins.json into net.minecraft.world.item.Item
[19:03:04] [main/DEBUG] (FabricLoader/Mixin) Mixing ItemMixin from fabric-item-api-v1.mixins.json into net.minecraft.world.item.Item
[19:03:04] [main/DEBUG] (FabricLoader/Mixin) fabric-item-api-v1.mixins.json:ItemMixin from mod fabric-item-api-v1->@Inject::onConstruct(Lnet/minecraft/world/item/Item$Properties;Lorg/spongepowered/asm/mixin/injection/callback/CallbackInfo;)V doesn't use it's CallbackInfo
[19:03:04] [main/DEBUG] (FabricLoader/Mixin) fabric-item-api-v1.mixins.json:ItemMixin from mod fabric-item-api-v1->@Inject::onConstruct(Lnet/minecraft/world/item/Item$Properties;Lorg/spongepowered/asm/mixin/injection/callback/CallbackInfo;)V has 0 override(s) in child classes
[19:03:04] [main/DEBUG] (FabricLoader/Mixin) fabric-item-api-v1.mixins.json:ItemMixin from mod fabric-item-api-v1->@Inject::onConstruct(Lnet/minecraft/world/item/Item$Properties;Lorg/spongepowered/asm/mixin/injection/callback/CallbackInfo;)V won't be passed a CallbackInfo as a result
[19:03:04] [main/DEBUG] (FabricLoader/Mixin) Mixing HoeItemAccessor from fabric-content-registries-v0.mixins.json into net.minecraft.world.item.HoeItem
[19:03:04] [main/DEBUG] (FabricLoader/Mixin) Renaming @Accessor method getTillables()Ljava/util/Map; to getTillables$fabric-content-registries-v0_$md$726be1$0 in fabric-content-registries-v0.mixins.json:HoeItemAccessor from mod fabric-content-registries-v0
[19:03:04] [main/DEBUG] (FabricLoader/Mixin) Mixing AxeItemAccessor from fabric-content-registries-v0.mixins.json into net.minecraft.world.item.AxeItem
[19:03:04] [main/DEBUG] (FabricLoader/Mixin) Renaming @Accessor method getStrippables()Ljava/util/Map; to getStrippables$fabric-content-registries-v0_$md$726be1$0 in fabric-content-registries-v0.mixins.json:AxeItemAccessor from mod fabric-content-registries-v0
[19:03:04] [main/DEBUG] (FabricLoader/Mixin) Renaming @Accessor method setStrippables(Ljava/util/Map;)V to setStrippables$fabric-content-registries-v0_$md$726be1$1 in fabric-content-registries-v0.mixins.json:AxeItemAccessor from mod fabric-content-registries-v0
[19:03:04] [main/DEBUG] (FabricLoader/Mixin) Mixing AxeItemMixin from fabric-content-registries-v0.mixins.json into net.minecraft.world.item.AxeItem
[19:03:04] [main/DEBUG] (FabricLoader/Mixin) Renaming synthetic method lambda$handleCustomStrippingBehavior$0(Lnet/fabricmc/fabric/api/registry/StrippableBlockRegistry$StrippingTransformer;Lnet/minecraft/world/level/block/state/BlockState;Lnet/minecraft/world/level/block/Block;)Lnet/minecraft/world/level/block/state/BlockState; to md726be1$fabric-content-registries-v0$lambda$handleCustomStrippingBehavior$0$2 in fabric-content-registries-v0.mixins.json:AxeItemMixin from mod fabric-content-registries-v0
[19:03:04] [main/DEBUG] (FabricLoader/Mixin) Mixing ShovelItemAccessor from fabric-content-registries-v0.mixins.json into net.minecraft.world.item.ShovelItem
[19:03:04] [main/DEBUG] (FabricLoader/Mixin) Renaming @Accessor method getFlattenables()Ljava/util/Map; to getFlattenables$fabric-content-registries-v0_$md$726be1$0 in fabric-content-registries-v0.mixins.json:ShovelItemAccessor from mod fabric-content-registries-v0
[19:03:04] [main/DEBUG] (FabricLoader/Mixin) Mixing BucketItemAccessor from fabric-transfer-api-v1.mixins.json into net.minecraft.world.item.BucketItem
[19:03:04] [main/DEBUG] (FabricLoader/Mixin) Mixing BucketItemMixin from fabric-transfer-api-v1.mixins.json into net.minecraft.world.item.BucketItem
[19:03:04] [main/DEBUG] (FabricLoader/Mixin) Mixing ItemPropertiesMixin from fabric-item-api-v1.mixins.json into net.minecraft.world.item.Item$Properties
[19:03:04] [main/DEBUG] (FabricLoader/Mixin) Mixing BundleContentsAccessor from fabric-transfer-api-v1.mixins.json into net.minecraft.world.item.component.BundleContents
[19:03:04] [main/DEBUG] (FabricLoader/Mixin) Renaming @Invoker method getWeight(Lnet/minecraft/world/item/ItemInstance;)Lcom/mojang/serialization/DataResult; to getWeight$fabric-transfer-api-v1_$md$726be1$0 in fabric-transfer-api-v1.mixins.json:BundleContentsAccessor from mod fabric-transfer-api-v1
[19:03:04] [main/DEBUG] (FabricLoader/Mixin) Mixing AttachmentTargetsMixin from fabric-data-attachment-api-v1.mixins.json into net.minecraft.world.level.chunk.ChunkAccess
[19:03:04] [main/DEBUG] (FabricLoader/Mixin) Mixing ChunkAccessMixin from fabric-data-attachment-api-v1.mixins.json into net.minecraft.world.level.chunk.ChunkAccess
[19:03:04] [main/DEBUG] (FabricLoader/Mixin) Mixing LevelChunkMixin from fabric-data-attachment-api-v1.mixins.json into net.minecraft.world.level.chunk.LevelChunk
[19:03:04] [main/DEBUG] (FabricLoader/Mixin) Renaming synthetic method lambda$fabric_syncChange$0(Lnet/fabricmc/fabric/api/attachment/v1/AttachmentType;Lnet/fabricmc/fabric/impl/attachment/sync/AttachmentChange;Lnet/minecraft/server/level/ServerPlayer;)V to md726be1$fabric-data-attachment-api-v1$lambda$fabric_syncChange$0$0 in fabric-data-attachment-api-v1.mixins.json:LevelChunkMixin from mod fabric-data-attachment-api-v1
[19:03:04] [main/DEBUG] (FabricLoader/Mixin) Mixing LevelChunkMixin from fabric-lifecycle-events-v1.client.mixins.json into net.minecraft.world.level.chunk.LevelChunk
[19:03:04] [main/DEBUG] (FabricLoader/Mixin) fabric-data-attachment-api-v1.mixins.json:LevelChunkMixin from mod fabric-data-attachment-api-v1->@Inject::transferProtoChunkAttachment(Lnet/minecraft/server/level/ServerLevel;Lnet/minecraft/world/level/chunk/ProtoChunk;Lnet/minecraft/world/level/chunk/LevelChunk$PostLoadProcessor;Lorg/spongepowered/asm/mixin/injection/callback/CallbackInfo;)V doesn't use it's CallbackInfo
[19:03:04] [main/DEBUG] (FabricLoader/Mixin) fabric-data-attachment-api-v1.mixins.json:LevelChunkMixin from mod fabric-data-attachment-api-v1->@Inject::transferProtoChunkAttachment(Lnet/minecraft/server/level/ServerLevel;Lnet/minecraft/world/level/chunk/ProtoChunk;Lnet/minecraft/world/level/chunk/LevelChunk$PostLoadProcessor;Lorg/spongepowered/asm/mixin/injection/callback/CallbackInfo;)V has 0 override(s) in child classes
[19:03:04] [main/DEBUG] (FabricLoader/Mixin) fabric-data-attachment-api-v1.mixins.json:LevelChunkMixin from mod fabric-data-attachment-api-v1->@Inject::transferProtoChunkAttachment(Lnet/minecraft/server/level/ServerLevel;Lnet/minecraft/world/level/chunk/ProtoChunk;Lnet/minecraft/world/level/chunk/LevelChunk$PostLoadProcessor;Lorg/spongepowered/asm/mixin/injection/callback/CallbackInfo;)V won't be passed a CallbackInfo as a result
[19:03:04] [main/DEBUG] (FabricLoader/Mixin) fabric-lifecycle-events-v1.client.mixins.json:LevelChunkMixin from mod fabric-lifecycle-events-v1->@Inject::onRemoveBlockEntity(Lnet/minecraft/world/level/block/entity/BlockEntity;Lorg/spongepowered/asm/mixin/injection/callback/CallbackInfo;)V doesn't use it's CallbackInfo
[19:03:04] [main/DEBUG] (FabricLoader/Mixin) fabric-lifecycle-events-v1.client.mixins.json:LevelChunkMixin from mod fabric-lifecycle-events-v1->@Inject::onRemoveBlockEntity(Lnet/minecraft/world/level/block/entity/BlockEntity;Lorg/spongepowered/asm/mixin/injection/callback/CallbackInfo;)V has 0 override(s) in child classes
[19:03:04] [main/DEBUG] (FabricLoader/Mixin) fabric-lifecycle-events-v1.client.mixins.json:LevelChunkMixin from mod fabric-lifecycle-events-v1->@Inject::onRemoveBlockEntity(Lnet/minecraft/world/level/block/entity/BlockEntity;Lorg/spongepowered/asm/mixin/injection/callback/CallbackInfo;)V won't be passed a CallbackInfo as a result
[19:03:04] [main/DEBUG] (FabricLoader/Mixin) fabric-lifecycle-events-v1.client.mixins.json:LevelChunkMixin from mod fabric-lifecycle-events-v1->@Inject::onRemoveBlockEntity(Lnet/minecraft/core/BlockPos;Lorg/spongepowered/asm/mixin/injection/callback/CallbackInfo;)V doesn't use it's CallbackInfo
[19:03:04] [main/DEBUG] (FabricLoader/Mixin) fabric-lifecycle-events-v1.client.mixins.json:LevelChunkMixin from mod fabric-lifecycle-events-v1->@Inject::onRemoveBlockEntity(Lnet/minecraft/core/BlockPos;Lorg/spongepowered/asm/mixin/injection/callback/CallbackInfo;)V has 0 override(s) in child classes
[19:03:04] [main/DEBUG] (FabricLoader/Mixin) fabric-lifecycle-events-v1.client.mixins.json:LevelChunkMixin from mod fabric-lifecycle-events-v1->@Inject::onRemoveBlockEntity(Lnet/minecraft/core/BlockPos;Lorg/spongepowered/asm/mixin/injection/callback/CallbackInfo;)V won't be passed a CallbackInfo as a result
[19:03:04] [main/DEBUG] (FabricLoader/Mixin) Mixing ItemContainerContentsAccessor from fabric-transfer-api-v1.mixins.json into net.minecraft.world.item.component.ItemContainerContents
[19:03:04] [main/DEBUG] (FabricLoader/Mixin) Mixing LootTableAccessor from fabric-loot-api-v3.mixins.json into net.minecraft.world.level.storage.loot.LootTable
[19:03:04] [main/DEBUG] (FabricLoader/Mixin) Mixing LootTableMixin from fabric-loot-api-v3.mixins.json into net.minecraft.world.level.storage.loot.LootTable
[19:03:04] [main/DEBUG] (FabricLoader/Mixin) Mixing fluid.AbstractBoatMixin from fabric-content-registries-v0.mixins.json into net.minecraft.world.entity.vehicle.boat.AbstractBoat
[19:03:04] [main/DEBUG] (FabricLoader/Mixin) Mixing EntityTypeBuilderMixin from fabric-object-builder-v1.mixins.json into net.minecraft.world.entity.EntityType$Builder
[19:03:04] [main/DEBUG] (FabricLoader/Mixin) fabric-object-builder-v1.mixins.json:EntityTypeBuilderMixin from mod fabric-object-builder-api-v1->@Inject::applyChildBuilders(Lnet/minecraft/resources/ResourceKey;Lorg/spongepowered/asm/mixin/injection/callback/CallbackInfoReturnable;)V does use it's CallbackInfoReturnable
[19:03:04] [main/DEBUG] (FabricLoader/Mixin) Mixing BreezeMixin from fabric-particles-v1.mixins.json into net.minecraft.world.entity.monster.breeze.Breeze
[19:03:04] [main/DEBUG] (FabricLoader/Mixin) Mixing VillagerAccessor from fabric-content-registries-v0.mixins.json into net.minecraft.world.entity.npc.villager.Villager
[19:03:04] [main/DEBUG] (FabricLoader/Mixin) Renaming @Accessor method fabric_setItemFoodValues(Ljava/util/Map;)V to fabric_setItemFoodValues$fabric-content-registries-v0_$md$726be1$0 in fabric-content-registries-v0.mixins.json:VillagerAccessor from mod fabric-content-registries-v0
[19:03:04] [main/DEBUG] (FabricLoader/Mixin) Mixing VillagerMixin from fabric-content-registries-v0.mixins.json into net.minecraft.world.entity.npc.villager.Villager
[19:03:04] [main/DEBUG] (FabricLoader/Mixin) Mixing InteractionEntityMixin from mixins.bingo.json into net.minecraft.world.entity.Interaction
[19:03:04] [main/DEBUG] (FabricLoader/Mixin) mixins.bingo.json:InteractionEntityMixin from mod yet-another-minecraft-bingo->@Inject::handleAttack(Lnet/minecraft/world/entity/Entity;Lorg/spongepowered/asm/mixin/injection/callback/CallbackInfoReturnable;)V doesn't use it's CallbackInfoReturnable
[19:03:04] [main/DEBUG] (FabricLoader/Mixin) mixins.bingo.json:InteractionEntityMixin from mod yet-another-minecraft-bingo->@Inject::handleAttack(Lnet/minecraft/world/entity/Entity;Lorg/spongepowered/asm/mixin/injection/callback/CallbackInfoReturnable;)V has 0 override(s) in child classes
[19:03:04] [main/DEBUG] (FabricLoader/Mixin) mixins.bingo.json:InteractionEntityMixin from mod yet-another-minecraft-bingo->@Inject::handleAttack(Lnet/minecraft/world/entity/Entity;Lorg/spongepowered/asm/mixin/injection/callback/CallbackInfoReturnable;)V won't be passed a CallbackInfoReturnable as a result
[19:03:04] [main/DEBUG] (FabricLoader/Mixin) mixins.bingo.json:InteractionEntityMixin from mod yet-another-minecraft-bingo->@Inject::interact(Lnet/minecraft/world/entity/player/Player;Lnet/minecraft/world/InteractionHand;Lnet/minecraft/world/phys/Vec3;Lorg/spongepowered/asm/mixin/injection/callback/CallbackInfoReturnable;)V does use it's CallbackInfoReturnable
[19:03:04] [main/DEBUG] (FabricLoader/Mixin) Mixing EntityDataSerializersAccessor from fabric-object-builder-v1.mixins.json into net.minecraft.network.syncher.EntityDataSerializers
[19:03:04] [main/DEBUG] (FabricLoader/Mixin) Renaming @Accessor method fabric_getDataHandlers()Lnet/minecraft/util/CrudeIncrementalIntIdentityHashBiMap; to fabric_getDataHandlers$fabric-object-builder-api-v1_$md$726be1$0 in fabric-object-builder-v1.mixins.json:EntityDataSerializersAccessor from mod fabric-object-builder-api-v1
[19:03:04] [main/DEBUG] (FabricLoader/Mixin) Mixing EntityDataSerializersMixin from fabric-object-builder-v1.mixins.json into net.minecraft.network.syncher.EntityDataSerializers
[19:03:04] [main/DEBUG] (FabricLoader/Mixin) fabric-object-builder-v1.mixins.json:EntityDataSerializersMixin from mod fabric-object-builder-api-v1->@Inject::storeVanillaHandlers(Lorg/spongepowered/asm/mixin/injection/callback/CallbackInfo;)V doesn't use it's CallbackInfo
[19:03:04] [main/DEBUG] (FabricLoader/Mixin) fabric-object-builder-v1.mixins.json:EntityDataSerializersMixin from mod fabric-object-builder-api-v1->@Inject::onHeadRegister(Lnet/minecraft/network/syncher/EntityDataSerializer;Lorg/spongepowered/asm/mixin/injection/callback/CallbackInfo;)V doesn't use it's CallbackInfo
[19:03:04] [main/DEBUG] (net.fabricmc.fabric.impl.object.builder.FabricEntityDataRegistryImpl) Stored 43 vanilla handlers
[19:03:04] [main/DEBUG] (FabricLoader/Mixin) Mixing WardenMixin from fabric-particles-v1.mixins.json into net.minecraft.world.entity.monster.warden.Warden
[19:03:04] [main/DEBUG] (FabricLoader/Mixin) Mixing HoneycombItemMixin from fabric-content-registries-v0.mixins.json into net.minecraft.world.item.HoneycombItem
[19:03:04] [main/DEBUG] (FabricLoader/Mixin) fabric-content-registries-v0.mixins.json:HoneycombItemMixin from mod fabric-content-registries-v0->@Inject::createWaxables(Lorg/spongepowered/asm/mixin/injection/callback/CallbackInfoReturnable;)V does use it's CallbackInfoReturnable
[19:03:04] [main/DEBUG] (FabricLoader/Mixin) Mixing BrushItemMixin from fabric-particles-v1.mixins.json into net.minecraft.world.item.BrushItem
[19:03:05] [main/DEBUG] (FabricLoader/Mixin) Mixing EntitySelectorOptionsAccessor from fabric-command-api-v2.mixins.json into net.minecraft.commands.arguments.selector.options.EntitySelectorOptions
[19:03:05] [main/DEBUG] (FabricLoader/Mixin) Renaming @Invoker method callPutOption(Ljava/lang/String;Lnet/minecraft/commands/arguments/selector/options/EntitySelectorOptions$Modifier;Ljava/util/function/Predicate;Lnet/minecraft/network/chat/Component;)V to callPutOption$fabric-command-api-v2_$md$726be1$0 in fabric-command-api-v2.mixins.json:EntitySelectorOptionsAccessor from mod fabric-command-api-v2
[19:03:05] [main/DEBUG] (FabricLoader/Mixin) Mixing EntitySelectorParserMixin from fabric-command-api-v2.mixins.json into net.minecraft.commands.arguments.selector.EntitySelectorParser
[19:03:05] [main/DEBUG] (FabricLoader/Mixin) Generating mapped inner class net/minecraft/world/level/block/entity/ChiseledBookShelfBlockEntity$Anonymous$6b8fabc9a3dd3f94be74f1199f97fdb5 (originally net/fabricmc/fabric/mixin/transfer/ChiseledBookShelfBlockEntityMixin$1)
[19:03:05] [main/DEBUG] (FabricLoader/Mixin) Mixing SimpleContainerMixin from fabric-transfer-api-v1.mixins.json into net.minecraft.world.SimpleContainer
[19:03:05] [main/DEBUG] (FabricLoader/Mixin) Mixing CraftingRecipeMixin from fabric-item-api-v1.mixins.json into net.minecraft.world.item.crafting.CraftingRecipe
[19:03:05] [main/DEBUG] (FabricLoader/Mixin) Mixing ingredient.IngredientMixin from fabric-recipe-api-v1.mixins.json into net.minecraft.world.item.crafting.Ingredient
[19:03:05] [main/DEBUG] (FabricLoader/Mixin) Renaming synthetic method lambda$injectCodec$2(Lnet/minecraft/world/item/crafting/Ingredient;)Lcom/mojang/datafixers/util/Either; to md726be1$fabric-recipe-api-v1$lambda$injectCodec$2$0 in fabric-recipe-api-v1.mixins.json:ingredient.IngredientMixin from mod fabric-recipe-api-v1
[19:03:05] [main/DEBUG] (FabricLoader/Mixin) Renaming synthetic method lambda$injectCodec$0(Lcom/mojang/datafixers/util/Either;)Lnet/minecraft/world/item/crafting/Ingredient; to md726be1$fabric-recipe-api-v1$lambda$injectCodec$0$1 in fabric-recipe-api-v1.mixins.json:ingredient.IngredientMixin from mod fabric-recipe-api-v1
[19:03:05] [main/DEBUG] (FabricLoader/Mixin) Renaming synthetic method lambda$injectCodec$1(Lnet/minecraft/world/item/crafting/Ingredient;)Lnet/minecraft/world/item/crafting/Ingredient; to md726be1$fabric-recipe-api-v1$lambda$injectCodec$1$2 in fabric-recipe-api-v1.mixins.json:ingredient.IngredientMixin from mod fabric-recipe-api-v1
[19:03:05] [main/DEBUG] (FabricLoader/Mixin) fabric-recipe-api-v1.mixins.json:ingredient.IngredientMixin from mod fabric-recipe-api-v1->@Inject::injectCodec(Lorg/spongepowered/asm/mixin/injection/callback/CallbackInfo;)V doesn't use it's CallbackInfo
[19:03:05] [main/DEBUG] (FabricLoader/Mixin) fabric-recipe-api-v1.mixins.json:ingredient.IngredientMixin from mod fabric-recipe-api-v1->@Inject::onGetEntries(Lnet/minecraft/world/item/crafting/Ingredient;Lorg/spongepowered/asm/mixin/injection/callback/CallbackInfoReturnable;)V does use it's CallbackInfoReturnable
[19:03:05] [main/DEBUG] (FabricLoader/Mixin) fabric-recipe-api-v1.mixins.json:ingredient.IngredientMixin from mod fabric-recipe-api-v1->@Inject::onGetEntries(Lnet/minecraft/world/item/crafting/Ingredient;Lorg/spongepowered/asm/mixin/injection/callback/CallbackInfoReturnable;)V does use it's CallbackInfoReturnable
[19:03:05] [main/DEBUG] (FabricLoader/Mixin) fabric-recipe-api-v1.mixins.json:ingredient.IngredientMixin from mod fabric-recipe-api-v1->@Inject::onGetEntries(Lnet/minecraft/world/item/crafting/Ingredient;Lorg/spongepowered/asm/mixin/injection/callback/CallbackInfoReturnable;)V does use it's CallbackInfoReturnable
[19:03:05] [main/DEBUG] (FabricLoader/Mixin) fabric-recipe-api-v1.mixins.json:ingredient.IngredientMixin from mod fabric-recipe-api-v1->@Inject::onHeadEquals(Ljava/lang/Object;Lorg/spongepowered/asm/mixin/injection/callback/CallbackInfoReturnable;)V does use it's CallbackInfoReturnable
[19:03:05] [main/DEBUG] (FabricLoader/Mixin) Mixing ingredient.ShapelessRecipeMixin from fabric-recipe-api-v1.mixins.json into net.minecraft.world.item.crafting.ShapelessRecipe
[19:03:05] [main/DEBUG] (FabricLoader/Mixin) fabric-recipe-api-v1.mixins.json:ingredient.ShapelessRecipeMixin from mod fabric-recipe-api-v1->@Inject::cacheRequiresTesting(Lnet/minecraft/world/item/crafting/Recipe$CommonInfo;Lnet/minecraft/world/item/crafting/CraftingRecipe$CraftingBookInfo;Lnet/minecraft/world/item/ItemStackTemplate;Ljava/util/List;Lorg/spongepowered/asm/mixin/injection/callback/CallbackInfo;)V doesn't use it's CallbackInfo
[19:03:05] [main/DEBUG] (FabricLoader/Mixin) fabric-recipe-api-v1.mixins.json:ingredient.ShapelessRecipeMixin from mod fabric-recipe-api-v1->@Inject::cacheRequiresTesting(Lnet/minecraft/world/item/crafting/Recipe$CommonInfo;Lnet/minecraft/world/item/crafting/CraftingRecipe$CraftingBookInfo;Lnet/minecraft/world/item/ItemStackTemplate;Ljava/util/List;Lorg/spongepowered/asm/mixin/injection/callback/CallbackInfo;)V has 0 override(s) in child classes
[19:03:05] [main/DEBUG] (FabricLoader/Mixin) fabric-recipe-api-v1.mixins.json:ingredient.ShapelessRecipeMixin from mod fabric-recipe-api-v1->@Inject::cacheRequiresTesting(Lnet/minecraft/world/item/crafting/Recipe$CommonInfo;Lnet/minecraft/world/item/crafting/CraftingRecipe$CraftingBookInfo;Lnet/minecraft/world/item/ItemStackTemplate;Ljava/util/List;Lorg/spongepowered/asm/mixin/injection/callback/CallbackInfo;)V won't be passed a CallbackInfo as a result
[19:03:05] [main/DEBUG] (FabricLoader/Mixin) fabric-recipe-api-v1.mixins.json:ingredient.ShapelessRecipeMixin from mod fabric-recipe-api-v1->@Inject::customIngredientMatch(Lnet/minecraft/world/item/crafting/CraftingInput;Lnet/minecraft/world/level/Level;Lorg/spongepowered/asm/mixin/injection/callback/CallbackInfoReturnable;)V does use it's CallbackInfoReturnable
[19:03:05] [main/DEBUG] (FabricLoader/Mixin) Mixing EnchantRandomlyFunctionMixin from fabric-item-api-v1.mixins.json into net.minecraft.world.level.storage.loot.functions.EnchantRandomlyFunction
[19:03:05] [main/DEBUG] (FabricLoader/Mixin) Mixing DimensionTypeAccessor from fabric-dimensions-v1.mixins.json into net.minecraft.world.level.dimension.DimensionType
[19:03:05] [main/DEBUG] (FabricLoader/Mixin) Mixing StructureTemplateManagerMixin from fabric-gametest-api-v1.mixins.json into net.minecraft.world.level.levelgen.structure.templatesystem.StructureTemplateManager
[19:03:05] [main/DEBUG] (FabricLoader/Mixin) fabric-gametest-api-v1.mixins.json:StructureTemplateManagerMixin from mod fabric-gametest-api-v1->@Inject::addFabricTemplateProvider(Lnet/minecraft/server/packs/resources/ResourceManager;Lnet/minecraft/world/level/storage/LevelStorageSource$LevelStorageAccess;Lcom/mojang/datafixers/DataFixer;Lnet/minecraft/core/HolderGetter;Lorg/spongepowered/asm/mixin/injection/callback/CallbackInfo;)V doesn't use it's CallbackInfo
[19:03:05] [main/DEBUG] (FabricLoader/Mixin) fabric-gametest-api-v1.mixins.json:StructureTemplateManagerMixin from mod fabric-gametest-api-v1->@Inject::addFabricTemplateProvider(Lnet/minecraft/server/packs/resources/ResourceManager;Lnet/minecraft/world/level/storage/LevelStorageSource$LevelStorageAccess;Lcom/mojang/datafixers/DataFixer;Lnet/minecraft/core/HolderGetter;Lorg/spongepowered/asm/mixin/injection/callback/CallbackInfo;)V has 0 override(s) in child classes
[19:03:05] [main/DEBUG] (FabricLoader/Mixin) fabric-gametest-api-v1.mixins.json:StructureTemplateManagerMixin from mod fabric-gametest-api-v1->@Inject::addFabricTemplateProvider(Lnet/minecraft/server/packs/resources/ResourceManager;Lnet/minecraft/world/level/storage/LevelStorageSource$LevelStorageAccess;Lcom/mojang/datafixers/DataFixer;Lnet/minecraft/core/HolderGetter;Lorg/spongepowered/asm/mixin/injection/callback/CallbackInfo;)V won't be passed a CallbackInfo as a result
[19:03:05] [main/DEBUG] (FabricLoader/Mixin) Mixing BiomeSourceMixin from fabric-biome-api-v1.mixins.json into net.minecraft.world.level.biome.BiomeSource
[19:03:05] [main/DEBUG] (FabricLoader/Mixin) Mixing MultiNoiseBiomeSourceMixin from fabric-biome-api-v1.mixins.json into net.minecraft.world.level.biome.MultiNoiseBiomeSource
[19:03:05] [main/DEBUG] (FabricLoader/Mixin) Mixing NetherBiomePresetMixin from fabric-biome-api-v1.mixins.json into net.minecraft.world.level.biome.MultiNoiseBiomeSourceParameterList$Preset$1
[19:03:05] [main/DEBUG] (FabricLoader/Mixin) fabric-biome-api-v1.mixins.json:NetherBiomePresetMixin from mod fabric-biome-api-v1->@Inject::apply(Ljava/util/function/Function;Lorg/spongepowered/asm/mixin/injection/callback/CallbackInfoReturnable;)V does use it's CallbackInfoReturnable
[19:03:05] [main/DEBUG] (FabricLoader/Mixin) Mixing RegistryOpsAccessor from fabric-resource-conditions-api-v1.mixins.json into net.minecraft.resources.RegistryOps
[19:03:05] [main/DEBUG] (FabricLoader/Mixin) Mixing TheEndBiomeSourceMixin from fabric-biome-api-v1.mixins.json into net.minecraft.world.level.biome.TheEndBiomeSource
[19:03:05] [main/DEBUG] (FabricLoader/Mixin) Renaming synthetic method lambda$init$0(Lnet/minecraft/core/HolderGetter;)Lnet/fabricmc/fabric/impl/biome/TheEndBiomeData$Overrides; to md726be1$fabric-biome-api-v1$lambda$init$0$0 in fabric-biome-api-v1.mixins.json:TheEndBiomeSourceMixin from mod fabric-biome-api-v1
[19:03:05] [main/DEBUG] (FabricLoader/Mixin) Renaming synthetic method lambda$modifyCodec$0(Lcom/mojang/serialization/codecs/RecordCodecBuilder$Instance;)Lcom/mojang/datafixers/kinds/App; to md726be1$fabric-biome-api-v1$lambda$modifyCodec$0$1 in fabric-biome-api-v1.mixins.json:TheEndBiomeSourceMixin from mod fabric-biome-api-v1
[19:03:05] [main/DEBUG] (FabricLoader/Mixin) fabric-biome-api-v1.mixins.json:TheEndBiomeSourceMixin from mod fabric-biome-api-v1->@Inject::modifyCodec(Lorg/spongepowered/asm/mixin/injection/callback/CallbackInfo;)V doesn't use it's CallbackInfo
[19:03:05] [main/DEBUG] (FabricLoader/Mixin) fabric-biome-api-v1.mixins.json:TheEndBiomeSourceMixin from mod fabric-biome-api-v1->@Inject::rememberLookup(Lnet/minecraft/core/HolderGetter;Lorg/spongepowered/asm/mixin/injection/callback/CallbackInfoReturnable;)V doesn't use it's CallbackInfoReturnable
[19:03:05] [main/DEBUG] (FabricLoader/Mixin) fabric-biome-api-v1.mixins.json:TheEndBiomeSourceMixin from mod fabric-biome-api-v1->@Inject::clearLookup(Lnet/minecraft/core/HolderGetter;Lorg/spongepowered/asm/mixin/injection/callback/CallbackInfoReturnable;)V doesn't use it's CallbackInfoReturnable
[19:03:05] [main/DEBUG] (FabricLoader/Mixin) fabric-biome-api-v1.mixins.json:TheEndBiomeSourceMixin from mod fabric-biome-api-v1->@Inject::init(Lnet/minecraft/core/Holder;Lnet/minecraft/core/Holder;Lnet/minecraft/core/Holder;Lnet/minecraft/core/Holder;Lnet/minecraft/core/Holder;Lorg/spongepowered/asm/mixin/injection/callback/CallbackInfo;)V doesn't use it's CallbackInfo
[19:03:05] [main/DEBUG] (FabricLoader/Mixin) fabric-biome-api-v1.mixins.json:TheEndBiomeSourceMixin from mod fabric-biome-api-v1->@Inject::init(Lnet/minecraft/core/Holder;Lnet/minecraft/core/Holder;Lnet/minecraft/core/Holder;Lnet/minecraft/core/Holder;Lnet/minecraft/core/Holder;Lorg/spongepowered/asm/mixin/injection/callback/CallbackInfo;)V has 0 override(s) in child classes
[19:03:05] [main/DEBUG] (FabricLoader/Mixin) fabric-biome-api-v1.mixins.json:TheEndBiomeSourceMixin from mod fabric-biome-api-v1->@Inject::init(Lnet/minecraft/core/Holder;Lnet/minecraft/core/Holder;Lnet/minecraft/core/Holder;Lnet/minecraft/core/Holder;Lnet/minecraft/core/Holder;Lorg/spongepowered/asm/mixin/injection/callback/CallbackInfo;)V won't be passed a CallbackInfo as a result
[19:03:05] [main/DEBUG] (FabricLoader/Mixin) fabric-biome-api-v1.mixins.json:TheEndBiomeSourceMixin from mod fabric-biome-api-v1->@Inject::getWeightedEndBiome(IIILnet/minecraft/world/level/biome/Climate$Sampler;Lorg/spongepowered/asm/mixin/injection/callback/CallbackInfoReturnable;)V does use it's CallbackInfoReturnable
[19:03:05] [main/DEBUG] (FabricLoader/Mixin) fabric-biome-api-v1.mixins.json:TheEndBiomeSourceMixin from mod fabric-biome-api-v1->@Inject::getWeightedEndBiome(IIILnet/minecraft/world/level/biome/Climate$Sampler;Lorg/spongepowered/asm/mixin/injection/callback/CallbackInfoReturnable;)V does use it's CallbackInfoReturnable
[19:03:05] [main/DEBUG] (FabricLoader/Mixin) fabric-biome-api-v1.mixins.json:TheEndBiomeSourceMixin from mod fabric-biome-api-v1->@Inject::getWeightedEndBiome(IIILnet/minecraft/world/level/biome/Climate$Sampler;Lorg/spongepowered/asm/mixin/injection/callback/CallbackInfoReturnable;)V does use it's CallbackInfoReturnable
[19:03:05] [main/DEBUG] (FabricLoader/Mixin) fabric-biome-api-v1.mixins.json:TheEndBiomeSourceMixin from mod fabric-biome-api-v1->@Inject::getWeightedEndBiome(IIILnet/minecraft/world/level/biome/Climate$Sampler;Lorg/spongepowered/asm/mixin/injection/callback/CallbackInfoReturnable;)V does use it's CallbackInfoReturnable
[19:03:05] [main/DEBUG] (FabricLoader/Mixin) fabric-biome-api-v1.mixins.json:TheEndBiomeSourceMixin from mod fabric-biome-api-v1->@Inject::getWeightedEndBiome(IIILnet/minecraft/world/level/biome/Climate$Sampler;Lorg/spongepowered/asm/mixin/injection/callback/CallbackInfoReturnable;)V does use it's CallbackInfoReturnable
[19:03:05] [main/DEBUG] (FabricLoader/Mixin) Mixing DebugLevelSourceAccessor from fabric-registry-sync-v0.mixins.json into net.minecraft.world.level.levelgen.DebugLevelSource
[19:03:05] [main/DEBUG] (FabricLoader/Mixin) Renaming @Accessor method setALL_BLOCKS(Ljava/util/List;)V to setALL_BLOCKS$fabric-registry-sync-v0_$md$726be1$0 in fabric-registry-sync-v0.mixins.json:DebugLevelSourceAccessor from mod fabric-registry-sync-v0
[19:03:05] [main/DEBUG] (FabricLoader/Mixin) Renaming @Accessor method setGRID_WIDTH(I)V to setGRID_WIDTH$fabric-registry-sync-v0_$md$726be1$1 in fabric-registry-sync-v0.mixins.json:DebugLevelSourceAccessor from mod fabric-registry-sync-v0
[19:03:05] [main/DEBUG] (FabricLoader/Mixin) Renaming @Accessor method setGRID_HEIGHT(I)V to setGRID_HEIGHT$fabric-registry-sync-v0_$md$726be1$2 in fabric-registry-sync-v0.mixins.json:DebugLevelSourceAccessor from mod fabric-registry-sync-v0
[19:03:05] [main/DEBUG] (FabricLoader/Mixin) Mixing GameRulesServiceGameRuleUpdateMixin from fabric-game-rule-api-v1.mixins.json into net.minecraft.server.jsonrpc.methods.GameRulesService$GameRuleUpdate
[19:03:05] [main/DEBUG] (FabricLoader/Mixin) Renaming synthetic method lambda$fabric_createTypedCodec$0(Lnet/minecraft/world/level/gamerules/GameRule;Lcom/mojang/serialization/codecs/RecordCodecBuilder$Instance;)Lcom/mojang/datafixers/kinds/App; to md726be1$fabric-game-rule-api-v1$lambda$fabric_createTypedCodec$0$0 in fabric-game-rule-api-v1.mixins.json:GameRulesServiceGameRuleUpdateMixin from mod fabric-game-rule-api-v1
[19:03:05] [main/DEBUG] (FabricLoader/Mixin) Renaming synthetic method lambda$fabric_createTypedCodec$2(Lnet/minecraft/world/level/gamerules/GameRule;Lnet/fabricmc/fabric/impl/gamerule/rpc/FabricGameRuleType;Ljava/lang/Object;)Lnet/minecraft/server/jsonrpc/methods/GameRulesService$GameRuleUpdate; to md726be1$fabric-game-rule-api-v1$lambda$fabric_createTypedCodec$2$1 in fabric-game-rule-api-v1.mixins.json:GameRulesServiceGameRuleUpdateMixin from mod fabric-game-rule-api-v1
[19:03:05] [main/DEBUG] (FabricLoader/Mixin) Renaming synthetic method lambda$fabric_createTypedCodec$1(Lnet/minecraft/server/jsonrpc/methods/GameRulesService$GameRuleUpdate;)Lnet/fabricmc/fabric/impl/gamerule/rpc/FabricGameRuleType; to md726be1$fabric-game-rule-api-v1$lambda$fabric_createTypedCodec$1$2 in fabric-game-rule-api-v1.mixins.json:GameRulesServiceGameRuleUpdateMixin from mod fabric-game-rule-api-v1
[19:03:05] [main/DEBUG] (FabricLoader/Mixin) Renaming synthetic method lambda$getValueAndFabricTypeCodec$1(Lnet/minecraft/server/jsonrpc/methods/GameRulesService$GameRuleUpdate;)Lcom/mojang/datafixers/util/Either; to md726be1$fabric-game-rule-api-v1$lambda$getValueAndFabricTypeCodec$1$3 in fabric-game-rule-api-v1.mixins.json:GameRulesServiceGameRuleUpdateMixin from mod fabric-game-rule-api-v1
[19:03:05] [main/DEBUG] (FabricLoader/Mixin) Renaming synthetic method lambda$getValueAndFabricTypeCodec$0(Lcom/mojang/datafixers/util/Either;)Lnet/minecraft/server/jsonrpc/methods/GameRulesService$GameRuleUpdate; to md726be1$fabric-game-rule-api-v1$lambda$getValueAndFabricTypeCodec$0$4 in fabric-game-rule-api-v1.mixins.json:GameRulesServiceGameRuleUpdateMixin from mod fabric-game-rule-api-v1
[19:03:05] [main/DEBUG] (FabricLoader/Mixin) fabric-game-rule-api-v1.mixins.json:GameRulesServiceGameRuleUpdateMixin from mod fabric-game-rule-api-v1->@Inject::updateFabricType(Lnet/minecraft/world/level/gamerules/GameRule;Ljava/lang/Object;Lorg/spongepowered/asm/mixin/injection/callback/CallbackInfo;)V doesn't use it's CallbackInfo
[19:03:05] [main/DEBUG] (FabricLoader/Mixin) Mixing item.CuboidItemModelWrapperMixin from fabric-renderer-api-v1.mixins.json into net.minecraft.client.renderer.item.CuboidItemModelWrapper
[19:03:05] [main/DEBUG] (FabricLoader/Mixin) fabric-renderer-api-v1.mixins.json:item.CuboidItemModelWrapperMixin from mod fabric-renderer-api-v1->@Inject::onReturnUpdate(Lnet/minecraft/client/renderer/item/ItemStackRenderState;Lnet/minecraft/world/item/ItemStack;Lnet/minecraft/client/renderer/item/ItemModelResolver;Lnet/minecraft/world/item/ItemDisplayContext;Lnet/minecraft/client/multiplayer/ClientLevel;Lnet/minecraft/world/entity/ItemOwner;ILorg/spongepowered/asm/mixin/injection/callback/CallbackInfo;)V doesn't use it's CallbackInfo
[19:03:05] [main/DEBUG] (FabricLoader/Mixin) fabric-renderer-api-v1.mixins.json:item.CuboidItemModelWrapperMixin from mod fabric-renderer-api-v1->@Inject::onReturnUpdate(Lnet/minecraft/client/renderer/item/ItemStackRenderState;Lnet/minecraft/world/item/ItemStack;Lnet/minecraft/client/renderer/item/ItemModelResolver;Lnet/minecraft/world/item/ItemDisplayContext;Lnet/minecraft/client/multiplayer/ClientLevel;Lnet/minecraft/world/entity/ItemOwner;ILorg/spongepowered/asm/mixin/injection/callback/CallbackInfo;)V has 0 override(s) in child classes
[19:03:05] [main/DEBUG] (FabricLoader/Mixin) fabric-renderer-api-v1.mixins.json:item.CuboidItemModelWrapperMixin from mod fabric-renderer-api-v1->@Inject::onReturnUpdate(Lnet/minecraft/client/renderer/item/ItemStackRenderState;Lnet/minecraft/world/item/ItemStack;Lnet/minecraft/client/renderer/item/ItemModelResolver;Lnet/minecraft/world/item/ItemDisplayContext;Lnet/minecraft/client/multiplayer/ClientLevel;Lnet/minecraft/world/entity/ItemOwner;ILorg/spongepowered/asm/mixin/injection/callback/CallbackInfo;)V won't be passed a CallbackInfo as a result
[19:03:05] [main/DEBUG] (FabricLoader/Mixin) Mixing ModelMixin from fabric-rendering-v1.mixins.json into net.minecraft.client.model.Model
[19:03:05] [main/DEBUG] (FabricLoader/Mixin) Renaming synthetic method lambda$copyTransforms$0(Ljava/lang/String;Lnet/minecraft/client/model/geom/ModelPart;)V to md726be1$fabric-rendering-v1$lambda$copyTransforms$0$0 in fabric-rendering-v1.mixins.json:ModelMixin from mod fabric-rendering-v1
[19:03:05] [main/DEBUG] (FabricLoader/Mixin) fabric-rendering-v1.mixins.json:ModelMixin from mod fabric-rendering-v1->@Inject::fillChildPartMap(Lnet/minecraft/client/model/geom/ModelPart;Ljava/util/function/Function;Lorg/spongepowered/asm/mixin/injection/callback/CallbackInfo;)V doesn't use it's CallbackInfo
[19:03:05] [main/DEBUG] (FabricLoader/Mixin) fabric-rendering-v1.mixins.json:ModelMixin from mod fabric-rendering-v1->@Inject::fillChildPartMap(Lnet/minecraft/client/model/geom/ModelPart;Ljava/util/function/Function;Lorg/spongepowered/asm/mixin/injection/callback/CallbackInfo;)V has 0 override(s) in child classes
[19:03:05] [main/DEBUG] (FabricLoader/Mixin) fabric-rendering-v1.mixins.json:ModelMixin from mod fabric-rendering-v1->@Inject::fillChildPartMap(Lnet/minecraft/client/model/geom/ModelPart;Ljava/util/function/Function;Lorg/spongepowered/asm/mixin/injection/callback/CallbackInfo;)V won't be passed a CallbackInfo as a result
[19:03:05] [main/DEBUG] (FabricLoader/Mixin) Mixing KeyMappingAccessor from fabric-events-interaction-v0.client.mixins.json into net.minecraft.client.KeyMapping
[19:03:05] [main/DEBUG] (FabricLoader/Mixin) Mixing KeyMappingAccessor from fabric-key-mapping-api-v1.mixins.json into net.minecraft.client.KeyMapping
[19:03:05] [main/DEBUG] (FabricLoader/Mixin) Mixing SpriteSourcesAccessor from fabric-rendering-v1.mixins.json into net.minecraft.client.renderer.texture.atlas.SpriteSources
[19:03:05] [main/DEBUG] (FabricLoader/Mixin) Renaming @Accessor method getSpriteSourceCodecs()Lnet/minecraft/util/ExtraCodecs$LateBoundIdMapper; to getSpriteSourceCodecs$fabric-rendering-v1_$md$726be1$0 in fabric-rendering-v1.mixins.json:SpriteSourcesAccessor from mod fabric-rendering-v1
[19:03:05] [main/DEBUG] (FabricLoader/Mixin) Mixing ScreenAccessor from fabric-screen-api-v1.mixins.json into net.minecraft.client.gui.screens.Screen
[19:03:05] [main/DEBUG] (FabricLoader/Mixin) Mixing ScreenMixin from fabric-screen-api-v1.mixins.json into net.minecraft.client.gui.screens.Screen
[19:03:05] [main/DEBUG] (FabricLoader/Mixin) fabric-screen-api-v1.mixins.json:ScreenMixin from mod fabric-screen-api-v1->@Inject::extractWithTooltip(Lnet/minecraft/client/gui/GuiGraphicsExtractor;IIFLorg/spongepowered/asm/mixin/injection/callback/CallbackInfo;)V doesn't use it's CallbackInfo
[19:03:05] [main/DEBUG] (FabricLoader/Mixin) fabric-screen-api-v1.mixins.json:ScreenMixin from mod fabric-screen-api-v1->@Inject::beforeInitScreen(IILorg/spongepowered/asm/mixin/injection/callback/CallbackInfo;)V doesn't use it's CallbackInfo
[19:03:05] [main/DEBUG] (FabricLoader/Mixin) fabric-screen-api-v1.mixins.json:ScreenMixin from mod fabric-screen-api-v1->@Inject::beforeInitScreen(IILorg/spongepowered/asm/mixin/injection/callback/CallbackInfo;)V has 0 override(s) in child classes
[19:03:05] [main/DEBUG] (FabricLoader/Mixin) fabric-screen-api-v1.mixins.json:ScreenMixin from mod fabric-screen-api-v1->@Inject::beforeInitScreen(IILorg/spongepowered/asm/mixin/injection/callback/CallbackInfo;)V won't be passed a CallbackInfo as a result
[19:03:05] [main/DEBUG] (FabricLoader/Mixin) fabric-screen-api-v1.mixins.json:ScreenMixin from mod fabric-screen-api-v1->@Inject::afterInitScreen(IILorg/spongepowered/asm/mixin/injection/callback/CallbackInfo;)V doesn't use it's CallbackInfo
[19:03:05] [main/DEBUG] (FabricLoader/Mixin) fabric-screen-api-v1.mixins.json:ScreenMixin from mod fabric-screen-api-v1->@Inject::afterInitScreen(IILorg/spongepowered/asm/mixin/injection/callback/CallbackInfo;)V has 0 override(s) in child classes
[19:03:05] [main/DEBUG] (FabricLoader/Mixin) fabric-screen-api-v1.mixins.json:ScreenMixin from mod fabric-screen-api-v1->@Inject::afterInitScreen(IILorg/spongepowered/asm/mixin/injection/callback/CallbackInfo;)V won't be passed a CallbackInfo as a result
[19:03:05] [main/DEBUG] (FabricLoader/Mixin) fabric-screen-api-v1.mixins.json:ScreenMixin from mod fabric-screen-api-v1->@Inject::beforeResizeScreen(IILorg/spongepowered/asm/mixin/injection/callback/CallbackInfo;)V doesn't use it's CallbackInfo
[19:03:05] [main/DEBUG] (FabricLoader/Mixin) fabric-screen-api-v1.mixins.json:ScreenMixin from mod fabric-screen-api-v1->@Inject::beforeResizeScreen(IILorg/spongepowered/asm/mixin/injection/callback/CallbackInfo;)V has 0 override(s) in child classes
[19:03:05] [main/DEBUG] (FabricLoader/Mixin) fabric-screen-api-v1.mixins.json:ScreenMixin from mod fabric-screen-api-v1->@Inject::beforeResizeScreen(IILorg/spongepowered/asm/mixin/injection/callback/CallbackInfo;)V won't be passed a CallbackInfo as a result
[19:03:05] [main/DEBUG] (FabricLoader/Mixin) fabric-screen-api-v1.mixins.json:ScreenMixin from mod fabric-screen-api-v1->@Inject::afterResizeScreen(IILorg/spongepowered/asm/mixin/injection/callback/CallbackInfo;)V doesn't use it's CallbackInfo
[19:03:05] [main/DEBUG] (FabricLoader/Mixin) fabric-screen-api-v1.mixins.json:ScreenMixin from mod fabric-screen-api-v1->@Inject::afterResizeScreen(IILorg/spongepowered/asm/mixin/injection/callback/CallbackInfo;)V has 0 override(s) in child classes
[19:03:05] [main/DEBUG] (FabricLoader/Mixin) fabric-screen-api-v1.mixins.json:ScreenMixin from mod fabric-screen-api-v1->@Inject::afterResizeScreen(IILorg/spongepowered/asm/mixin/injection/callback/CallbackInfo;)V won't be passed a CallbackInfo as a result
[19:03:05] [main/DEBUG] (FabricLoader/Mixin) Mixing ClientLevelMixin from fabric-rendering-v1.mixins.json into net.minecraft.client.multiplayer.ClientLevel
[19:03:05] [main/DEBUG] (FabricLoader/Mixin) Renaming synthetic method lambda$new$0(Lnet/minecraft/world/level/ColorResolver;)Lnet/minecraft/client/color/block/BlockTintCache; to md726be1$fabric-rendering-v1$lambda$new$0$0 in fabric-rendering-v1.mixins.json:ClientLevelMixin from mod fabric-rendering-v1
[19:03:05] [main/DEBUG] (FabricLoader/Mixin) Renaming synthetic method lambda$new$1(Lnet/minecraft/world/level/ColorResolver;Lnet/minecraft/core/BlockPos;)I to md726be1$fabric-rendering-v1$lambda$new$1$1 in fabric-rendering-v1.mixins.json:ClientLevelMixin from mod fabric-rendering-v1
[19:03:05] [main/DEBUG] (FabricLoader/Mixin) Mixing ClientLevelMixin from fabric-data-attachment-api-v1.client.mixins.json into net.minecraft.client.multiplayer.ClientLevel
[19:03:05] [main/DEBUG] (FabricLoader/Mixin) Mixing ClientLevelMixin from fabric-lifecycle-events-v1.client.mixins.json into net.minecraft.client.multiplayer.ClientLevel
[19:03:05] [main/DEBUG] (FabricLoader/Mixin) fabric-rendering-v1.mixins.json:ClientLevelMixin from mod fabric-rendering-v1->@Inject::onResetChunkColor(Lnet/minecraft/world/level/ChunkPos;Lorg/spongepowered/asm/mixin/injection/callback/CallbackInfo;)V doesn't use it's CallbackInfo
[19:03:05] [main/DEBUG] (FabricLoader/Mixin) fabric-rendering-v1.mixins.json:ClientLevelMixin from mod fabric-rendering-v1->@Inject::onResetChunkColor(Lnet/minecraft/world/level/ChunkPos;Lorg/spongepowered/asm/mixin/injection/callback/CallbackInfo;)V has 0 override(s) in child classes
[19:03:05] [main/DEBUG] (FabricLoader/Mixin) fabric-rendering-v1.mixins.json:ClientLevelMixin from mod fabric-rendering-v1->@Inject::onResetChunkColor(Lnet/minecraft/world/level/ChunkPos;Lorg/spongepowered/asm/mixin/injection/callback/CallbackInfo;)V won't be passed a CallbackInfo as a result
[19:03:05] [main/DEBUG] (FabricLoader/Mixin) fabric-rendering-v1.mixins.json:ClientLevelMixin from mod fabric-rendering-v1->@Inject::onReloadColor(Lorg/spongepowered/asm/mixin/injection/callback/CallbackInfo;)V doesn't use it's CallbackInfo
[19:03:05] [main/DEBUG] (FabricLoader/Mixin) fabric-rendering-v1.mixins.json:ClientLevelMixin from mod fabric-rendering-v1->@Inject::onReloadColor(Lorg/spongepowered/asm/mixin/injection/callback/CallbackInfo;)V has 0 override(s) in child classes
[19:03:05] [main/DEBUG] (FabricLoader/Mixin) fabric-rendering-v1.mixins.json:ClientLevelMixin from mod fabric-rendering-v1->@Inject::onReloadColor(Lorg/spongepowered/asm/mixin/injection/callback/CallbackInfo;)V won't be passed a CallbackInfo as a result
[19:03:05] [main/DEBUG] (FabricLoader/Mixin) fabric-lifecycle-events-v1.client.mixins.json:ClientLevelMixin from mod fabric-lifecycle-events-v1->@Inject::startLevelTick(Lorg/spongepowered/asm/mixin/injection/callback/CallbackInfo;)V doesn't use it's CallbackInfo
[19:03:05] [main/DEBUG] (FabricLoader/Mixin) fabric-lifecycle-events-v1.client.mixins.json:ClientLevelMixin from mod fabric-lifecycle-events-v1->@Inject::startLevelTick(Lorg/spongepowered/asm/mixin/injection/callback/CallbackInfo;)V has 0 override(s) in child classes
[19:03:05] [main/DEBUG] (FabricLoader/Mixin) fabric-lifecycle-events-v1.client.mixins.json:ClientLevelMixin from mod fabric-lifecycle-events-v1->@Inject::startLevelTick(Lorg/spongepowered/asm/mixin/injection/callback/CallbackInfo;)V won't be passed a CallbackInfo as a result
[19:03:05] [main/DEBUG] (FabricLoader/Mixin) fabric-lifecycle-events-v1.client.mixins.json:ClientLevelMixin from mod fabric-lifecycle-events-v1->@Inject::endLevelTick(Lorg/spongepowered/asm/mixin/injection/callback/CallbackInfo;)V doesn't use it's CallbackInfo
[19:03:05] [main/DEBUG] (FabricLoader/Mixin) fabric-lifecycle-events-v1.client.mixins.json:ClientLevelMixin from mod fabric-lifecycle-events-v1->@Inject::endLevelTick(Lorg/spongepowered/asm/mixin/injection/callback/CallbackInfo;)V has 0 override(s) in child classes
[19:03:05] [main/DEBUG] (FabricLoader/Mixin) fabric-lifecycle-events-v1.client.mixins.json:ClientLevelMixin from mod fabric-lifecycle-events-v1->@Inject::endLevelTick(Lorg/spongepowered/asm/mixin/injection/callback/CallbackInfo;)V won't be passed a CallbackInfo as a result
[19:03:05] [main/DEBUG] (FabricLoader/Mixin) Mixing LocalPlayerMixin from fabric-content-registries-v0.client.mixins.json into net.minecraft.client.player.LocalPlayer
[19:03:05] [main/DEBUG] (FabricLoader/Mixin) Mixing LocalPlayerMixin from fabric-networking-api-v1.client.mixins.json into net.minecraft.client.player.LocalPlayer
[19:03:05] [main/DEBUG] (FabricLoader/Mixin) Mixing DefaultAttributesAccessor from fabric-object-builder-v1.mixins.json into net.minecraft.world.entity.ai.attributes.DefaultAttributes
[19:03:05] [main/DEBUG] (FabricLoader/Mixin) Renaming @Accessor method getRegistry()Ljava/util/Map; to getRegistry$fabric-object-builder-api-v1_$md$726be1$0 in fabric-object-builder-v1.mixins.json:DefaultAttributesAccessor from mod fabric-object-builder-api-v1
[19:03:05] [main/DEBUG] (FabricLoader/Mixin) Mixing DefaultAttributesMixin from fabric-object-builder-v1.mixins.json into net.minecraft.world.entity.ai.attributes.DefaultAttributes
[19:03:05] [main/DEBUG] (FabricLoader/Mixin) fabric-object-builder-v1.mixins.json:DefaultAttributesMixin from mod fabric-object-builder-api-v1->@Inject::injectAttributes(Lorg/spongepowered/asm/mixin/injection/callback/CallbackInfo;)V doesn't use it's CallbackInfo
[19:03:05] [Render thread/DEBUG] (FabricLoader/Mixin) Mixing MinecraftMixin from fabric-data-generation-api-v1.client.mixins.json into net.minecraft.client.Minecraft
[19:03:05] [Render thread/DEBUG] (FabricLoader/Mixin) Mixing MinecraftMixin from fabric-events-interaction-v0.client.mixins.json into net.minecraft.client.Minecraft
[19:03:05] [Render thread/DEBUG] (FabricLoader/Mixin) Mixing MinecraftMixin from fabric-registry-sync-v0.client.mixins.json into net.minecraft.client.Minecraft
[19:03:05] [Render thread/DEBUG] (FabricLoader/Mixin) Mixing accessor.MinecraftAccessor from fabric-networking-api-v1.client.mixins.json into net.minecraft.client.Minecraft
[19:03:05] [Render thread/DEBUG] (FabricLoader/Mixin) Mixing MinecraftMixin from fabric-lifecycle-events-v1.client.mixins.json into net.minecraft.client.Minecraft
[19:03:05] [Render thread/DEBUG] (FabricLoader/Mixin) Mixing MinecraftMixin from fabric-screen-api-v1.mixins.json into net.minecraft.client.Minecraft
[19:03:05] [Render thread/DEBUG] (FabricLoader/Mixin) fabric-data-generation-api-v1.client.mixins.json:MinecraftMixin from mod fabric-data-generation-api-v1->@Inject::main(Lorg/spongepowered/asm/mixin/injection/callback/CallbackInfo;)V doesn't use it's CallbackInfo
[19:03:05] [Render thread/DEBUG] (FabricLoader/Mixin) fabric-data-generation-api-v1.client.mixins.json:MinecraftMixin from mod fabric-data-generation-api-v1->@Inject::main(Lorg/spongepowered/asm/mixin/injection/callback/CallbackInfo;)V has 0 override(s) in child classes
[19:03:05] [Render thread/DEBUG] (FabricLoader/Mixin) fabric-data-generation-api-v1.client.mixins.json:MinecraftMixin from mod fabric-data-generation-api-v1->@Inject::main(Lorg/spongepowered/asm/mixin/injection/callback/CallbackInfo;)V won't be passed a CallbackInfo as a result
[19:03:05] [Render thread/DEBUG] (FabricLoader/Mixin) fabric-events-interaction-v0.client.mixins.json:MinecraftMixin from mod fabric-events-interaction-v0->@Inject::injectUseEntityCallback(Lorg/spongepowered/asm/mixin/injection/callback/CallbackInfo;)V does use it's CallbackInfo
[19:03:05] [Render thread/DEBUG] (FabricLoader/Mixin) fabric-events-interaction-v0.client.mixins.json:MinecraftMixin from mod fabric-events-interaction-v0->@Inject::injectHandleInputEventsForPreAttackCallback(Lorg/spongepowered/asm/mixin/injection/callback/CallbackInfo;)V doesn't use it's CallbackInfo
[19:03:05] [Render thread/DEBUG] (FabricLoader/Mixin) fabric-events-interaction-v0.client.mixins.json:MinecraftMixin from mod fabric-events-interaction-v0->@Inject::injectHandleInputEventsForPreAttackCallback(Lorg/spongepowered/asm/mixin/injection/callback/CallbackInfo;)V has 0 override(s) in child classes
[19:03:05] [Render thread/DEBUG] (FabricLoader/Mixin) fabric-events-interaction-v0.client.mixins.json:MinecraftMixin from mod fabric-events-interaction-v0->@Inject::injectHandleInputEventsForPreAttackCallback(Lorg/spongepowered/asm/mixin/injection/callback/CallbackInfo;)V won't be passed a CallbackInfo as a result
[19:03:05] [Render thread/DEBUG] (FabricLoader/Mixin) fabric-events-interaction-v0.client.mixins.json:MinecraftMixin from mod fabric-events-interaction-v0->@Inject::injectDoAttackForCancelling(Lorg/spongepowered/asm/mixin/injection/callback/CallbackInfoReturnable;)V does use it's CallbackInfoReturnable
[19:03:05] [Render thread/DEBUG] (FabricLoader/Mixin) fabric-events-interaction-v0.client.mixins.json:MinecraftMixin from mod fabric-events-interaction-v0->@Inject::injectHandleBlockBreakingForCancelling(ZLorg/spongepowered/asm/mixin/injection/callback/CallbackInfo;)V does use it's CallbackInfo
[19:03:05] [Render thread/DEBUG] (FabricLoader/Mixin) fabric-registry-sync-v0.client.mixins.json:MinecraftMixin from mod fabric-registry-sync-v0->@Inject::disconnectAfter(Lnet/minecraft/client/gui/screens/Screen;ZZLorg/spongepowered/asm/mixin/injection/callback/CallbackInfo;)V doesn't use it's CallbackInfo
[19:03:05] [Render thread/DEBUG] (FabricLoader/Mixin) fabric-registry-sync-v0.client.mixins.json:MinecraftMixin from mod fabric-registry-sync-v0->@Inject::disconnectAfter(Lnet/minecraft/client/gui/screens/Screen;ZZLorg/spongepowered/asm/mixin/injection/callback/CallbackInfo;)V has 0 override(s) in child classes
[19:03:05] [Render thread/DEBUG] (FabricLoader/Mixin) fabric-registry-sync-v0.client.mixins.json:MinecraftMixin from mod fabric-registry-sync-v0->@Inject::disconnectAfter(Lnet/minecraft/client/gui/screens/Screen;ZZLorg/spongepowered/asm/mixin/injection/callback/CallbackInfo;)V won't be passed a CallbackInfo as a result
[19:03:05] [Render thread/DEBUG] (FabricLoader/Mixin) fabric-registry-sync-v0.client.mixins.json:MinecraftMixin from mod fabric-registry-sync-v0->@Inject::afterModInit(Lorg/spongepowered/asm/mixin/injection/callback/CallbackInfo;)V doesn't use it's CallbackInfo
[19:03:05] [Render thread/DEBUG] (FabricLoader/Mixin) fabric-registry-sync-v0.client.mixins.json:MinecraftMixin from mod fabric-registry-sync-v0->@Inject::afterModInit(Lorg/spongepowered/asm/mixin/injection/callback/CallbackInfo;)V has 0 override(s) in child classes
[19:03:05] [Render thread/DEBUG] (FabricLoader/Mixin) fabric-registry-sync-v0.client.mixins.json:MinecraftMixin from mod fabric-registry-sync-v0->@Inject::afterModInit(Lorg/spongepowered/asm/mixin/injection/callback/CallbackInfo;)V won't be passed a CallbackInfo as a result
[19:03:05] [Render thread/DEBUG] (FabricLoader/Mixin) fabric-lifecycle-events-v1.client.mixins.json:MinecraftMixin from mod fabric-lifecycle-events-v1->@Inject::onStartTick(Lorg/spongepowered/asm/mixin/injection/callback/CallbackInfo;)V doesn't use it's CallbackInfo
[19:03:05] [Render thread/DEBUG] (FabricLoader/Mixin) fabric-lifecycle-events-v1.client.mixins.json:MinecraftMixin from mod fabric-lifecycle-events-v1->@Inject::onStartTick(Lorg/spongepowered/asm/mixin/injection/callback/CallbackInfo;)V has 0 override(s) in child classes
[19:03:05] [Render thread/DEBUG] (FabricLoader/Mixin) fabric-lifecycle-events-v1.client.mixins.json:MinecraftMixin from mod fabric-lifecycle-events-v1->@Inject::onStartTick(Lorg/spongepowered/asm/mixin/injection/callback/CallbackInfo;)V won't be passed a CallbackInfo as a result
[19:03:05] [Render thread/DEBUG] (FabricLoader/Mixin) fabric-lifecycle-events-v1.client.mixins.json:MinecraftMixin from mod fabric-lifecycle-events-v1->@Inject::onEndTick(Lorg/spongepowered/asm/mixin/injection/callback/CallbackInfo;)V doesn't use it's CallbackInfo
[19:03:05] [Render thread/DEBUG] (FabricLoader/Mixin) fabric-lifecycle-events-v1.client.mixins.json:MinecraftMixin from mod fabric-lifecycle-events-v1->@Inject::onEndTick(Lorg/spongepowered/asm/mixin/injection/callback/CallbackInfo;)V has 0 override(s) in child classes
[19:03:05] [Render thread/DEBUG] (FabricLoader/Mixin) fabric-lifecycle-events-v1.client.mixins.json:MinecraftMixin from mod fabric-lifecycle-events-v1->@Inject::onEndTick(Lorg/spongepowered/asm/mixin/injection/callback/CallbackInfo;)V won't be passed a CallbackInfo as a result
[19:03:05] [Render thread/DEBUG] (FabricLoader/Mixin) fabric-lifecycle-events-v1.client.mixins.json:MinecraftMixin from mod fabric-lifecycle-events-v1->@Inject::onStopping(Lorg/spongepowered/asm/mixin/injection/callback/CallbackInfo;)V doesn't use it's CallbackInfo
[19:03:05] [Render thread/DEBUG] (FabricLoader/Mixin) fabric-lifecycle-events-v1.client.mixins.json:MinecraftMixin from mod fabric-lifecycle-events-v1->@Inject::onStopping(Lorg/spongepowered/asm/mixin/injection/callback/CallbackInfo;)V has 0 override(s) in child classes
[19:03:05] [Render thread/DEBUG] (FabricLoader/Mixin) fabric-lifecycle-events-v1.client.mixins.json:MinecraftMixin from mod fabric-lifecycle-events-v1->@Inject::onStopping(Lorg/spongepowered/asm/mixin/injection/callback/CallbackInfo;)V won't be passed a CallbackInfo as a result
[19:03:05] [Render thread/DEBUG] (FabricLoader/Mixin) fabric-lifecycle-events-v1.client.mixins.json:MinecraftMixin from mod fabric-lifecycle-events-v1->@Inject::onStart(Lorg/spongepowered/asm/mixin/injection/callback/CallbackInfo;)V doesn't use it's CallbackInfo
[19:03:05] [Render thread/DEBUG] (FabricLoader/Mixin) fabric-lifecycle-events-v1.client.mixins.json:MinecraftMixin from mod fabric-lifecycle-events-v1->@Inject::onStart(Lorg/spongepowered/asm/mixin/injection/callback/CallbackInfo;)V has 0 override(s) in child classes
[19:03:05] [Render thread/DEBUG] (FabricLoader/Mixin) fabric-lifecycle-events-v1.client.mixins.json:MinecraftMixin from mod fabric-lifecycle-events-v1->@Inject::onStart(Lorg/spongepowered/asm/mixin/injection/callback/CallbackInfo;)V won't be passed a CallbackInfo as a result
[19:03:05] [Render thread/DEBUG] (FabricLoader/Mixin) fabric-lifecycle-events-v1.client.mixins.json:MinecraftMixin from mod fabric-lifecycle-events-v1->@Inject::afterClientLevelChange(Lnet/minecraft/client/multiplayer/ClientLevel;ZLorg/spongepowered/asm/mixin/injection/callback/CallbackInfo;)V doesn't use it's CallbackInfo
[19:03:05] [Render thread/DEBUG] (FabricLoader/Mixin) fabric-lifecycle-events-v1.client.mixins.json:MinecraftMixin from mod fabric-lifecycle-events-v1->@Inject::afterClientLevelChange(Lnet/minecraft/client/multiplayer/ClientLevel;ZLorg/spongepowered/asm/mixin/injection/callback/CallbackInfo;)V has 0 override(s) in child classes
[19:03:05] [Render thread/DEBUG] (FabricLoader/Mixin) fabric-lifecycle-events-v1.client.mixins.json:MinecraftMixin from mod fabric-lifecycle-events-v1->@Inject::afterClientLevelChange(Lnet/minecraft/client/multiplayer/ClientLevel;ZLorg/spongepowered/asm/mixin/injection/callback/CallbackInfo;)V won't be passed a CallbackInfo as a result
[19:03:05] [Render thread/DEBUG] (FabricLoader/Mixin) fabric-screen-api-v1.mixins.json:MinecraftMixin from mod fabric-screen-api-v1->@Inject::onInit(Lorg/spongepowered/asm/mixin/injection/callback/CallbackInfo;)V doesn't use it's CallbackInfo
[19:03:05] [Render thread/DEBUG] (FabricLoader/Mixin) fabric-screen-api-v1.mixins.json:MinecraftMixin from mod fabric-screen-api-v1->@Inject::onInit(Lorg/spongepowered/asm/mixin/injection/callback/CallbackInfo;)V has 0 override(s) in child classes
[19:03:05] [Render thread/DEBUG] (FabricLoader/Mixin) fabric-screen-api-v1.mixins.json:MinecraftMixin from mod fabric-screen-api-v1->@Inject::onInit(Lorg/spongepowered/asm/mixin/injection/callback/CallbackInfo;)V won't be passed a CallbackInfo as a result
[19:03:05] [Render thread/DEBUG] (FabricLoader/Mixin) fabric-screen-api-v1.mixins.json:MinecraftMixin from mod fabric-screen-api-v1->@Inject::onScreenRemoveBecauseStopping(Lorg/spongepowered/asm/mixin/injection/callback/CallbackInfo;)V doesn't use it's CallbackInfo
[19:03:05] [Render thread/DEBUG] (FabricLoader/Mixin) fabric-screen-api-v1.mixins.json:MinecraftMixin from mod fabric-screen-api-v1->@Inject::onScreenRemoveBecauseStopping(Lorg/spongepowered/asm/mixin/injection/callback/CallbackInfo;)V has 0 override(s) in child classes
[19:03:05] [Render thread/DEBUG] (FabricLoader/Mixin) fabric-screen-api-v1.mixins.json:MinecraftMixin from mod fabric-screen-api-v1->@Inject::onScreenRemoveBecauseStopping(Lorg/spongepowered/asm/mixin/injection/callback/CallbackInfo;)V won't be passed a CallbackInfo as a result
[19:03:05] [Render thread/DEBUG] (FabricLoader/Mixin) fabric-screen-api-v1.mixins.json:MinecraftMixin from mod fabric-screen-api-v1->@Inject::beforeLoadingScreenTick(Lorg/spongepowered/asm/mixin/injection/callback/CallbackInfo;)V doesn't use it's CallbackInfo
[19:03:05] [Render thread/DEBUG] (FabricLoader/Mixin) fabric-screen-api-v1.mixins.json:MinecraftMixin from mod fabric-screen-api-v1->@Inject::beforeLoadingScreenTick(Lorg/spongepowered/asm/mixin/injection/callback/CallbackInfo;)V has 0 override(s) in child classes
[19:03:05] [Render thread/DEBUG] (FabricLoader/Mixin) fabric-screen-api-v1.mixins.json:MinecraftMixin from mod fabric-screen-api-v1->@Inject::beforeLoadingScreenTick(Lorg/spongepowered/asm/mixin/injection/callback/CallbackInfo;)V won't be passed a CallbackInfo as a result
[19:03:05] [Render thread/DEBUG] (FabricLoader/Mixin) fabric-screen-api-v1.mixins.json:MinecraftMixin from mod fabric-screen-api-v1->@Inject::afterLoadingScreenTick(Lorg/spongepowered/asm/mixin/injection/callback/CallbackInfo;)V doesn't use it's CallbackInfo
[19:03:05] [Render thread/DEBUG] (FabricLoader/Mixin) fabric-screen-api-v1.mixins.json:MinecraftMixin from mod fabric-screen-api-v1->@Inject::afterLoadingScreenTick(Lorg/spongepowered/asm/mixin/injection/callback/CallbackInfo;)V has 0 override(s) in child classes
[19:03:05] [Render thread/DEBUG] (FabricLoader/Mixin) fabric-screen-api-v1.mixins.json:MinecraftMixin from mod fabric-screen-api-v1->@Inject::afterLoadingScreenTick(Lorg/spongepowered/asm/mixin/injection/callback/CallbackInfo;)V won't be passed a CallbackInfo as a result
[19:03:05] [Render thread/DEBUG] (FabricLoader/Mixin) Mixing BlockableEventLoopAccessor from mixins.bingo.json into net.minecraft.util.thread.BlockableEventLoop
[19:03:05] [Render thread/DEBUG] (FabricLoader/Mixin) Mixing AbstractContainerScreenMixin from fabric-screen-api-v1.mixins.json into net.minecraft.client.gui.screens.inventory.AbstractContainerScreen
[19:03:05] [Render thread/DEBUG] (FabricLoader/Mixin) fabric-screen-api-v1.mixins.json:AbstractContainerScreenMixin from mod fabric-screen-api-v1->@Inject::callSuperMouseReleased(Lnet/minecraft/client/input/MouseButtonEvent;Lorg/spongepowered/asm/mixin/injection/callback/CallbackInfoReturnable;)V does use it's CallbackInfoReturnable
[19:03:05] [Render thread/DEBUG] (FabricLoader/Mixin) fabric-screen-api-v1.mixins.json:AbstractContainerScreenMixin from mod fabric-screen-api-v1->@Inject::callSuperMouseReleased(Lnet/minecraft/client/input/MouseButtonEvent;DDLorg/spongepowered/asm/mixin/injection/callback/CallbackInfoReturnable;)V does use it's CallbackInfoReturnable
[19:03:05] [Render thread/DEBUG] (FabricLoader/Mixin) Mixing KeyedClientResourceReloadListenerMixin from fabric-resource-loader-v1.client.mixins.json into net.minecraft.client.PeriodicNotificationManager
[19:03:05] [Render thread/DEBUG] (FabricLoader/Mixin) Mixing BuiltInPackSourceMixin from fabric-resource-loader-v1.client.mixins.json into net.minecraft.server.packs.repository.BuiltInPackSource
[19:03:05] [Render thread/DEBUG] (FabricLoader/Mixin) fabric-resource-loader-v1.client.mixins.json:BuiltInPackSourceMixin from mod fabric-resource-loader-v1->@Inject::addBuiltinResourcePacks(Ljava/util/function/Consumer;Lorg/spongepowered/asm/mixin/injection/callback/CallbackInfo;)V doesn't use it's CallbackInfo
[19:03:05] [Render thread/DEBUG] (FabricLoader/Mixin) fabric-resource-loader-v1.client.mixins.json:BuiltInPackSourceMixin from mod fabric-resource-loader-v1->@Inject::addBuiltinResourcePacks(Ljava/util/function/Consumer;Lorg/spongepowered/asm/mixin/injection/callback/CallbackInfo;)V has 0 override(s) in child classes
[19:03:05] [Render thread/DEBUG] (FabricLoader/Mixin) fabric-resource-loader-v1.client.mixins.json:BuiltInPackSourceMixin from mod fabric-resource-loader-v1->@Inject::addBuiltinResourcePacks(Ljava/util/function/Consumer;Lorg/spongepowered/asm/mixin/injection/callback/CallbackInfo;)V won't be passed a CallbackInfo as a result
[19:03:06] [Render thread/DEBUG] (FabricLoader/Mixin) Mixing PackRepositoryMixin from fabric-resource-loader-v1.mixins.json into net.minecraft.server.packs.repository.PackRepository
[19:03:06] [Render thread/DEBUG] (FabricLoader/Mixin) Renaming synthetic method lambda$handleAutoDisable$0(Ljava/util/Set;Lnet/minecraft/server/packs/repository/Pack;)Z to md726be1$fabric-resource-loader-v1$lambda$handleAutoDisable$0$0 in fabric-resource-loader-v1.mixins.json:PackRepositoryMixin from mod fabric-resource-loader-v1
[19:03:06] [Render thread/DEBUG] (FabricLoader/Mixin) fabric-resource-loader-v1.mixins.json:PackRepositoryMixin from mod fabric-resource-loader-v1->@Inject::construct([Lnet/minecraft/server/packs/repository/RepositorySource;Lorg/spongepowered/asm/mixin/injection/callback/CallbackInfo;)V doesn't use it's CallbackInfo
[19:03:06] [Render thread/DEBUG] (FabricLoader/Mixin) fabric-resource-loader-v1.mixins.json:PackRepositoryMixin from mod fabric-resource-loader-v1->@Inject::construct([Lnet/minecraft/server/packs/repository/RepositorySource;Lorg/spongepowered/asm/mixin/injection/callback/CallbackInfo;)V has 0 override(s) in child classes
[19:03:06] [Render thread/DEBUG] (FabricLoader/Mixin) fabric-resource-loader-v1.mixins.json:PackRepositoryMixin from mod fabric-resource-loader-v1->@Inject::construct([Lnet/minecraft/server/packs/repository/RepositorySource;Lorg/spongepowered/asm/mixin/injection/callback/CallbackInfo;)V won't be passed a CallbackInfo as a result
[19:03:06] [Render thread/DEBUG] (FabricLoader/Mixin) fabric-resource-loader-v1.mixins.json:PackRepositoryMixin from mod fabric-resource-loader-v1->@Inject::handleAutoEnableDisable(Ljava/util/Collection;Lorg/spongepowered/asm/mixin/injection/callback/CallbackInfoReturnable;)V doesn't use it's CallbackInfoReturnable
[19:03:06] [Render thread/DEBUG] (FabricLoader/Mixin) fabric-resource-loader-v1.mixins.json:PackRepositoryMixin from mod fabric-resource-loader-v1->@Inject::handleAutoEnableDisable(Ljava/util/Collection;Lorg/spongepowered/asm/mixin/injection/callback/CallbackInfoReturnable;)V has 0 override(s) in child classes
[19:03:06] [Render thread/DEBUG] (FabricLoader/Mixin) fabric-resource-loader-v1.mixins.json:PackRepositoryMixin from mod fabric-resource-loader-v1->@Inject::handleAutoEnableDisable(Ljava/util/Collection;Lorg/spongepowered/asm/mixin/injection/callback/CallbackInfoReturnable;)V won't be passed a CallbackInfoReturnable as a result
[19:03:06] [Render thread/DEBUG] (FabricLoader/Mixin) fabric-resource-loader-v1.mixins.json:PackRepositoryMixin from mod fabric-resource-loader-v1->@Inject::handleAutoEnable(Ljava/lang/String;Lorg/spongepowered/asm/mixin/injection/callback/CallbackInfoReturnable;)V doesn't use it's CallbackInfoReturnable
[19:03:06] [Render thread/DEBUG] (FabricLoader/Mixin) fabric-resource-loader-v1.mixins.json:PackRepositoryMixin from mod fabric-resource-loader-v1->@Inject::handleAutoEnable(Ljava/lang/String;Lorg/spongepowered/asm/mixin/injection/callback/CallbackInfoReturnable;)V has 0 override(s) in child classes
[19:03:06] [Render thread/DEBUG] (FabricLoader/Mixin) fabric-resource-loader-v1.mixins.json:PackRepositoryMixin from mod fabric-resource-loader-v1->@Inject::handleAutoEnable(Ljava/lang/String;Lorg/spongepowered/asm/mixin/injection/callback/CallbackInfoReturnable;)V won't be passed a CallbackInfoReturnable as a result
[19:03:06] [Render thread/DEBUG] (FabricLoader/Mixin) fabric-resource-loader-v1.mixins.json:PackRepositoryMixin from mod fabric-resource-loader-v1->@Inject::handleAutoDisable(Ljava/lang/String;Lorg/spongepowered/asm/mixin/injection/callback/CallbackInfoReturnable;)V doesn't use it's CallbackInfoReturnable
[19:03:06] [Render thread/DEBUG] (FabricLoader/Mixin) fabric-resource-loader-v1.mixins.json:PackRepositoryMixin from mod fabric-resource-loader-v1->@Inject::handleAutoDisable(Ljava/lang/String;Lorg/spongepowered/asm/mixin/injection/callback/CallbackInfoReturnable;)V has 0 override(s) in child classes
[19:03:06] [Render thread/DEBUG] (FabricLoader/Mixin) fabric-resource-loader-v1.mixins.json:PackRepositoryMixin from mod fabric-resource-loader-v1->@Inject::handleAutoDisable(Ljava/lang/String;Lorg/spongepowered/asm/mixin/injection/callback/CallbackInfoReturnable;)V won't be passed a CallbackInfoReturnable as a result
[19:03:06] [Render thread/INFO] (com.mojang.authlib.yggdrasil.YggdrasilAuthenticationService) Environment: Environment[sessionHost=https://sessionserver.mojang.com, servicesHost=https://api.minecraftservices.com, profilesHost=https://api.mojang.com, name=PROD]
[19:03:06] [Yggdrasil Key Fetcher/DEBUG] (com.mojang.authlib.minecraft.client.MinecraftClient) Connecting to https://api.minecraftservices.com/publickeys
[19:03:06] [Download-1/DEBUG] (com.mojang.authlib.minecraft.client.MinecraftClient) Connecting to https://sessionserver.mojang.com/session/minecraft/profile/d4e1f1b36d1734538e172c238af0f8f5?unsigned=false
[19:03:06] [Render thread/INFO] (net.minecraft.client.Minecraft) Setting user: BobDev
[19:03:06] [Download-2/DEBUG] (com.mojang.authlib.minecraft.client.MinecraftClient) Connecting to https://api.minecraftservices.com/player/attributes
[19:03:06] [Render thread/DEBUG] (FabricLoader/Entrypoint) Iterating over entrypoint 'main'
[19:03:06] [Render thread/DEBUG] (FabricLoader/Mixin) Mixing MinecraftServerMixin from fabric-resource-loader-v1.mixins.json into net.minecraft.server.MinecraftServer
[19:03:06] [Render thread/DEBUG] (FabricLoader/Mixin) Renaming synthetic method lambda$init$0(Lnet/minecraft/server/packs/PackResources;)Ljava/util/stream/Stream; to md726be1$fabric-resource-loader-v1$lambda$init$0$0 in fabric-resource-loader-v1.mixins.json:MinecraftServerMixin from mod fabric-resource-loader-v1
[19:03:06] [Render thread/DEBUG] (FabricLoader/Mixin) Mixing MinecraftServerMixin from fabric-message-api-v1.mixins.json into net.minecraft.server.MinecraftServer
[19:03:06] [Render thread/DEBUG] (FabricLoader/Mixin) Renaming synthetic method lambda$onGetChatDecorator$0(Lnet/minecraft/server/level/ServerPlayer;Lnet/minecraft/network/chat/Component;)Lnet/minecraft/network/chat/Component; to md726be1$fabric-message-api-v1$lambda$onGetChatDecorator$0$1 in fabric-message-api-v1.mixins.json:MinecraftServerMixin from mod fabric-message-api-v1
[19:03:06] [Render thread/DEBUG] (FabricLoader/Mixin) Mixing MinecraftServerMixin from fabric-game-rule-api-v1.mixins.json into net.minecraft.server.MinecraftServer
[19:03:06] [Render thread/DEBUG] (FabricLoader/Mixin) Mixing MinecraftServerMixin from fabric-data-attachment-api-v1.mixins.json into net.minecraft.server.MinecraftServer
[19:03:06] [Render thread/DEBUG] (FabricLoader/Mixin) Renaming synthetic method lambda$initGlobalAttachments$0()Lnet/fabricmc/fabric/impl/attachment/AttachmentSavedData; to md726be1$fabric-data-attachment-api-v1$lambda$initGlobalAttachments$0$2 in fabric-data-attachment-api-v1.mixins.json:MinecraftServerMixin from mod fabric-data-attachment-api-v1
[19:03:06] [Render thread/DEBUG] (FabricLoader/Mixin) Mixing MinecraftServerMixin from fabric-lifecycle-events-v1.mixins.json into net.minecraft.server.MinecraftServer
[19:03:06] [Render thread/DEBUG] (FabricLoader/Mixin) Renaming synthetic method lambda$endResourceReload$0(Ljava/lang/Void;Ljava/lang/Throwable;)Ljava/lang/Void; to md726be1$fabric-lifecycle-events-v1$lambda$endResourceReload$0$3 in fabric-lifecycle-events-v1.mixins.json:MinecraftServerMixin from mod fabric-lifecycle-events-v1
[19:03:06] [Render thread/DEBUG] (FabricLoader/Mixin) Mixing modification.MinecraftServerMixin from fabric-biome-api-v1.mixins.json into net.minecraft.server.MinecraftServer
[19:03:06] [Render thread/DEBUG] (FabricLoader/Mixin) Mixing MinecraftServerAccessor from mixins.bingo.json into net.minecraft.server.MinecraftServer
[19:03:06] [Render thread/DEBUG] (FabricLoader/Mixin) Mixing MinecraftServerSkipStartRegionMixin from mixins.bingo.json into net.minecraft.server.MinecraftServer
[19:03:06] [Render thread/DEBUG] (FabricLoader/Mixin) Mixing MinecraftServerUnsafeSkipCloseMixin from mixins.bingo.json into net.minecraft.server.MinecraftServer
[19:03:06] [Render thread/DEBUG] (FabricLoader/Mixin) fabric-resource-loader-v1.mixins.json:MinecraftServerMixin from mod fabric-resource-loader-v1->@Inject::init(Ljava/lang/Thread;Lnet/minecraft/world/level/storage/LevelStorageSource$LevelStorageAccess;Lnet/minecraft/server/packs/repository/PackRepository;Lnet/minecraft/server/WorldStem;Ljava/util/Optional;Ljava/net/Proxy;Lcom/mojang/datafixers/DataFixer;Lnet/minecraft/server/Services;Lnet/minecraft/server/level/progress/LevelLoadListener;ZLnet/minecraft/server/notifications/NotificationManager;Lorg/spongepowered/asm/mixin/injection/callback/CallbackInfo;)V doesn't use it's CallbackInfo
[19:03:06] [Render thread/DEBUG] (FabricLoader/Mixin) fabric-resource-loader-v1.mixins.json:MinecraftServerMixin from mod fabric-resource-loader-v1->@Inject::init(Ljava/lang/Thread;Lnet/minecraft/world/level/storage/LevelStorageSource$LevelStorageAccess;Lnet/minecraft/server/packs/repository/PackRepository;Lnet/minecraft/server/WorldStem;Ljava/util/Optional;Ljava/net/Proxy;Lcom/mojang/datafixers/DataFixer;Lnet/minecraft/server/Services;Lnet/minecraft/server/level/progress/LevelLoadListener;ZLnet/minecraft/server/notifications/NotificationManager;Lorg/spongepowered/asm/mixin/injection/callback/CallbackInfo;)V has 0 override(s) in child classes
[19:03:06] [Render thread/DEBUG] (FabricLoader/Mixin) fabric-resource-loader-v1.mixins.json:MinecraftServerMixin from mod fabric-resource-loader-v1->@Inject::init(Ljava/lang/Thread;Lnet/minecraft/world/level/storage/LevelStorageSource$LevelStorageAccess;Lnet/minecraft/server/packs/repository/PackRepository;Lnet/minecraft/server/WorldStem;Ljava/util/Optional;Ljava/net/Proxy;Lcom/mojang/datafixers/DataFixer;Lnet/minecraft/server/Services;Lnet/minecraft/server/level/progress/LevelLoadListener;ZLnet/minecraft/server/notifications/NotificationManager;Lorg/spongepowered/asm/mixin/injection/callback/CallbackInfo;)V won't be passed a CallbackInfo as a result
[19:03:06] [Render thread/DEBUG] (FabricLoader/Mixin) fabric-message-api-v1.mixins.json:MinecraftServerMixin from mod fabric-message-api-v1->@Inject::onGetChatDecorator(Lorg/spongepowered/asm/mixin/injection/callback/CallbackInfoReturnable;)V does use it's CallbackInfoReturnable
[19:03:06] [Render thread/DEBUG] (FabricLoader/Mixin) fabric-game-rule-api-v1.mixins.json:MinecraftServerMixin from mod fabric-game-rule-api-v1->@Inject::handleGameRuleUpdate(Lnet/minecraft/world/level/gamerules/GameRule;Ljava/lang/Object;Lorg/spongepowered/asm/mixin/injection/callback/CallbackInfo;)V doesn't use it's CallbackInfo
[19:03:06] [Render thread/DEBUG] (FabricLoader/Mixin) fabric-game-rule-api-v1.mixins.json:MinecraftServerMixin from mod fabric-game-rule-api-v1->@Inject::handleGameRuleUpdate(Lnet/minecraft/world/level/gamerules/GameRule;Ljava/lang/Object;Lorg/spongepowered/asm/mixin/injection/callback/CallbackInfo;)V has 0 override(s) in child classes
[19:03:06] [Render thread/DEBUG] (FabricLoader/Mixin) fabric-game-rule-api-v1.mixins.json:MinecraftServerMixin from mod fabric-game-rule-api-v1->@Inject::handleGameRuleUpdate(Lnet/minecraft/world/level/gamerules/GameRule;Ljava/lang/Object;Lorg/spongepowered/asm/mixin/injection/callback/CallbackInfo;)V won't be passed a CallbackInfo as a result
[19:03:06] [Render thread/DEBUG] (FabricLoader/Mixin) fabric-data-attachment-api-v1.mixins.json:MinecraftServerMixin from mod fabric-data-attachment-api-v1->@Inject::initGlobalAttachments(Lorg/spongepowered/asm/mixin/injection/callback/CallbackInfo;)V doesn't use it's CallbackInfo
[19:03:06] [Render thread/DEBUG] (FabricLoader/Mixin) fabric-data-attachment-api-v1.mixins.json:MinecraftServerMixin from mod fabric-data-attachment-api-v1->@Inject::initGlobalAttachments(Lorg/spongepowered/asm/mixin/injection/callback/CallbackInfo;)V has 0 override(s) in child classes
[19:03:06] [Render thread/DEBUG] (FabricLoader/Mixin) fabric-data-attachment-api-v1.mixins.json:MinecraftServerMixin from mod fabric-data-attachment-api-v1->@Inject::initGlobalAttachments(Lorg/spongepowered/asm/mixin/injection/callback/CallbackInfo;)V won't be passed a CallbackInfo as a result
[19:03:06] [Render thread/DEBUG] (FabricLoader/Mixin) fabric-lifecycle-events-v1.mixins.json:MinecraftServerMixin from mod fabric-lifecycle-events-v1->@Inject::beforeSetupServer(Lorg/spongepowered/asm/mixin/injection/callback/CallbackInfo;)V doesn't use it's CallbackInfo
[19:03:06] [Render thread/DEBUG] (FabricLoader/Mixin) fabric-lifecycle-events-v1.mixins.json:MinecraftServerMixin from mod fabric-lifecycle-events-v1->@Inject::beforeSetupServer(Lorg/spongepowered/asm/mixin/injection/callback/CallbackInfo;)V has 0 override(s) in child classes
[19:03:06] [Render thread/DEBUG] (FabricLoader/Mixin) fabric-lifecycle-events-v1.mixins.json:MinecraftServerMixin from mod fabric-lifecycle-events-v1->@Inject::beforeSetupServer(Lorg/spongepowered/asm/mixin/injection/callback/CallbackInfo;)V won't be passed a CallbackInfo as a result
[19:03:06] [Render thread/DEBUG] (FabricLoader/Mixin) fabric-lifecycle-events-v1.mixins.json:MinecraftServerMixin from mod fabric-lifecycle-events-v1->@Inject::afterSetupServer(Lorg/spongepowered/asm/mixin/injection/callback/CallbackInfo;)V doesn't use it's CallbackInfo
[19:03:06] [Render thread/DEBUG] (FabricLoader/Mixin) fabric-lifecycle-events-v1.mixins.json:MinecraftServerMixin from mod fabric-lifecycle-events-v1->@Inject::afterSetupServer(Lorg/spongepowered/asm/mixin/injection/callback/CallbackInfo;)V has 0 override(s) in child classes
[19:03:06] [Render thread/DEBUG] (FabricLoader/Mixin) fabric-lifecycle-events-v1.mixins.json:MinecraftServerMixin from mod fabric-lifecycle-events-v1->@Inject::afterSetupServer(Lorg/spongepowered/asm/mixin/injection/callback/CallbackInfo;)V won't be passed a CallbackInfo as a result
[19:03:06] [Render thread/DEBUG] (FabricLoader/Mixin) fabric-lifecycle-events-v1.mixins.json:MinecraftServerMixin from mod fabric-lifecycle-events-v1->@Inject::beforeShutdownServer(Lorg/spongepowered/asm/mixin/injection/callback/CallbackInfo;)V doesn't use it's CallbackInfo
[19:03:06] [Render thread/DEBUG] (FabricLoader/Mixin) fabric-lifecycle-events-v1.mixins.json:MinecraftServerMixin from mod fabric-lifecycle-events-v1->@Inject::beforeShutdownServer(Lorg/spongepowered/asm/mixin/injection/callback/CallbackInfo;)V has 0 override(s) in child classes
[19:03:06] [Render thread/DEBUG] (FabricLoader/Mixin) fabric-lifecycle-events-v1.mixins.json:MinecraftServerMixin from mod fabric-lifecycle-events-v1->@Inject::beforeShutdownServer(Lorg/spongepowered/asm/mixin/injection/callback/CallbackInfo;)V won't be passed a CallbackInfo as a result
[19:03:06] [Render thread/DEBUG] (FabricLoader/Mixin) fabric-lifecycle-events-v1.mixins.json:MinecraftServerMixin from mod fabric-lifecycle-events-v1->@Inject::afterShutdownServer(Lorg/spongepowered/asm/mixin/injection/callback/CallbackInfo;)V doesn't use it's CallbackInfo
[19:03:06] [Render thread/DEBUG] (FabricLoader/Mixin) fabric-lifecycle-events-v1.mixins.json:MinecraftServerMixin from mod fabric-lifecycle-events-v1->@Inject::afterShutdownServer(Lorg/spongepowered/asm/mixin/injection/callback/CallbackInfo;)V has 0 override(s) in child classes
[19:03:06] [Render thread/DEBUG] (FabricLoader/Mixin) fabric-lifecycle-events-v1.mixins.json:MinecraftServerMixin from mod fabric-lifecycle-events-v1->@Inject::afterShutdownServer(Lorg/spongepowered/asm/mixin/injection/callback/CallbackInfo;)V won't be passed a CallbackInfo as a result
[19:03:06] [Render thread/DEBUG] (FabricLoader/Mixin) fabric-lifecycle-events-v1.mixins.json:MinecraftServerMixin from mod fabric-lifecycle-events-v1->@Inject::onStartTick(Ljava/util/function/BooleanSupplier;Lorg/spongepowered/asm/mixin/injection/callback/CallbackInfo;)V doesn't use it's CallbackInfo
[19:03:06] [Render thread/DEBUG] (FabricLoader/Mixin) fabric-lifecycle-events-v1.mixins.json:MinecraftServerMixin from mod fabric-lifecycle-events-v1->@Inject::onStartTick(Ljava/util/function/BooleanSupplier;Lorg/spongepowered/asm/mixin/injection/callback/CallbackInfo;)V has 0 override(s) in child classes
[19:03:06] [Render thread/DEBUG] (FabricLoader/Mixin) fabric-lifecycle-events-v1.mixins.json:MinecraftServerMixin from mod fabric-lifecycle-events-v1->@Inject::onStartTick(Ljava/util/function/BooleanSupplier;Lorg/spongepowered/asm/mixin/injection/callback/CallbackInfo;)V won't be passed a CallbackInfo as a result
[19:03:06] [Render thread/DEBUG] (FabricLoader/Mixin) fabric-lifecycle-events-v1.mixins.json:MinecraftServerMixin from mod fabric-lifecycle-events-v1->@Inject::onEndTick(Ljava/util/function/BooleanSupplier;Lorg/spongepowered/asm/mixin/injection/callback/CallbackInfo;)V doesn't use it's CallbackInfo
[19:03:06] [Render thread/DEBUG] (FabricLoader/Mixin) fabric-lifecycle-events-v1.mixins.json:MinecraftServerMixin from mod fabric-lifecycle-events-v1->@Inject::onEndTick(Ljava/util/function/BooleanSupplier;Lorg/spongepowered/asm/mixin/injection/callback/CallbackInfo;)V has 0 override(s) in child classes
[19:03:06] [Render thread/DEBUG] (FabricLoader/Mixin) fabric-lifecycle-events-v1.mixins.json:MinecraftServerMixin from mod fabric-lifecycle-events-v1->@Inject::onEndTick(Ljava/util/function/BooleanSupplier;Lorg/spongepowered/asm/mixin/injection/callback/CallbackInfo;)V won't be passed a CallbackInfo as a result
[19:03:06] [Render thread/DEBUG] (FabricLoader/Mixin) fabric-lifecycle-events-v1.mixins.json:MinecraftServerMixin from mod fabric-lifecycle-events-v1->@Inject::onUnloadWorldAtShutdown(Lorg/spongepowered/asm/mixin/injection/callback/CallbackInfo;)V doesn't use it's CallbackInfo
[19:03:06] [Render thread/DEBUG] (FabricLoader/Mixin) fabric-lifecycle-events-v1.mixins.json:MinecraftServerMixin from mod fabric-lifecycle-events-v1->@Inject::onUnloadWorldAtShutdown(Lorg/spongepowered/asm/mixin/injection/callback/CallbackInfo;)V has 0 override(s) in child classes
[19:03:06] [Render thread/DEBUG] (FabricLoader/Mixin) fabric-lifecycle-events-v1.mixins.json:MinecraftServerMixin from mod fabric-lifecycle-events-v1->@Inject::onUnloadWorldAtShutdown(Lorg/spongepowered/asm/mixin/injection/callback/CallbackInfo;)V won't be passed a CallbackInfo as a result
[19:03:06] [Render thread/DEBUG] (FabricLoader/Mixin) fabric-lifecycle-events-v1.mixins.json:MinecraftServerMixin from mod fabric-lifecycle-events-v1->@Inject::startResourceReload(Ljava/util/Collection;Lorg/spongepowered/asm/mixin/injection/callback/CallbackInfoReturnable;)V doesn't use it's CallbackInfoReturnable
[19:03:06] [Render thread/DEBUG] (FabricLoader/Mixin) fabric-lifecycle-events-v1.mixins.json:MinecraftServerMixin from mod fabric-lifecycle-events-v1->@Inject::startResourceReload(Ljava/util/Collection;Lorg/spongepowered/asm/mixin/injection/callback/CallbackInfoReturnable;)V has 0 override(s) in child classes
[19:03:06] [Render thread/DEBUG] (FabricLoader/Mixin) fabric-lifecycle-events-v1.mixins.json:MinecraftServerMixin from mod fabric-lifecycle-events-v1->@Inject::startResourceReload(Ljava/util/Collection;Lorg/spongepowered/asm/mixin/injection/callback/CallbackInfoReturnable;)V won't be passed a CallbackInfoReturnable as a result
[19:03:06] [Render thread/DEBUG] (FabricLoader/Mixin) fabric-lifecycle-events-v1.mixins.json:MinecraftServerMixin from mod fabric-lifecycle-events-v1->@Inject::endResourceReload(Ljava/util/Collection;Lorg/spongepowered/asm/mixin/injection/callback/CallbackInfoReturnable;)V does use it's CallbackInfoReturnable
[19:03:06] [Render thread/DEBUG] (FabricLoader/Mixin) fabric-lifecycle-events-v1.mixins.json:MinecraftServerMixin from mod fabric-lifecycle-events-v1->@Inject::startSave(ZZZLorg/spongepowered/asm/mixin/injection/callback/CallbackInfoReturnable;)V doesn't use it's CallbackInfoReturnable
[19:03:06] [Render thread/DEBUG] (FabricLoader/Mixin) fabric-lifecycle-events-v1.mixins.json:MinecraftServerMixin from mod fabric-lifecycle-events-v1->@Inject::startSave(ZZZLorg/spongepowered/asm/mixin/injection/callback/CallbackInfoReturnable;)V has 0 override(s) in child classes
[19:03:06] [Render thread/DEBUG] (FabricLoader/Mixin) fabric-lifecycle-events-v1.mixins.json:MinecraftServerMixin from mod fabric-lifecycle-events-v1->@Inject::startSave(ZZZLorg/spongepowered/asm/mixin/injection/callback/CallbackInfoReturnable;)V won't be passed a CallbackInfoReturnable as a result
[19:03:06] [Render thread/DEBUG] (FabricLoader/Mixin) fabric-lifecycle-events-v1.mixins.json:MinecraftServerMixin from mod fabric-lifecycle-events-v1->@Inject::endSave(ZZZLorg/spongepowered/asm/mixin/injection/callback/CallbackInfoReturnable;)V doesn't use it's CallbackInfoReturnable
[19:03:06] [Render thread/DEBUG] (FabricLoader/Mixin) fabric-lifecycle-events-v1.mixins.json:MinecraftServerMixin from mod fabric-lifecycle-events-v1->@Inject::endSave(ZZZLorg/spongepowered/asm/mixin/injection/callback/CallbackInfoReturnable;)V has 0 override(s) in child classes
[19:03:06] [Render thread/DEBUG] (FabricLoader/Mixin) fabric-lifecycle-events-v1.mixins.json:MinecraftServerMixin from mod fabric-lifecycle-events-v1->@Inject::endSave(ZZZLorg/spongepowered/asm/mixin/injection/callback/CallbackInfoReturnable;)V won't be passed a CallbackInfoReturnable as a result
[19:03:06] [Render thread/DEBUG] (FabricLoader/Mixin) fabric-biome-api-v1.mixins.json:modification.MinecraftServerMixin from mod fabric-biome-api-v1->@Inject::finalizeWorldGen(Lorg/spongepowered/asm/mixin/injection/callback/CallbackInfo;)V doesn't use it's CallbackInfo
[19:03:06] [Render thread/DEBUG] (FabricLoader/Mixin) fabric-biome-api-v1.mixins.json:modification.MinecraftServerMixin from mod fabric-biome-api-v1->@Inject::finalizeWorldGen(Lorg/spongepowered/asm/mixin/injection/callback/CallbackInfo;)V has 0 override(s) in child classes
[19:03:06] [Render thread/DEBUG] (FabricLoader/Mixin) fabric-biome-api-v1.mixins.json:modification.MinecraftServerMixin from mod fabric-biome-api-v1->@Inject::finalizeWorldGen(Lorg/spongepowered/asm/mixin/injection/callback/CallbackInfo;)V won't be passed a CallbackInfo as a result
[19:03:06] [Render thread/DEBUG] (FabricLoader/Mixin) mixins.bingo.json:MinecraftServerSkipStartRegionMixin from mod yet-another-minecraft-bingo->@Inject::prepareStartRegion(Lorg/spongepowered/asm/mixin/injection/callback/CallbackInfo;)V does use it's CallbackInfo
[19:03:06] [Render thread/DEBUG] (FabricLoader/Mixin) mixins.bingo.json:MinecraftServerUnsafeSkipCloseMixin from mod yet-another-minecraft-bingo->@Inject::stopServerUnsafe(Lorg/spongepowered/asm/mixin/injection/callback/CallbackInfo;)V does use it's CallbackInfo
[19:03:06] [Render thread/DEBUG] (FabricLoader/Mixin) mixins.bingo.json:MinecraftServerUnsafeSkipCloseMixin from mod yet-another-minecraft-bingo->@Inject::stopServerDeleteWorld(Lorg/spongepowered/asm/mixin/injection/callback/CallbackInfo;)V does use it's CallbackInfo
[19:03:06] [Render thread/DEBUG] (io.netty.util.internal.InternalThreadLocalMap) -Dio.netty.threadLocalMap.stringBuilder.initialSize: 1024
[19:03:06] [Render thread/DEBUG] (io.netty.util.internal.InternalThreadLocalMap) -Dio.netty.threadLocalMap.stringBuilder.maxSize: 4096
[19:03:06] [Render thread/DEBUG] (io.netty.util.internal.PlatformDependent0) Java version: 25
[19:03:06] [Render thread/DEBUG] (io.netty.util.internal.PlatformDependent0) -Dio.netty.noUnsafe: false
[19:03:06] [Render thread/DEBUG] (io.netty.util.internal.PlatformDependent0) sun.misc.Unsafe.theUnsafe: available
[19:03:06] [Render thread/DEBUG] (io.netty.util.internal.PlatformDependent0) sun.misc.Unsafe base methods: all available
[19:03:06] [Render thread/DEBUG] (io.netty.util.internal.PlatformDependent0) java.nio.Buffer.address: available
[19:03:06] [Render thread/DEBUG] (io.netty.util.internal.PlatformDependent0) direct buffer constructor: unavailable: Reflective setAccessible(true) disabled
[19:03:06] [Render thread/DEBUG] (io.netty.util.internal.PlatformDependent0) java.nio.Bits.unaligned: available, true
[19:03:06] [Render thread/DEBUG] (io.netty.util.internal.PlatformDependent0) jdk.internal.misc.Unsafe.allocateUninitializedArray(int): unavailable: symbolic reference class is not accessible: class jdk.internal.misc.Unsafe, from class io.netty.util.internal.PlatformDependent0 (unnamed module @6c40365c)
[19:03:06] [Render thread/DEBUG] (io.netty.util.internal.PlatformDependent0) java.nio.DirectByteBuffer.<init>(long, {int,long}): unavailable
[19:03:06] [Render thread/DEBUG] (io.netty.util.internal.PlatformDependent) sun.misc.Unsafe: available
[19:03:06] [Render thread/DEBUG] (io.netty.util.internal.PlatformDependent) -Dio.netty.tmpdir: /tmp (java.io.tmpdir)
[19:03:06] [Render thread/DEBUG] (io.netty.util.internal.PlatformDependent) -Dio.netty.bitMode: 64 (sun.arch.data.model)
[19:03:06] [Render thread/DEBUG] (io.netty.util.internal.PlatformDependent) -Dio.netty.maxDirectMemory: 4112515072 bytes
[19:03:06] [Render thread/DEBUG] (io.netty.util.internal.CleanerJava9) java.nio.ByteBuffer.cleaner(): available
[19:03:06] [Render thread/DEBUG] (io.netty.util.internal.PlatformDependent) -Dio.netty.noPreferDirect: false
[19:03:06] [Render thread/DEBUG] (io.netty.util.internal.PlatformDependent) -Dio.netty.ignoreExpensiveClean: false
[19:03:06] [Render thread/DEBUG] (io.netty.util.internal.PlatformDependent) -Dio.netty.jfr.enabled: true
[19:03:06] [Render thread/DEBUG] (io.netty.buffer.AdaptiveByteBufAllocator) -Dio.netty.allocator.useCachedMagazinesForNonEventLoopThreads: false
[19:03:06] [Render thread/DEBUG] (io.netty.util.Recycler) -Dio.netty.recycler.maxCapacityPerThread: 4096
[19:03:06] [Render thread/DEBUG] (io.netty.util.Recycler) -Dio.netty.recycler.ratio: 8
[19:03:06] [Render thread/DEBUG] (io.netty.util.Recycler) -Dio.netty.recycler.chunkSize: 32
[19:03:06] [Render thread/DEBUG] (io.netty.util.Recycler) -Dio.netty.recycler.blocking: false
[19:03:06] [Render thread/DEBUG] (io.netty.util.Recycler) -Dio.netty.recycler.batchFastThreadLocalOnly: true
[19:03:06] [Render thread/DEBUG] (io.netty.buffer.ByteBufUtil) -Dio.netty.allocator.type: adaptive
[19:03:06] [Render thread/DEBUG] (io.netty.buffer.ByteBufUtil) -Dio.netty.threadLocalDirectBufferSize: 0
[19:03:06] [Render thread/DEBUG] (io.netty.buffer.ByteBufUtil) -Dio.netty.maxThreadLocalCharBufferSize: 16384
[19:03:06] [Render thread/DEBUG] (FabricLoader/Mixin) Mixing VarIntAccessor from fabric-data-attachment-api-v1.mixins.json into net.minecraft.network.VarInt
[19:03:06] [Render thread/DEBUG] (FabricLoader/Mixin) Renaming @Accessor method getMaxByteSize()I to getMaxByteSize$fabric-data-attachment-api-v1_$md$726be1$0 in fabric-data-attachment-api-v1.mixins.json:VarIntAccessor from mod fabric-data-attachment-api-v1
[19:03:06] [Render thread/DEBUG] (FabricLoader/Mixin) Mixing ServerConfigurationPacketListenerImplMixin from fabric-networking-api-v1.mixins.json into net.minecraft.server.network.ServerConfigurationPacketListenerImpl
[19:03:06] [Render thread/DEBUG] (FabricLoader/Mixin) Renaming synthetic method lambda$bindChannelInfo$0(Lnet/minecraft/network/RegistryFriendlyByteBuf;)Lnet/minecraft/network/RegistryFriendlyByteBuf; to md726be1$fabric-networking-api-v1$lambda$bindChannelInfo$0$0 in fabric-networking-api-v1.mixins.json:ServerConfigurationPacketListenerImplMixin from mod fabric-networking-api-v1
[19:03:06] [Render thread/DEBUG] (FabricLoader/Mixin) Mixing ServerConfigurationPacketListenerImplMixin from fabric-resource-loader-v1.mixins.json into net.minecraft.server.network.ServerConfigurationPacketListenerImpl
[19:03:06] [Render thread/DEBUG] (FabricLoader/Mixin) fabric-networking-api-v1.mixins.json:ServerConfigurationPacketListenerImplMixin from mod fabric-networking-api-v1->@Inject::initAddon(Lorg/spongepowered/asm/mixin/injection/callback/CallbackInfo;)V doesn't use it's CallbackInfo
[19:03:06] [Render thread/DEBUG] (FabricLoader/Mixin) fabric-networking-api-v1.mixins.json:ServerConfigurationPacketListenerImplMixin from mod fabric-networking-api-v1->@Inject::initAddon(Lorg/spongepowered/asm/mixin/injection/callback/CallbackInfo;)V has 0 override(s) in child classes
[19:03:06] [Render thread/DEBUG] (FabricLoader/Mixin) fabric-networking-api-v1.mixins.json:ServerConfigurationPacketListenerImplMixin from mod fabric-networking-api-v1->@Inject::initAddon(Lorg/spongepowered/asm/mixin/injection/callback/CallbackInfo;)V won't be passed a CallbackInfo as a result
[19:03:06] [Render thread/DEBUG] (FabricLoader/Mixin) fabric-networking-api-v1.mixins.json:ServerConfigurationPacketListenerImplMixin from mod fabric-networking-api-v1->@Inject::onClientReady(Lorg/spongepowered/asm/mixin/injection/callback/CallbackInfo;)V does use it's CallbackInfo
[19:03:06] [Render thread/DEBUG] (FabricLoader/Mixin) Mixing ServerCommonPacketListenerImplMixin from fabric-networking-api-v1.mixins.json into net.minecraft.server.network.ServerCommonPacketListenerImpl
[19:03:06] [Render thread/DEBUG] (FabricLoader/Mixin) Mixing accessor.ServerCommonPacketListenerImplAccessor from fabric-networking-api-v1.mixins.json into net.minecraft.server.network.ServerCommonPacketListenerImpl
[19:03:06] [Render thread/DEBUG] (FabricLoader/Mixin) Mixing sync.ServerCommonPacketListenerImplAccessor from fabric-recipe-api-v1.mixins.json into net.minecraft.server.network.ServerCommonPacketListenerImpl
[19:03:06] [Render thread/DEBUG] (FabricLoader/Mixin) fabric-networking-api-v1.mixins.json:ServerCommonPacketListenerImplMixin from mod fabric-networking-api-v1->@Inject::handleCustomPayloadReceivedAsync(Lnet/minecraft/network/protocol/common/ServerboundCustomPayloadPacket;Lorg/spongepowered/asm/mixin/injection/callback/CallbackInfo;)V does use it's CallbackInfo
[19:03:06] [Render thread/DEBUG] (FabricLoader/Mixin) fabric-networking-api-v1.mixins.json:ServerCommonPacketListenerImplMixin from mod fabric-networking-api-v1->@Inject::onPlayPong(Lnet/minecraft/network/protocol/common/ServerboundPongPacket;Lorg/spongepowered/asm/mixin/injection/callback/CallbackInfo;)V doesn't use it's CallbackInfo
[19:03:06] [Render thread/DEBUG] (FabricLoader/Mixin) fabric-networking-api-v1.mixins.json:ServerCommonPacketListenerImplMixin from mod fabric-networking-api-v1->@Inject::onPlayPong(Lnet/minecraft/network/protocol/common/ServerboundPongPacket;Lorg/spongepowered/asm/mixin/injection/callback/CallbackInfo;)V has 0 override(s) in child classes
[19:03:06] [Render thread/DEBUG] (FabricLoader/Mixin) fabric-networking-api-v1.mixins.json:ServerCommonPacketListenerImplMixin from mod fabric-networking-api-v1->@Inject::onPlayPong(Lnet/minecraft/network/protocol/common/ServerboundPongPacket;Lorg/spongepowered/asm/mixin/injection/callback/CallbackInfo;)V won't be passed a CallbackInfo as a result
[19:03:06] [Render thread/DEBUG] (FabricLoader/Mixin) Unexpected: Registered method getConnection()Lnet/minecraft/network/Connection; in net.minecraft.server.network.ServerCommonPacketListenerImpl was not merged
[19:03:06] [Render thread/DEBUG] (FabricLoader/Mixin) Mixing ClientboundCustomPayloadPacketAccessor from fabric-data-attachment-api-v1.mixins.json into net.minecraft.network.protocol.common.ClientboundCustomPayloadPacket
[19:03:06] [Render thread/DEBUG] (FabricLoader/Mixin) Mixing ClientboundCustomPayloadPacketMixin from fabric-networking-api-v1.mixins.json into net.minecraft.network.protocol.common.ClientboundCustomPayloadPacket
[19:03:06] [Render thread/DEBUG] (FabricLoader/Mixin) Renaming synthetic method lambda$wrapConfigCodec$0(Lnet/minecraft/network/FriendlyByteBuf;Lnet/minecraft/resources/Identifier;)Lnet/minecraft/network/protocol/common/custom/CustomPacketPayload$TypeAndCodec; to md726be1$fabric-networking-api-v1$lambda$wrapConfigCodec$0$0 in fabric-networking-api-v1.mixins.json:ClientboundCustomPayloadPacketMixin from mod fabric-networking-api-v1
[19:03:06] [Render thread/DEBUG] (FabricLoader/Mixin) Renaming synthetic method lambda$wrapPlayCodec$0(Lnet/minecraft/network/RegistryFriendlyByteBuf;Lnet/minecraft/resources/Identifier;)Lnet/minecraft/network/protocol/common/custom/CustomPacketPayload$TypeAndCodec; to md726be1$fabric-networking-api-v1$lambda$wrapPlayCodec$0$1 in fabric-networking-api-v1.mixins.json:ClientboundCustomPayloadPacketMixin from mod fabric-networking-api-v1
[19:03:06] [Render thread/DEBUG] (FabricLoader/Mixin) Mixing CustomPayloadStreamCodecMixin from fabric-networking-api-v1.mixins.json into net.minecraft.network.protocol.common.custom.CustomPacketPayload$1
[19:03:06] [Render thread/DEBUG] (FabricLoader/Mixin) Mixing FileToIdConverterAccessor from fabric-loot-api-v3.mixins.json into net.minecraft.resources.FileToIdConverter
[19:03:06] [Render thread/DEBUG] (FabricLoader/Mixin) Mixing FileToIdConverterAccessor from fabric-resource-conditions-api-v1.mixins.json into net.minecraft.resources.FileToIdConverter
[19:03:06] [Render thread/DEBUG] (FabricLoader/Entrypoint) Iterating over entrypoint 'client'
[19:03:06] [Render thread/INFO] (net.fabricmc.fabric.impl.client.indigo.Indigo) [Indigo] Registering Indigo renderer!
[19:03:06] [Render thread/DEBUG] (FabricLoader/Mixin) Mixing BlockStateModelUnbakedMixin from fabric-model-loading-api-v1.mixins.json into net.minecraft.client.renderer.block.dispatch.BlockStateModel$Unbaked
[19:03:06] [Render thread/DEBUG] (FabricLoader/Mixin) Mixing block.model.BlockStateModelMixin from fabric-renderer-api-v1.mixins.json into net.minecraft.client.renderer.block.dispatch.BlockStateModel
[19:03:06] [Render thread/DEBUG] (FabricLoader/Mixin) Mixing block.model.SingleVariantMixin from fabric-renderer-api-v1.mixins.json into net.minecraft.client.renderer.block.dispatch.SingleVariant
[19:03:06] [Render thread/DEBUG] (FabricLoader/Mixin) Renaming synthetic method lambda$emitQuads$0(Lnet/fabricmc/fabric/api/client/renderer/v1/mesh/MutableQuadView;)Z to md726be1$fabric-renderer-api-v1$lambda$emitQuads$0$0 in fabric-renderer-api-v1.mixins.json:block.model.SingleVariantMixin from mod fabric-renderer-api-v1
[19:03:06] [Render thread/DEBUG] (FabricLoader/Mixin) Mixing ClientConfigurationPacketListenerImplMixin from fabric-networking-api-v1.client.mixins.json into net.minecraft.client.multiplayer.ClientConfigurationPacketListenerImpl
[19:03:06] [Render thread/DEBUG] (FabricLoader/Mixin) Mixing accessor.ClientConfigurationPacketListenerImplAccessor from fabric-networking-api-v1.client.mixins.json into net.minecraft.client.multiplayer.ClientConfigurationPacketListenerImpl
[19:03:06] [Render thread/DEBUG] (FabricLoader/Mixin) Mixing ClientConfigurationPacketListenerImplMixin from fabric-lifecycle-events-v1.client.mixins.json into net.minecraft.client.multiplayer.ClientConfigurationPacketListenerImpl
[19:03:06] [Render thread/DEBUG] (FabricLoader/Mixin) Mixing sync.ClientConfigurationPacketListenerImplMixin from fabric-recipe-api-v1.client.mixins.json into net.minecraft.client.multiplayer.ClientConfigurationPacketListenerImpl
[19:03:06] [Render thread/DEBUG] (FabricLoader/Mixin) fabric-networking-api-v1.client.mixins.json:ClientConfigurationPacketListenerImplMixin from mod fabric-networking-api-v1->@Inject::initAddon(Lorg/spongepowered/asm/mixin/injection/callback/CallbackInfo;)V doesn't use it's CallbackInfo
[19:03:06] [Render thread/DEBUG] (FabricLoader/Mixin) fabric-networking-api-v1.client.mixins.json:ClientConfigurationPacketListenerImplMixin from mod fabric-networking-api-v1->@Inject::initAddon(Lorg/spongepowered/asm/mixin/injection/callback/CallbackInfo;)V has 0 override(s) in child classes
[19:03:06] [Render thread/DEBUG] (FabricLoader/Mixin) fabric-networking-api-v1.client.mixins.json:ClientConfigurationPacketListenerImplMixin from mod fabric-networking-api-v1->@Inject::initAddon(Lorg/spongepowered/asm/mixin/injection/callback/CallbackInfo;)V won't be passed a CallbackInfo as a result
[19:03:06] [Render thread/DEBUG] (FabricLoader/Mixin) fabric-networking-api-v1.client.mixins.json:ClientConfigurationPacketListenerImplMixin from mod fabric-networking-api-v1->@Inject::handleComplete(Lnet/minecraft/network/protocol/configuration/ClientboundFinishConfigurationPacket;Lorg/spongepowered/asm/mixin/injection/callback/CallbackInfo;)V doesn't use it's CallbackInfo
[19:03:06] [Render thread/DEBUG] (FabricLoader/Mixin) fabric-networking-api-v1.client.mixins.json:ClientConfigurationPacketListenerImplMixin from mod fabric-networking-api-v1->@Inject::handleComplete(Lnet/minecraft/network/protocol/configuration/ClientboundFinishConfigurationPacket;Lorg/spongepowered/asm/mixin/injection/callback/CallbackInfo;)V has 0 override(s) in child classes
[19:03:06] [Render thread/DEBUG] (FabricLoader/Mixin) fabric-networking-api-v1.client.mixins.json:ClientConfigurationPacketListenerImplMixin from mod fabric-networking-api-v1->@Inject::handleComplete(Lnet/minecraft/network/protocol/configuration/ClientboundFinishConfigurationPacket;Lorg/spongepowered/asm/mixin/injection/callback/CallbackInfo;)V won't be passed a CallbackInfo as a result
[19:03:06] [Render thread/DEBUG] (FabricLoader/Mixin) fabric-lifecycle-events-v1.client.mixins.json:ClientConfigurationPacketListenerImplMixin from mod fabric-lifecycle-events-v1->@Inject::invokeTagsLoaded(Lnet/minecraft/network/protocol/configuration/ClientboundFinishConfigurationPacket;Lorg/spongepowered/asm/mixin/injection/callback/CallbackInfo;)V doesn't use it's CallbackInfo
[19:03:06] [Render thread/DEBUG] (FabricLoader/Mixin) fabric-lifecycle-events-v1.client.mixins.json:ClientConfigurationPacketListenerImplMixin from mod fabric-lifecycle-events-v1->@Inject::invokeTagsLoaded(Lnet/minecraft/network/protocol/configuration/ClientboundFinishConfigurationPacket;Lorg/spongepowered/asm/mixin/injection/callback/CallbackInfo;)V has 0 override(s) in child classes
[19:03:06] [Render thread/DEBUG] (FabricLoader/Mixin) fabric-lifecycle-events-v1.client.mixins.json:ClientConfigurationPacketListenerImplMixin from mod fabric-lifecycle-events-v1->@Inject::invokeTagsLoaded(Lnet/minecraft/network/protocol/configuration/ClientboundFinishConfigurationPacket;Lorg/spongepowered/asm/mixin/injection/callback/CallbackInfo;)V won't be passed a CallbackInfo as a result
[19:03:06] [Render thread/DEBUG] (FabricLoader/Mixin) fabric-recipe-api-v1.client.mixins.json:sync.ClientConfigurationPacketListenerImplMixin from mod fabric-recipe-api-v1->@Inject::sendSupportedRecipeSerializers(Lnet/minecraft/network/protocol/configuration/ClientboundSelectKnownPacks;Lorg/spongepowered/asm/mixin/injection/callback/CallbackInfo;)V doesn't use it's CallbackInfo
[19:03:06] [Render thread/DEBUG] (FabricLoader/Mixin) fabric-recipe-api-v1.client.mixins.json:sync.ClientConfigurationPacketListenerImplMixin from mod fabric-recipe-api-v1->@Inject::sendSupportedRecipeSerializers(Lnet/minecraft/network/protocol/configuration/ClientboundSelectKnownPacks;Lorg/spongepowered/asm/mixin/injection/callback/CallbackInfo;)V has 0 override(s) in child classes
[19:03:06] [Render thread/DEBUG] (FabricLoader/Mixin) fabric-recipe-api-v1.client.mixins.json:sync.ClientConfigurationPacketListenerImplMixin from mod fabric-recipe-api-v1->@Inject::sendSupportedRecipeSerializers(Lnet/minecraft/network/protocol/configuration/ClientboundSelectKnownPacks;Lorg/spongepowered/asm/mixin/injection/callback/CallbackInfo;)V won't be passed a CallbackInfo as a result
[19:03:06] [Render thread/DEBUG] (FabricLoader/Mixin) Mixing accessor.ClientCommonPacketListenerImplAccessor from fabric-networking-api-v1.client.mixins.json into net.minecraft.client.multiplayer.ClientCommonPacketListenerImpl
[19:03:06] [Render thread/DEBUG] (FabricLoader/Mixin) Mixing ClientCommonPacketListenerImplMixin from fabric-networking-api-v1.client.mixins.json into net.minecraft.client.multiplayer.ClientCommonPacketListenerImpl
[19:03:06] [Render thread/DEBUG] (FabricLoader/Mixin) fabric-networking-api-v1.client.mixins.json:ClientCommonPacketListenerImplMixin from mod fabric-networking-api-v1->@Inject::onCustomPayload(Lnet/minecraft/network/protocol/common/ClientboundCustomPayloadPacket;Lorg/spongepowered/asm/mixin/injection/callback/CallbackInfo;)V does use it's CallbackInfo
[19:03:06] [Render thread/DEBUG] (FabricLoader/Mixin) Mixing accessor.ClientHandshakePacketListenerImplAccessor from fabric-networking-api-v1.client.mixins.json into net.minecraft.client.multiplayer.ClientHandshakePacketListenerImpl
[19:03:06] [Render thread/DEBUG] (FabricLoader/Mixin) Mixing ClientHandshakePacketListenerImplMixin from fabric-networking-api-v1.client.mixins.json into net.minecraft.client.multiplayer.ClientHandshakePacketListenerImpl
[19:03:06] [Render thread/DEBUG] (FabricLoader/Mixin) Renaming synthetic method lambda$handleQueryRequest$0(Lnet/minecraft/network/protocol/login/ClientboundCustomQueryPacket;)Ljava/lang/Boolean; to md726be1$fabric-networking-api-v1$lambda$handleQueryRequest$0$0 in fabric-networking-api-v1.client.mixins.json:ClientHandshakePacketListenerImplMixin from mod fabric-networking-api-v1
[19:03:06] [Render thread/DEBUG] (FabricLoader/Mixin) fabric-networking-api-v1.client.mixins.json:ClientHandshakePacketListenerImplMixin from mod fabric-networking-api-v1->@Inject::initAddon(Lorg/spongepowered/asm/mixin/injection/callback/CallbackInfo;)V doesn't use it's CallbackInfo
[19:03:06] [Render thread/DEBUG] (FabricLoader/Mixin) fabric-networking-api-v1.client.mixins.json:ClientHandshakePacketListenerImplMixin from mod fabric-networking-api-v1->@Inject::initAddon(Lorg/spongepowered/asm/mixin/injection/callback/CallbackInfo;)V has 0 override(s) in child classes
[19:03:06] [Render thread/DEBUG] (FabricLoader/Mixin) fabric-networking-api-v1.client.mixins.json:ClientHandshakePacketListenerImplMixin from mod fabric-networking-api-v1->@Inject::initAddon(Lorg/spongepowered/asm/mixin/injection/callback/CallbackInfo;)V won't be passed a CallbackInfo as a result
[19:03:06] [Render thread/DEBUG] (FabricLoader/Mixin) fabric-networking-api-v1.client.mixins.json:ClientHandshakePacketListenerImplMixin from mod fabric-networking-api-v1->@Inject::handleQueryRequest(Lnet/minecraft/network/protocol/login/ClientboundCustomQueryPacket;Lorg/spongepowered/asm/mixin/injection/callback/CallbackInfo;)V does use it's CallbackInfo
[19:03:06] [Render thread/DEBUG] (FabricLoader/Mixin) fabric-networking-api-v1.client.mixins.json:ClientHandshakePacketListenerImplMixin from mod fabric-networking-api-v1->@Inject::setGameProfileContext(Lnet/minecraft/network/protocol/login/ClientboundLoginFinishedPacket;Lorg/spongepowered/asm/mixin/injection/callback/CallbackInfo;)V doesn't use it's CallbackInfo
[19:03:06] [Render thread/DEBUG] (FabricLoader/Mixin) fabric-networking-api-v1.client.mixins.json:ClientHandshakePacketListenerImplMixin from mod fabric-networking-api-v1->@Inject::setGameProfileContext(Lnet/minecraft/network/protocol/login/ClientboundLoginFinishedPacket;Lorg/spongepowered/asm/mixin/injection/callback/CallbackInfo;)V has 0 override(s) in child classes
[19:03:06] [Render thread/DEBUG] (FabricLoader/Mixin) fabric-networking-api-v1.client.mixins.json:ClientHandshakePacketListenerImplMixin from mod fabric-networking-api-v1->@Inject::setGameProfileContext(Lnet/minecraft/network/protocol/login/ClientboundLoginFinishedPacket;Lorg/spongepowered/asm/mixin/injection/callback/CallbackInfo;)V won't be passed a CallbackInfo as a result
[19:03:06] [Render thread/DEBUG] (FabricLoader/Mixin) Mixing ClientPacketListenerMixin from fabric-message-api-v1.client.mixins.json into net.minecraft.client.multiplayer.ClientPacketListener
[19:03:06] [Render thread/DEBUG] (FabricLoader/Mixin) Mixing ClientPacketListenerMixin from fabric-networking-api-v1.client.mixins.json into net.minecraft.client.multiplayer.ClientPacketListener
[19:03:06] [Render thread/DEBUG] (FabricLoader/Mixin) Mixing ClientPacketListenerAccessor from fabric-command-api-v2.client.mixins.json into net.minecraft.client.multiplayer.ClientPacketListener
[19:03:06] [Render thread/DEBUG] (FabricLoader/Mixin) Renaming @Invoker method invokeIsValidCommand(Lcom/mojang/brigadier/ParseResults;)Z to invokeIsValidCommand$fabric-command-api-v2_$md$726be1$0 in fabric-command-api-v2.client.mixins.json:ClientPacketListenerAccessor from mod fabric-command-api-v2
[19:03:06] [Render thread/DEBUG] (FabricLoader/Mixin) Mixing ClientPacketListenerMixin from fabric-command-api-v2.client.mixins.json into net.minecraft.client.multiplayer.ClientPacketListener
[19:03:06] [Render thread/DEBUG] (FabricLoader/Mixin) Mixing ClientPacketListenerMixin from fabric-data-attachment-api-v1.client.mixins.json into net.minecraft.client.multiplayer.ClientPacketListener
[19:03:06] [Render thread/DEBUG] (FabricLoader/Mixin) Mixing ClientPacketListenerMixin from fabric-lifecycle-events-v1.client.mixins.json into net.minecraft.client.multiplayer.ClientPacketListener
[19:03:06] [Render thread/DEBUG] (FabricLoader/Mixin) Mixing sync.ClientPacketListenerMixin from fabric-recipe-api-v1.client.mixins.json into net.minecraft.client.multiplayer.ClientPacketListener
[19:03:06] [Render thread/DEBUG] (FabricLoader/Mixin) fabric-message-api-v1.client.mixins.json:ClientPacketListenerMixin from mod fabric-message-api-v1->@Inject::fabric_allowSendChatMessage(Ljava/lang/String;Lorg/spongepowered/asm/mixin/injection/callback/CallbackInfo;)V does use it's CallbackInfo
[19:03:06] [Render thread/DEBUG] (FabricLoader/Mixin) fabric-message-api-v1.client.mixins.json:ClientPacketListenerMixin from mod fabric-message-api-v1->@Inject::fabric_allowSendCommandMessage(Ljava/lang/String;Lorg/spongepowered/asm/mixin/injection/callback/CallbackInfo;)V does use it's CallbackInfo
[19:03:06] [Render thread/DEBUG] (FabricLoader/Mixin) fabric-networking-api-v1.client.mixins.json:ClientPacketListenerMixin from mod fabric-networking-api-v1->@Inject::initAddon(Lorg/spongepowered/asm/mixin/injection/callback/CallbackInfo;)V doesn't use it's CallbackInfo
[19:03:06] [Render thread/DEBUG] (FabricLoader/Mixin) fabric-networking-api-v1.client.mixins.json:ClientPacketListenerMixin from mod fabric-networking-api-v1->@Inject::initAddon(Lorg/spongepowered/asm/mixin/injection/callback/CallbackInfo;)V has 0 override(s) in child classes
[19:03:06] [Render thread/DEBUG] (FabricLoader/Mixin) fabric-networking-api-v1.client.mixins.json:ClientPacketListenerMixin from mod fabric-networking-api-v1->@Inject::initAddon(Lorg/spongepowered/asm/mixin/injection/callback/CallbackInfo;)V won't be passed a CallbackInfo as a result
[19:03:06] [Render thread/DEBUG] (FabricLoader/Mixin) fabric-networking-api-v1.client.mixins.json:ClientPacketListenerMixin from mod fabric-networking-api-v1->@Inject::handleServerPlayReady(Lnet/minecraft/network/protocol/game/ClientboundLoginPacket;Lorg/spongepowered/asm/mixin/injection/callback/CallbackInfo;)V doesn't use it's CallbackInfo
[19:03:06] [Render thread/DEBUG] (FabricLoader/Mixin) fabric-networking-api-v1.client.mixins.json:ClientPacketListenerMixin from mod fabric-networking-api-v1->@Inject::handleServerPlayReady(Lnet/minecraft/network/protocol/game/ClientboundLoginPacket;Lorg/spongepowered/asm/mixin/injection/callback/CallbackInfo;)V has 0 override(s) in child classes
[19:03:06] [Render thread/DEBUG] (FabricLoader/Mixin) fabric-networking-api-v1.client.mixins.json:ClientPacketListenerMixin from mod fabric-networking-api-v1->@Inject::handleServerPlayReady(Lnet/minecraft/network/protocol/game/ClientboundLoginPacket;Lorg/spongepowered/asm/mixin/injection/callback/CallbackInfo;)V won't be passed a CallbackInfo as a result
[19:03:06] [Render thread/DEBUG] (FabricLoader/Mixin) fabric-command-api-v2.client.mixins.json:ClientPacketListenerMixin from mod fabric-command-api-v2->@Inject::init(Lnet/minecraft/client/Minecraft;Lnet/minecraft/network/Connection;Lnet/minecraft/client/multiplayer/CommonListenerCookie;Lorg/spongepowered/asm/mixin/injection/callback/CallbackInfo;)V doesn't use it's CallbackInfo
[19:03:06] [Render thread/DEBUG] (FabricLoader/Mixin) fabric-command-api-v2.client.mixins.json:ClientPacketListenerMixin from mod fabric-command-api-v2->@Inject::init(Lnet/minecraft/client/Minecraft;Lnet/minecraft/network/Connection;Lnet/minecraft/client/multiplayer/CommonListenerCookie;Lorg/spongepowered/asm/mixin/injection/callback/CallbackInfo;)V has 0 override(s) in child classes
[19:03:06] [Render thread/DEBUG] (FabricLoader/Mixin) fabric-command-api-v2.client.mixins.json:ClientPacketListenerMixin from mod fabric-command-api-v2->@Inject::init(Lnet/minecraft/client/Minecraft;Lnet/minecraft/network/Connection;Lnet/minecraft/client/multiplayer/CommonListenerCookie;Lorg/spongepowered/asm/mixin/injection/callback/CallbackInfo;)V won't be passed a CallbackInfo as a result
[19:03:06] [Render thread/DEBUG] (FabricLoader/Mixin) fabric-command-api-v2.client.mixins.json:ClientPacketListenerMixin from mod fabric-command-api-v2->@Inject::onGameJoin(Lnet/minecraft/network/protocol/game/ClientboundLoginPacket;Lorg/spongepowered/asm/mixin/injection/callback/CallbackInfo;)V doesn't use it's CallbackInfo
[19:03:06] [Render thread/DEBUG] (FabricLoader/Mixin) fabric-command-api-v2.client.mixins.json:ClientPacketListenerMixin from mod fabric-command-api-v2->@Inject::onGameJoin(Lnet/minecraft/network/protocol/game/ClientboundLoginPacket;Lorg/spongepowered/asm/mixin/injection/callback/CallbackInfo;)V has 0 override(s) in child classes
[19:03:06] [Render thread/DEBUG] (FabricLoader/Mixin) fabric-command-api-v2.client.mixins.json:ClientPacketListenerMixin from mod fabric-command-api-v2->@Inject::onGameJoin(Lnet/minecraft/network/protocol/game/ClientboundLoginPacket;Lorg/spongepowered/asm/mixin/injection/callback/CallbackInfo;)V won't be passed a CallbackInfo as a result
[19:03:06] [Render thread/DEBUG] (FabricLoader/Mixin) fabric-command-api-v2.client.mixins.json:ClientPacketListenerMixin from mod fabric-command-api-v2->@Inject::onOnCommandTree(Lnet/minecraft/network/protocol/game/ClientboundCommandsPacket;Lorg/spongepowered/asm/mixin/injection/callback/CallbackInfo;)V doesn't use it's CallbackInfo
[19:03:06] [Render thread/DEBUG] (FabricLoader/Mixin) fabric-command-api-v2.client.mixins.json:ClientPacketListenerMixin from mod fabric-command-api-v2->@Inject::onOnCommandTree(Lnet/minecraft/network/protocol/game/ClientboundCommandsPacket;Lorg/spongepowered/asm/mixin/injection/callback/CallbackInfo;)V has 0 override(s) in child classes
[19:03:06] [Render thread/DEBUG] (FabricLoader/Mixin) fabric-command-api-v2.client.mixins.json:ClientPacketListenerMixin from mod fabric-command-api-v2->@Inject::onOnCommandTree(Lnet/minecraft/network/protocol/game/ClientboundCommandsPacket;Lorg/spongepowered/asm/mixin/injection/callback/CallbackInfo;)V won't be passed a CallbackInfo as a result
[19:03:06] [Render thread/DEBUG] (FabricLoader/Mixin) fabric-command-api-v2.client.mixins.json:ClientPacketListenerMixin from mod fabric-command-api-v2->@Inject::setLastReceivedCommandsPacket(Lnet/minecraft/network/protocol/game/ClientboundCommandsPacket;Lorg/spongepowered/asm/mixin/injection/callback/CallbackInfo;)V doesn't use it's CallbackInfo
[19:03:06] [Render thread/DEBUG] (FabricLoader/Mixin) fabric-command-api-v2.client.mixins.json:ClientPacketListenerMixin from mod fabric-command-api-v2->@Inject::setLastReceivedCommandsPacket(Lnet/minecraft/network/protocol/game/ClientboundCommandsPacket;Lorg/spongepowered/asm/mixin/injection/callback/CallbackInfo;)V has 0 override(s) in child classes
[19:03:06] [Render thread/DEBUG] (FabricLoader/Mixin) fabric-command-api-v2.client.mixins.json:ClientPacketListenerMixin from mod fabric-command-api-v2->@Inject::setLastReceivedCommandsPacket(Lnet/minecraft/network/protocol/game/ClientboundCommandsPacket;Lorg/spongepowered/asm/mixin/injection/callback/CallbackInfo;)V won't be passed a CallbackInfo as a result
[19:03:06] [Render thread/DEBUG] (FabricLoader/Mixin) fabric-command-api-v2.client.mixins.json:ClientPacketListenerMixin from mod fabric-command-api-v2->@Inject::onSendCommand(Ljava/lang/String;Lnet/minecraft/client/gui/screens/Screen;Lorg/spongepowered/asm/mixin/injection/callback/CallbackInfo;)V does use it's CallbackInfo
[19:03:06] [Render thread/DEBUG] (FabricLoader/Mixin) fabric-command-api-v2.client.mixins.json:ClientPacketListenerMixin from mod fabric-command-api-v2->@Inject::onSendCommand(Ljava/lang/String;Lorg/spongepowered/asm/mixin/injection/callback/CallbackInfo;)V does use it's CallbackInfo
[19:03:06] [Render thread/DEBUG] (FabricLoader/Mixin) fabric-data-attachment-api-v1.client.mixins.json:ClientPacketListenerMixin from mod fabric-data-attachment-api-v1->@Inject::initGlobalAttachments(Lorg/spongepowered/asm/mixin/injection/callback/CallbackInfo;)V doesn't use it's CallbackInfo
[19:03:06] [Render thread/DEBUG] (FabricLoader/Mixin) fabric-data-attachment-api-v1.client.mixins.json:ClientPacketListenerMixin from mod fabric-data-attachment-api-v1->@Inject::initGlobalAttachments(Lorg/spongepowered/asm/mixin/injection/callback/CallbackInfo;)V has 0 override(s) in child classes
[19:03:06] [Render thread/DEBUG] (FabricLoader/Mixin) fabric-data-attachment-api-v1.client.mixins.json:ClientPacketListenerMixin from mod fabric-data-attachment-api-v1->@Inject::initGlobalAttachments(Lorg/spongepowered/asm/mixin/injection/callback/CallbackInfo;)V won't be passed a CallbackInfo as a result
[19:03:06] [Render thread/DEBUG] (FabricLoader/Mixin) fabric-lifecycle-events-v1.client.mixins.json:ClientPacketListenerMixin from mod fabric-lifecycle-events-v1->@Inject::onPlayerRespawn(Lnet/minecraft/network/protocol/game/ClientboundRespawnPacket;Lorg/spongepowered/asm/mixin/injection/callback/CallbackInfo;)V doesn't use it's CallbackInfo
[19:03:06] [Render thread/DEBUG] (FabricLoader/Mixin) fabric-lifecycle-events-v1.client.mixins.json:ClientPacketListenerMixin from mod fabric-lifecycle-events-v1->@Inject::onPlayerRespawn(Lnet/minecraft/network/protocol/game/ClientboundRespawnPacket;Lorg/spongepowered/asm/mixin/injection/callback/CallbackInfo;)V has 0 override(s) in child classes
[19:03:06] [Render thread/DEBUG] (FabricLoader/Mixin) fabric-lifecycle-events-v1.client.mixins.json:ClientPacketListenerMixin from mod fabric-lifecycle-events-v1->@Inject::onPlayerRespawn(Lnet/minecraft/network/protocol/game/ClientboundRespawnPacket;Lorg/spongepowered/asm/mixin/injection/callback/CallbackInfo;)V won't be passed a CallbackInfo as a result
[19:03:06] [Render thread/DEBUG] (FabricLoader/Mixin) fabric-lifecycle-events-v1.client.mixins.json:ClientPacketListenerMixin from mod fabric-lifecycle-events-v1->@Inject::onGameJoin(Lnet/minecraft/network/protocol/game/ClientboundLoginPacket;Lorg/spongepowered/asm/mixin/injection/callback/CallbackInfo;)V doesn't use it's CallbackInfo
[19:03:06] [Render thread/DEBUG] (FabricLoader/Mixin) fabric-lifecycle-events-v1.client.mixins.json:ClientPacketListenerMixin from mod fabric-lifecycle-events-v1->@Inject::onGameJoin(Lnet/minecraft/network/protocol/game/ClientboundLoginPacket;Lorg/spongepowered/asm/mixin/injection/callback/CallbackInfo;)V has 0 override(s) in child classes
[19:03:06] [Render thread/DEBUG] (FabricLoader/Mixin) fabric-lifecycle-events-v1.client.mixins.json:ClientPacketListenerMixin from mod fabric-lifecycle-events-v1->@Inject::onGameJoin(Lnet/minecraft/network/protocol/game/ClientboundLoginPacket;Lorg/spongepowered/asm/mixin/injection/callback/CallbackInfo;)V won't be passed a CallbackInfo as a result
[19:03:06] [Render thread/DEBUG] (FabricLoader/Mixin) fabric-lifecycle-events-v1.client.mixins.json:ClientPacketListenerMixin from mod fabric-lifecycle-events-v1->@Inject::onClearLevel(Lorg/spongepowered/asm/mixin/injection/callback/CallbackInfo;)V doesn't use it's CallbackInfo
[19:03:06] [Render thread/DEBUG] (FabricLoader/Mixin) fabric-lifecycle-events-v1.client.mixins.json:ClientPacketListenerMixin from mod fabric-lifecycle-events-v1->@Inject::onClearLevel(Lorg/spongepowered/asm/mixin/injection/callback/CallbackInfo;)V has 0 override(s) in child classes
[19:03:06] [Render thread/DEBUG] (FabricLoader/Mixin) fabric-lifecycle-events-v1.client.mixins.json:ClientPacketListenerMixin from mod fabric-lifecycle-events-v1->@Inject::onClearLevel(Lorg/spongepowered/asm/mixin/injection/callback/CallbackInfo;)V won't be passed a CallbackInfo as a result
[19:03:06] [Render thread/DEBUG] (FabricLoader/Mixin) fabric-lifecycle-events-v1.client.mixins.json:ClientPacketListenerMixin from mod fabric-lifecycle-events-v1->@Inject::invokeTagsLoaded(Lnet/minecraft/network/protocol/common/ClientboundUpdateTagsPacket;Lorg/spongepowered/asm/mixin/injection/callback/CallbackInfo;)V doesn't use it's CallbackInfo
[19:03:06] [Render thread/DEBUG] (FabricLoader/Mixin) fabric-lifecycle-events-v1.client.mixins.json:ClientPacketListenerMixin from mod fabric-lifecycle-events-v1->@Inject::invokeTagsLoaded(Lnet/minecraft/network/protocol/common/ClientboundUpdateTagsPacket;Lorg/spongepowered/asm/mixin/injection/callback/CallbackInfo;)V has 0 override(s) in child classes
[19:03:06] [Render thread/DEBUG] (FabricLoader/Mixin) fabric-lifecycle-events-v1.client.mixins.json:ClientPacketListenerMixin from mod fabric-lifecycle-events-v1->@Inject::invokeTagsLoaded(Lnet/minecraft/network/protocol/common/ClientboundUpdateTagsPacket;Lorg/spongepowered/asm/mixin/injection/callback/CallbackInfo;)V won't be passed a CallbackInfo as a result
[19:03:06] [Render thread/DEBUG] (FabricLoader/Mixin) Mixing ConnectionMixin from fabric-networking-api-v1.mixins.json into net.minecraft.network.Connection
[19:03:06] [Render thread/DEBUG] (FabricLoader/Mixin) Renaming synthetic method lambda$fabric_getPendingChannelsNames$0(Lnet/minecraft/network/ConnectionProtocol;)Ljava/util/Collection; to md726be1$fabric-networking-api-v1$lambda$fabric_getPendingChannelsNames$0$0 in fabric-networking-api-v1.mixins.json:ConnectionMixin from mod fabric-networking-api-v1
[19:03:06] [Render thread/DEBUG] (FabricLoader/Mixin) Renaming synthetic method lambda$injectFabricPacketSlitterHandlerOutbound$1(Lnet/fabricmc/fabric/impl/networking/PayloadTypeRegistryImpl;Lio/netty/channel/ChannelHandlerContext;)V to md726be1$fabric-networking-api-v1$lambda$injectFabricPacketSlitterHandlerOutbound$1$1 in fabric-networking-api-v1.mixins.json:ConnectionMixin from mod fabric-networking-api-v1
[19:03:06] [Render thread/DEBUG] (FabricLoader/Mixin) Renaming synthetic method lambda$injectFabricPacketSlitterHandlerOutbound$0(Lio/netty/channel/ChannelHandlerContext;)V to md726be1$fabric-networking-api-v1$lambda$injectFabricPacketSlitterHandlerOutbound$0$2 in fabric-networking-api-v1.mixins.json:ConnectionMixin from mod fabric-networking-api-v1
[19:03:06] [Render thread/DEBUG] (FabricLoader/Mixin) Renaming synthetic method lambda$injectFabricPacketSlitterHandlerInbound$1(Lnet/fabricmc/fabric/impl/networking/PayloadTypeRegistryImpl;Lnet/minecraft/network/ProtocolInfo;Lio/netty/channel/ChannelHandlerContext;)V to md726be1$fabric-networking-api-v1$lambda$injectFabricPacketSlitterHandlerInbound$1$3 in fabric-networking-api-v1.mixins.json:ConnectionMixin from mod fabric-networking-api-v1
[19:03:06] [Render thread/DEBUG] (FabricLoader/Mixin) Renaming synthetic method lambda$injectFabricPacketSlitterHandlerInbound$0(Lio/netty/channel/ChannelHandlerContext;)V to md726be1$fabric-networking-api-v1$lambda$injectFabricPacketSlitterHandlerInbound$0$4 in fabric-networking-api-v1.mixins.json:ConnectionMixin from mod fabric-networking-api-v1
[19:03:06] [Render thread/DEBUG] (FabricLoader/Mixin) Mixing sync.ConnectionMixin from fabric-recipe-api-v1.mixins.json into net.minecraft.network.Connection
[19:03:06] [Render thread/DEBUG] (FabricLoader/Mixin) fabric-networking-api-v1.mixins.json:ConnectionMixin from mod fabric-networking-api-v1->@Inject::initAddedFields(Lnet/minecraft/network/protocol/PacketFlow;Lorg/spongepowered/asm/mixin/injection/callback/CallbackInfo;)V doesn't use it's CallbackInfo
[19:03:06] [Render thread/DEBUG] (FabricLoader/Mixin) fabric-networking-api-v1.mixins.json:ConnectionMixin from mod fabric-networking-api-v1->@Inject::initAddedFields(Lnet/minecraft/network/protocol/PacketFlow;Lorg/spongepowered/asm/mixin/injection/callback/CallbackInfo;)V has 0 override(s) in child classes
[19:03:06] [Render thread/DEBUG] (FabricLoader/Mixin) fabric-networking-api-v1.mixins.json:ConnectionMixin from mod fabric-networking-api-v1->@Inject::initAddedFields(Lnet/minecraft/network/protocol/PacketFlow;Lorg/spongepowered/asm/mixin/injection/callback/CallbackInfo;)V won't be passed a CallbackInfo as a result
[19:03:06] [Render thread/DEBUG] (FabricLoader/Mixin) fabric-networking-api-v1.mixins.json:ConnectionMixin from mod fabric-networking-api-v1->@Inject::checkPacket(Lnet/minecraft/network/protocol/Packet;Lio/netty/channel/ChannelFutureListener;ZLorg/spongepowered/asm/mixin/injection/callback/CallbackInfo;)V doesn't use it's CallbackInfo
[19:03:06] [Render thread/DEBUG] (FabricLoader/Mixin) fabric-networking-api-v1.mixins.json:ConnectionMixin from mod fabric-networking-api-v1->@Inject::checkPacket(Lnet/minecraft/network/protocol/Packet;Lio/netty/channel/ChannelFutureListener;ZLorg/spongepowered/asm/mixin/injection/callback/CallbackInfo;)V has 0 override(s) in child classes
[19:03:06] [Render thread/DEBUG] (FabricLoader/Mixin) fabric-networking-api-v1.mixins.json:ConnectionMixin from mod fabric-networking-api-v1->@Inject::checkPacket(Lnet/minecraft/network/protocol/Packet;Lio/netty/channel/ChannelFutureListener;ZLorg/spongepowered/asm/mixin/injection/callback/CallbackInfo;)V won't be passed a CallbackInfo as a result
[19:03:06] [Render thread/DEBUG] (FabricLoader/Mixin) fabric-networking-api-v1.mixins.json:ConnectionMixin from mod fabric-networking-api-v1->@Inject::unwatchAddon(Lnet/minecraft/network/ProtocolInfo;Lnet/minecraft/network/PacketListener;Lorg/spongepowered/asm/mixin/injection/callback/CallbackInfo;)V doesn't use it's CallbackInfo
[19:03:06] [Render thread/DEBUG] (FabricLoader/Mixin) fabric-networking-api-v1.mixins.json:ConnectionMixin from mod fabric-networking-api-v1->@Inject::unwatchAddon(Lnet/minecraft/network/ProtocolInfo;Lnet/minecraft/network/PacketListener;Lorg/spongepowered/asm/mixin/injection/callback/CallbackInfo;)V has 0 override(s) in child classes
[19:03:06] [Render thread/DEBUG] (FabricLoader/Mixin) fabric-networking-api-v1.mixins.json:ConnectionMixin from mod fabric-networking-api-v1->@Inject::unwatchAddon(Lnet/minecraft/network/ProtocolInfo;Lnet/minecraft/network/PacketListener;Lorg/spongepowered/asm/mixin/injection/callback/CallbackInfo;)V won't be passed a CallbackInfo as a result
[19:03:06] [Render thread/DEBUG] (FabricLoader/Mixin) fabric-networking-api-v1.mixins.json:ConnectionMixin from mod fabric-networking-api-v1->@Inject::disconnectAddon(Lio/netty/channel/ChannelHandlerContext;Lorg/spongepowered/asm/mixin/injection/callback/CallbackInfo;)V doesn't use it's CallbackInfo
[19:03:06] [Render thread/DEBUG] (FabricLoader/Mixin) fabric-networking-api-v1.mixins.json:ConnectionMixin from mod fabric-networking-api-v1->@Inject::disconnectAddon(Lio/netty/channel/ChannelHandlerContext;Lorg/spongepowered/asm/mixin/injection/callback/CallbackInfo;)V has 0 override(s) in child classes
[19:03:06] [Render thread/DEBUG] (FabricLoader/Mixin) fabric-networking-api-v1.mixins.json:ConnectionMixin from mod fabric-networking-api-v1->@Inject::disconnectAddon(Lio/netty/channel/ChannelHandlerContext;Lorg/spongepowered/asm/mixin/injection/callback/CallbackInfo;)V won't be passed a CallbackInfo as a result
[19:03:06] [Render thread/DEBUG] (FabricLoader/Mixin) fabric-networking-api-v1.mixins.json:ConnectionMixin from mod fabric-networking-api-v1->@Inject::disconnectAddon(Lorg/spongepowered/asm/mixin/injection/callback/CallbackInfo;)V doesn't use it's CallbackInfo
[19:03:06] [Render thread/DEBUG] (FabricLoader/Mixin) fabric-networking-api-v1.mixins.json:ConnectionMixin from mod fabric-networking-api-v1->@Inject::disconnectAddon(Lorg/spongepowered/asm/mixin/injection/callback/CallbackInfo;)V has 0 override(s) in child classes
[19:03:06] [Render thread/DEBUG] (FabricLoader/Mixin) fabric-networking-api-v1.mixins.json:ConnectionMixin from mod fabric-networking-api-v1->@Inject::disconnectAddon(Lorg/spongepowered/asm/mixin/injection/callback/CallbackInfo;)V won't be passed a CallbackInfo as a result
[19:03:06] [Render thread/DEBUG] (FabricLoader/Mixin) Mixing KeyMappingCategoryMixin from fabric-key-mapping-api-v1.mixins.json into net.minecraft.client.KeyMapping$Category
[19:03:06] [Render thread/DEBUG] (FabricLoader/Mixin) fabric-key-mapping-api-v1.mixins.json:KeyMappingCategoryMixin from mod fabric-key-mapping-api-v1->@Inject::onReturnRegister(Lnet/minecraft/resources/Identifier;Lorg/spongepowered/asm/mixin/injection/callback/CallbackInfoReturnable;)V doesn't use it's CallbackInfoReturnable
[19:03:06] [Render thread/INFO] (me.jfenn.bingo.client.Main) Starting Bingo migration runner...
[19:03:06] [Download-1/DEBUG] (com.mojang.authlib.yggdrasil.YggdrasilMinecraftSessionService) Couldn't fetch profile properties for d4e1f1b3-6d17-3453-8e17-2c238af0f8f5 as the profile does not exist
[19:03:06] [Download-2/ERROR] (net.minecraft.client.Minecraft) Failed to fetch user properties
com.mojang.authlib.exceptions.InvalidCredentialsException: Status: 401
	at knot//com.mojang.authlib.exceptions.MinecraftClientHttpException.toAuthenticationException(MinecraftClientHttpException.java:70)
	at knot//com.mojang.authlib.yggdrasil.YggdrasilUserApiService.fetchProperties(YggdrasilUserApiService.java:173)
	at knot//net.minecraft.client.Minecraft.lambda$new$1(Minecraft.java:438)
	at java.base/java.util.concurrent.CompletableFuture$AsyncSupply.run(CompletableFuture.java:1789)
	at java.base/java.util.concurrent.ThreadPoolExecutor.runWorker(ThreadPoolExecutor.java:1090)
	at java.base/java.util.concurrent.ThreadPoolExecutor$Worker.run(ThreadPoolExecutor.java:614)
	at java.base/java.lang.Thread.run(Thread.java:1474)
Caused by: MinecraftClientHttpException[type=HTTP_ERROR, status=401, response=ErrorResponse[path=/player/attributes, error=null, errorMessage=null, details=null]]
	at knot//com.mojang.authlib.minecraft.client.MinecraftClient.buildHttpException(MinecraftClient.java:170)
	at knot//com.mojang.authlib.minecraft.client.MinecraftClient.readServiceResponse(MinecraftClient.java:147)
	at knot//com.mojang.authlib.minecraft.client.MinecraftClient.getWithEtag(MinecraftClient.java:81)
	at knot//com.mojang.authlib.minecraft.client.MinecraftClient.get(MinecraftClient.java:65)
	at knot//com.mojang.authlib.yggdrasil.YggdrasilUserApiService.fetchProperties(YggdrasilUserApiService.java:123)
	... 5 more
[19:03:06] [Render thread/DEBUG] ([Koin]) (+) index 'me.jfenn.bingo.impl.ModEnvironment::_root_' -> '[Singleton: 'me.jfenn.bingo.impl.ModEnvironment',binds:me.jfenn.bingo.platform.IModEnvironment]'
[19:03:06] [Render thread/DEBUG] ([Koin]) (+) index 'me.jfenn.bingo.platform.IModEnvironment::_root_' -> '[Singleton: 'me.jfenn.bingo.impl.ModEnvironment',binds:me.jfenn.bingo.platform.IModEnvironment]'
[19:03:06] [Render thread/DEBUG] ([Koin]) (+) index 'me.jfenn.bingo.koin.core.Koin::_root_' -> '[Singleton: 'me.jfenn.bingo.koin.core.Koin']'
[19:03:06] [Render thread/DEBUG] ([Koin]) (+) index 'org.slf4j.Logger::_root_' -> '[Singleton: 'org.slf4j.Logger']'
[19:03:06] [Render thread/DEBUG] ([Koin]) (+) index 'me.jfenn.bingo.common.config.MigrationHandler::_root_' -> '[Singleton: 'me.jfenn.bingo.common.config.MigrationHandler']'
[19:03:06] [Render thread/DEBUG] ([Koin]) (+) index 'me.jfenn.bingo.common.config.ConfigManager::_root_' -> '[Singleton: 'me.jfenn.bingo.common.config.ConfigManager',binds:me.jfenn.bingo.platform.config.IConfigManager]'
[19:03:06] [Render thread/DEBUG] ([Koin]) (+) index 'me.jfenn.bingo.platform.config.IConfigManager::_root_' -> '[Singleton: 'me.jfenn.bingo.common.config.ConfigManager',binds:me.jfenn.bingo.platform.config.IConfigManager]'
[19:03:06] [Render thread/DEBUG] ([Koin]) (+) index 'me.jfenn.bingo.common.config.ConfigService::_root_' -> '[Singleton: 'me.jfenn.bingo.common.config.ConfigService']'
[19:03:06] [Render thread/DEBUG] ([Koin]) (+) index 'me.jfenn.bingo.common.config.BingoConfig::_root_' -> '[Singleton: 'me.jfenn.bingo.common.config.BingoConfig']'
[19:03:06] [Render thread/DEBUG] ([Koin]) (+) index 'me.jfenn.bingo.common.config.ClientConfig::_root_' -> '[Singleton: 'me.jfenn.bingo.common.config.ClientConfig']'
[19:03:06] [Render thread/INFO] ([Koin]) Started 10 definitions in 2.917 ms
[19:03:06] [Render thread/DEBUG] ([Koin]) Create eager instances ...
[19:03:06] [Render thread/DEBUG] ([Koin]) Created eager instances in 0.421 ms
[19:03:06] [Render thread/DEBUG] ([Koin]) |- 'me.jfenn.bingo.common.config.MigrationHandler'...
[19:03:06] [Render thread/DEBUG] ([Koin]) | (+) '[Singleton: 'me.jfenn.bingo.common.config.MigrationHandler']'
[19:03:06] [Render thread/DEBUG] ([Koin]) |- 'org.slf4j.Logger'...
[19:03:06] [Render thread/DEBUG] ([Koin]) | (+) '[Singleton: 'org.slf4j.Logger']'
[19:03:06] [Render thread/DEBUG] ([Koin]) |- 'org.slf4j.Logger' in 0.305 ms
[19:03:06] [Render thread/DEBUG] ([Koin]) |- 'me.jfenn.bingo.common.config.BingoConfig'...
[19:03:06] [Render thread/DEBUG] ([Koin]) | (+) '[Singleton: 'me.jfenn.bingo.common.config.BingoConfig']'
[19:03:06] [Render thread/DEBUG] ([Koin]) |- 'me.jfenn.bingo.common.config.ConfigService'...
[19:03:06] [Render thread/DEBUG] ([Koin]) | (+) '[Singleton: 'me.jfenn.bingo.common.config.ConfigService']'
[19:03:06] [Render thread/DEBUG] ([Koin]) |- 'me.jfenn.bingo.platform.config.IConfigManager'...
[19:03:06] [Render thread/DEBUG] ([Koin]) | (+) '[Singleton: 'me.jfenn.bingo.common.config.ConfigManager',binds:me.jfenn.bingo.platform.config.IConfigManager]'
[19:03:06] [Render thread/DEBUG] ([Koin]) |- 'me.jfenn.bingo.platform.IModEnvironment'...
[19:03:06] [Render thread/DEBUG] ([Koin]) | (+) '[Singleton: 'me.jfenn.bingo.impl.ModEnvironment',binds:me.jfenn.bingo.platform.IModEnvironment]'
[19:03:06] [Render thread/DEBUG] ([Koin]) |- 'me.jfenn.bingo.platform.IModEnvironment' in 0.036 ms
[19:03:06] [Render thread/DEBUG] ([Koin]) |- 'me.jfenn.bingo.platform.config.IConfigManager' in 0.2 ms
[19:03:06] [Render thread/DEBUG] ([Koin]) |- 'me.jfenn.bingo.common.config.ConfigService' in 16.97 ms
[19:03:06] [Render thread/DEBUG] ([Koin]) |- 'me.jfenn.bingo.common.config.BingoConfig' in 64.831 ms
[19:03:06] [Render thread/DEBUG] ([Koin]) |- 'me.jfenn.bingo.platform.IModEnvironment'...
[19:03:06] [Render thread/DEBUG] ([Koin]) |- 'me.jfenn.bingo.platform.IModEnvironment' in 0.008 ms
[19:03:06] [Render thread/DEBUG] ([Koin]) |- 'me.jfenn.bingo.platform.config.IConfigManager'...
[19:03:06] [Render thread/DEBUG] ([Koin]) |- 'me.jfenn.bingo.platform.config.IConfigManager' in 0.008 ms
[19:03:06] [Render thread/DEBUG] ([Koin]) |- 'me.jfenn.bingo.common.config.MigrationHandler' in 67.038 ms
[19:03:06] [Render thread/DEBUG] ([Koin]) |- (-) Scope - id:'_root_'
[19:03:06] [Render thread/INFO] (me.jfenn.bingo.client.Main) Starting Bingo Client application
[19:03:06] [Render thread/DEBUG] ([Koin]) (+) index 'me.jfenn.bingo.impl.networking.ServerNetworkingImpl::_root_' -> '[Singleton: 'me.jfenn.bingo.impl.networking.ServerNetworkingImpl',binds:me.jfenn.bingo.platform.packet.IServerNetworking]'
[19:03:06] [Render thread/DEBUG] ([Koin]) (+) index 'me.jfenn.bingo.platform.packet.IServerNetworking::_root_' -> '[Singleton: 'me.jfenn.bingo.impl.networking.ServerNetworkingImpl',binds:me.jfenn.bingo.platform.packet.IServerNetworking]'
[19:03:06] [Render thread/DEBUG] ([Koin]) (+) index 'me.jfenn.bingo.impl.CommandManagerImpl::_root_' -> '[Singleton: 'me.jfenn.bingo.impl.CommandManagerImpl',binds:me.jfenn.bingo.platform.commands.ICommandManager]'
[19:03:06] [Render thread/DEBUG] ([Koin]) (+) index 'me.jfenn.bingo.platform.commands.ICommandManager::_root_' -> '[Singleton: 'me.jfenn.bingo.impl.CommandManagerImpl',binds:me.jfenn.bingo.platform.commands.ICommandManager]'
[19:03:06] [Render thread/DEBUG] ([Koin]) (+) index 'me.jfenn.bingo.impl.CommandRunner::_root_' -> '[Singleton: 'me.jfenn.bingo.impl.CommandRunner',binds:me.jfenn.bingo.platform.ICommandRunner]'
[19:03:06] [Render thread/DEBUG] ([Koin]) (+) index 'me.jfenn.bingo.platform.ICommandRunner::_root_' -> '[Singleton: 'me.jfenn.bingo.impl.CommandRunner',binds:me.jfenn.bingo.platform.ICommandRunner]'
[19:03:06] [Render thread/DEBUG] ([Koin]) (+) index 'me.jfenn.bingo.impl.dialog.DialogManager::_root_' -> '[Singleton: 'me.jfenn.bingo.impl.dialog.DialogManager',binds:me.jfenn.bingo.platform.dialog.IDialogManager]'
[19:03:06] [Render thread/DEBUG] ([Koin]) (+) index 'me.jfenn.bingo.platform.dialog.IDialogManager::_root_' -> '[Singleton: 'me.jfenn.bingo.impl.dialog.DialogManager',binds:me.jfenn.bingo.platform.dialog.IDialogManager]'
[19:03:06] [Render thread/DEBUG] ([Koin]) (+) index 'me.jfenn.bingo.impl.Executors::_root_' -> '[Singleton: 'me.jfenn.bingo.impl.Executors',binds:me.jfenn.bingo.platform.IExecutors]'
[19:03:06] [Render thread/DEBUG] ([Koin]) (+) index 'me.jfenn.bingo.platform.IExecutors::_root_' -> '[Singleton: 'me.jfenn.bingo.impl.Executors',binds:me.jfenn.bingo.platform.IExecutors]'
[19:03:06] [Render thread/DEBUG] ([Koin]) (+) index 'me.jfenn.bingo.impl.ItemStackFactory::_root_' -> '[Singleton: 'me.jfenn.bingo.impl.ItemStackFactory',binds:me.jfenn.bingo.platform.item.IItemStackFactory]'
[19:03:06] [Render thread/DEBUG] ([Koin]) (+) index 'me.jfenn.bingo.platform.item.IItemStackFactory::_root_' -> '[Singleton: 'me.jfenn.bingo.impl.ItemStackFactory',binds:me.jfenn.bingo.platform.item.IItemStackFactory]'
[19:03:06] [Render thread/DEBUG] ([Koin]) (+) index 'me.jfenn.bingo.impl.MapColorServiceImpl::_root_' -> '[Singleton: 'me.jfenn.bingo.impl.MapColorServiceImpl',binds:me.jfenn.bingo.platform.IMapColorService]'
[19:03:06] [Render thread/DEBUG] ([Koin]) (+) index 'me.jfenn.bingo.platform.IMapColorService::_root_' -> '[Singleton: 'me.jfenn.bingo.impl.MapColorServiceImpl',binds:me.jfenn.bingo.platform.IMapColorService]'
[19:03:06] [Render thread/DEBUG] ([Koin]) (+) index 'me.jfenn.bingo.impl.particle.ParticleFactory::_root_' -> '[Singleton: 'me.jfenn.bingo.impl.particle.ParticleFactory',binds:me.jfenn.bingo.platform.particle.IParticleFactory]'
[19:03:06] [Render thread/DEBUG] ([Koin]) (+) index 'me.jfenn.bingo.platform.particle.IParticleFactory::_root_' -> '[Singleton: 'me.jfenn.bingo.impl.particle.ParticleFactory',binds:me.jfenn.bingo.platform.particle.IParticleFactory]'
[19:03:06] [Render thread/DEBUG] ([Koin]) (+) index 'me.jfenn.bingo.impl.ServerEventsImpl::_root_' -> '[Singleton: 'me.jfenn.bingo.impl.ServerEventsImpl']'
[19:03:06] [Render thread/DEBUG] ([Koin]) (+) index 'me.jfenn.bingo.impl.StatManagerImpl::_root_' -> '[Singleton: 'me.jfenn.bingo.impl.StatManagerImpl',binds:me.jfenn.bingo.platform.IStatManager]'
[19:03:06] [Render thread/DEBUG] ([Koin]) (+) index 'me.jfenn.bingo.platform.IStatManager::_root_' -> '[Singleton: 'me.jfenn.bingo.impl.StatManagerImpl',binds:me.jfenn.bingo.platform.IStatManager]'
[19:03:06] [Render thread/DEBUG] ([Koin]) (+) index 'me.jfenn.bingo.impl.TextFactoryImpl::_root_' -> '[Singleton: 'me.jfenn.bingo.impl.TextFactoryImpl',binds:me.jfenn.bingo.platform.text.ITextFactory]'
[19:03:06] [Render thread/DEBUG] ([Koin]) (+) index 'me.jfenn.bingo.platform.text.ITextFactory::_root_' -> '[Singleton: 'me.jfenn.bingo.impl.TextFactoryImpl',binds:me.jfenn.bingo.platform.text.ITextFactory]'
[19:03:06] [Render thread/DEBUG] ([Koin]) (+) index 'me.jfenn.bingo.impl.JsonSerializers::_root_' -> '[Singleton: 'me.jfenn.bingo.impl.JsonSerializers',binds:me.jfenn.bingo.platform.IJsonSerializers]'
[19:03:06] [Render thread/DEBUG] ([Koin]) (+) index 'me.jfenn.bingo.platform.IJsonSerializers::_root_' -> '[Singleton: 'me.jfenn.bingo.impl.JsonSerializers',binds:me.jfenn.bingo.platform.IJsonSerializers]'
[19:03:06] [Render thread/DEBUG] ([Koin]) (+) index 'me.jfenn.bingo.impl.TextSerializer::_root_' -> '[Singleton: 'me.jfenn.bingo.impl.TextSerializer',binds:me.jfenn.bingo.platform.ITextSerializer]'
[19:03:06] [Render thread/DEBUG] ([Koin]) (+) index 'me.jfenn.bingo.platform.ITextSerializer::_root_' -> '[Singleton: 'me.jfenn.bingo.impl.TextSerializer',binds:me.jfenn.bingo.platform.ITextSerializer]'
[19:03:06] [Render thread/DEBUG] ([Koin]) (+) index 'me.jfenn.bingo.impl.AdvancementManager::me.jfenn.bingo.common.scope.BingoScope' -> '[Scoped: 'me.jfenn.bingo.impl.AdvancementManager',scope:me.jfenn.bingo.common.scope.BingoScope,binds:me.jfenn.bingo.platform.IAdvancementManager]'
[19:03:06] [Render thread/DEBUG] ([Koin]) (+) index 'me.jfenn.bingo.platform.IAdvancementManager::me.jfenn.bingo.common.scope.BingoScope' -> '[Scoped: 'me.jfenn.bingo.impl.AdvancementManager',scope:me.jfenn.bingo.common.scope.BingoScope,binds:me.jfenn.bingo.platform.IAdvancementManager]'
[19:03:06] [Render thread/DEBUG] ([Koin]) (+) index 'me.jfenn.bingo.impl.BossBarManager::me.jfenn.bingo.common.scope.BingoScope' -> '[Scoped: 'me.jfenn.bingo.impl.BossBarManager',scope:me.jfenn.bingo.common.scope.BingoScope,binds:me.jfenn.bingo.platform.IBossBarManager]'
[19:03:06] [Render thread/DEBUG] ([Koin]) (+) index 'me.jfenn.bingo.platform.IBossBarManager::me.jfenn.bingo.common.scope.BingoScope' -> '[Scoped: 'me.jfenn.bingo.impl.BossBarManager',scope:me.jfenn.bingo.common.scope.BingoScope,binds:me.jfenn.bingo.platform.IBossBarManager]'
[19:03:06] [Render thread/DEBUG] ([Koin]) (+) index 'me.jfenn.bingo.impl.player.ContainerMenuFactory::me.jfenn.bingo.common.scope.BingoScope' -> '[Scoped: 'me.jfenn.bingo.impl.player.ContainerMenuFactory',scope:me.jfenn.bingo.common.scope.BingoScope,binds:me.jfenn.bingo.platform.player.IContainerMenu$Factory]'
[19:03:06] [Render thread/DEBUG] ([Koin]) (+) index 'me.jfenn.bingo.platform.player.IContainerMenu$Factory::me.jfenn.bingo.common.scope.BingoScope' -> '[Scoped: 'me.jfenn.bingo.impl.player.ContainerMenuFactory',scope:me.jfenn.bingo.common.scope.BingoScope,binds:me.jfenn.bingo.platform.player.IContainerMenu$Factory]'
[19:03:06] [Render thread/DEBUG] ([Koin]) (+) index 'me.jfenn.bingo.impl.EntityManagerImpl::me.jfenn.bingo.common.scope.BingoScope' -> '[Scoped: 'me.jfenn.bingo.impl.EntityManagerImpl',scope:me.jfenn.bingo.common.scope.BingoScope,binds:me.jfenn.bingo.platform.IEntityManager]'
[19:03:06] [Render thread/DEBUG] ([Koin]) (+) index 'me.jfenn.bingo.platform.IEntityManager::me.jfenn.bingo.common.scope.BingoScope' -> '[Scoped: 'me.jfenn.bingo.impl.EntityManagerImpl',scope:me.jfenn.bingo.common.scope.BingoScope,binds:me.jfenn.bingo.platform.IEntityManager]'
[19:03:06] [Render thread/DEBUG] ([Koin]) (+) index 'me.jfenn.bingo.impl.world.GameRulesImpl::me.jfenn.bingo.common.scope.BingoScope' -> '[Scoped: 'me.jfenn.bingo.impl.world.GameRulesImpl',scope:me.jfenn.bingo.common.scope.BingoScope,binds:me.jfenn.bingo.platform.world.IGameRules]'
[19:03:06] [Render thread/DEBUG] ([Koin]) (+) index 'me.jfenn.bingo.platform.world.IGameRules::me.jfenn.bingo.common.scope.BingoScope' -> '[Scoped: 'me.jfenn.bingo.impl.world.GameRulesImpl',scope:me.jfenn.bingo.common.scope.BingoScope,binds:me.jfenn.bingo.platform.world.IGameRules]'
[19:03:06] [Render thread/DEBUG] ([Koin]) (+) index 'me.jfenn.bingo.impl.PlayerManager::me.jfenn.bingo.common.scope.BingoScope' -> '[Scoped: 'me.jfenn.bingo.impl.PlayerManager',scope:me.jfenn.bingo.common.scope.BingoScope,binds:me.jfenn.bingo.platform.IPlayerManager]'
[19:03:06] [Render thread/DEBUG] ([Koin]) (+) index 'me.jfenn.bingo.platform.IPlayerManager::me.jfenn.bingo.common.scope.BingoScope' -> '[Scoped: 'me.jfenn.bingo.impl.PlayerManager',scope:me.jfenn.bingo.common.scope.BingoScope,binds:me.jfenn.bingo.platform.IPlayerManager]'
[19:03:06] [Render thread/DEBUG] ([Koin]) (+) index 'me.jfenn.bingo.impl.TagAccessorImpl::me.jfenn.bingo.common.scope.BingoScope' -> '[Scoped: 'me.jfenn.bingo.impl.TagAccessorImpl',scope:me.jfenn.bingo.common.scope.BingoScope,binds:me.jfenn.bingo.platform.ITagAccessor]'
[19:03:06] [Render thread/DEBUG] ([Koin]) (+) index 'me.jfenn.bingo.platform.ITagAccessor::me.jfenn.bingo.common.scope.BingoScope' -> '[Scoped: 'me.jfenn.bingo.impl.TagAccessorImpl',scope:me.jfenn.bingo.common.scope.BingoScope,binds:me.jfenn.bingo.platform.ITagAccessor]'
[19:03:06] [Render thread/DEBUG] ([Koin]) (+) index 'me.jfenn.bingo.impl.TeamManager::me.jfenn.bingo.common.scope.BingoScope' -> '[Scoped: 'me.jfenn.bingo.impl.TeamManager',scope:me.jfenn.bingo.common.scope.BingoScope,binds:me.jfenn.bingo.platform.ITeamManager]'
[19:03:06] [Render thread/DEBUG] ([Koin]) (+) index 'me.jfenn.bingo.platform.ITeamManager::me.jfenn.bingo.common.scope.BingoScope' -> '[Scoped: 'me.jfenn.bingo.impl.TeamManager',scope:me.jfenn.bingo.common.scope.BingoScope,binds:me.jfenn.bingo.platform.ITeamManager]'
[19:03:06] [Render thread/DEBUG] ([Koin]) (+) index 'me.jfenn.bingo.impl.MapServiceImpl::me.jfenn.bingo.common.scope.BingoScope' -> '[Scoped: 'me.jfenn.bingo.impl.MapServiceImpl',scope:me.jfenn.bingo.common.scope.BingoScope,binds:me.jfenn.bingo.platform.IMapService]'
[19:03:06] [Render thread/DEBUG] ([Koin]) (+) index 'me.jfenn.bingo.platform.IMapService::me.jfenn.bingo.common.scope.BingoScope' -> '[Scoped: 'me.jfenn.bingo.impl.MapServiceImpl',scope:me.jfenn.bingo.common.scope.BingoScope,binds:me.jfenn.bingo.platform.IMapService]'
[19:03:06] [Render thread/DEBUG] ([Koin]) (+) index 'me.jfenn.bingo.impl.MinecraftServerImpl::me.jfenn.bingo.common.scope.BingoScope' -> '[Scoped: 'me.jfenn.bingo.impl.MinecraftServerImpl',scope:me.jfenn.bingo.common.scope.BingoScope,binds:me.jfenn.bingo.platform.IMinecraftServer]'
[19:03:06] [Render thread/DEBUG] ([Koin]) (+) index 'me.jfenn.bingo.platform.ITickManager::me.jfenn.bingo.common.scope.BingoScope' -> '[Scoped: 'me.jfenn.bingo.impl.MinecraftServerImpl',scope:me.jfenn.bingo.common.scope.BingoScope,binds:me.jfenn.bingo.platform.ITickManager]'
[19:03:06] [Render thread/DEBUG] ([Koin]) (+) index 'me.jfenn.bingo.platform.IMinecraftServer::me.jfenn.bingo.common.scope.BingoScope' -> '[Scoped: 'me.jfenn.bingo.impl.MinecraftServerImpl',scope:me.jfenn.bingo.common.scope.BingoScope,binds:me.jfenn.bingo.platform.IMinecraftServer]'
[19:03:06] [Render thread/DEBUG] ([Koin]) (+) index 'me.jfenn.bingo.impl.ItemStackFactory::me.jfenn.bingo.common.scope.BingoScope' -> '[Scoped: 'me.jfenn.bingo.impl.ItemStackFactory',scope:me.jfenn.bingo.common.scope.BingoScope,binds:me.jfenn.bingo.platform.item.IItemStackFactory]'
[19:03:06] [Render thread/DEBUG] ([Koin]) (+) index 'me.jfenn.bingo.platform.item.IItemStackFactory::me.jfenn.bingo.common.scope.BingoScope' -> '[Scoped: 'me.jfenn.bingo.impl.ItemStackFactory',scope:me.jfenn.bingo.common.scope.BingoScope,binds:me.jfenn.bingo.platform.item.IItemStackFactory]'
[19:03:06] [Render thread/DEBUG] ([Koin]) (+) index 'me.jfenn.bingo.impl.JsonSerializers::me.jfenn.bingo.common.scope.BingoScope' -> '[Scoped: 'me.jfenn.bingo.impl.JsonSerializers',scope:me.jfenn.bingo.common.scope.BingoScope,binds:me.jfenn.bingo.platform.IJsonSerializers]'
[19:03:06] [Render thread/DEBUG] ([Koin]) (+) index 'me.jfenn.bingo.platform.IJsonSerializers::me.jfenn.bingo.common.scope.BingoScope' -> '[Scoped: 'me.jfenn.bingo.impl.JsonSerializers',scope:me.jfenn.bingo.common.scope.BingoScope,binds:me.jfenn.bingo.platform.IJsonSerializers]'
[19:03:06] [Render thread/DEBUG] ([Koin]) (+) index 'me.jfenn.bingo.impl.RecipeManagerImpl::me.jfenn.bingo.common.scope.BingoScope' -> '[Scoped: 'me.jfenn.bingo.impl.RecipeManagerImpl',scope:me.jfenn.bingo.common.scope.BingoScope,binds:me.jfenn.bingo.platform.IRecipeManager]'
[19:03:06] [Render thread/DEBUG] ([Koin]) (+) index 'me.jfenn.bingo.platform.IRecipeManager::me.jfenn.bingo.common.scope.BingoScope' -> '[Scoped: 'me.jfenn.bingo.impl.RecipeManagerImpl',scope:me.jfenn.bingo.common.scope.BingoScope,binds:me.jfenn.bingo.platform.IRecipeManager]'
[19:03:06] [Render thread/DEBUG] ([Koin]) (+) index 'me.jfenn.bingo.impl.ScoreboardManager::me.jfenn.bingo.common.scope.BingoScope' -> '[Scoped: 'me.jfenn.bingo.impl.ScoreboardManager',scope:me.jfenn.bingo.common.scope.BingoScope,binds:me.jfenn.bingo.platform.scoreboard.IScoreboardManager]'
[19:03:06] [Render thread/DEBUG] ([Koin]) (+) index 'me.jfenn.bingo.platform.scoreboard.IScoreboardManager::me.jfenn.bingo.common.scope.BingoScope' -> '[Scoped: 'me.jfenn.bingo.impl.ScoreboardManager',scope:me.jfenn.bingo.common.scope.BingoScope,binds:me.jfenn.bingo.platform.scoreboard.IScoreboardManager]'
[19:03:06] [Render thread/DEBUG] ([Koin]) (+) index 'me.jfenn.bingo.impl.ServerWorldFactory::me.jfenn.bingo.common.scope.BingoScope' -> '[Scoped: 'me.jfenn.bingo.impl.ServerWorldFactory',scope:me.jfenn.bingo.common.scope.BingoScope,binds:me.jfenn.bingo.platform.IServerWorldFactory]'
[19:03:06] [Render thread/DEBUG] ([Koin]) (+) index 'me.jfenn.bingo.platform.IServerWorldFactory::me.jfenn.bingo.common.scope.BingoScope' -> '[Scoped: 'me.jfenn.bingo.impl.ServerWorldFactory',scope:me.jfenn.bingo.common.scope.BingoScope,binds:me.jfenn.bingo.platform.IServerWorldFactory]'
[19:03:06] [Render thread/DEBUG] ([Koin]) (+) index 'me.jfenn.bingo.platform.IExecutors$IServerTaskExecutor::me.jfenn.bingo.common.scope.BingoScope' -> '[Scoped: 'me.jfenn.bingo.platform.IExecutors$IServerTaskExecutor',scope:me.jfenn.bingo.common.scope.BingoScope]'
[19:03:06] [Render thread/DEBUG] ([Koin]) (+) index 'me.jfenn.bingo.impl.ModEnvironment::_root_' -> '[Singleton: 'me.jfenn.bingo.impl.ModEnvironment',binds:me.jfenn.bingo.platform.IModEnvironment]'
[19:03:06] [Render thread/DEBUG] ([Koin]) (+) index 'me.jfenn.bingo.platform.IModEnvironment::_root_' -> '[Singleton: 'me.jfenn.bingo.impl.ModEnvironment',binds:me.jfenn.bingo.platform.IModEnvironment]'
[19:03:06] [Render thread/DEBUG] ([Koin]) (+) index 'me.jfenn.bingo.common.map.MapColors::_root_' -> '[Singleton: 'me.jfenn.bingo.common.map.MapColors']'
[19:03:06] [Render thread/DEBUG] ([Koin]) (+) index 'me.jfenn.bingo.common.text.TextProvider::_root_' -> '[Singleton: 'me.jfenn.bingo.common.text.TextProvider']'
[19:03:06] [Render thread/DEBUG] ([Koin]) (+) index 'me.jfenn.bingo.common.datapack.ServerProps::_root_' -> '[Singleton: 'me.jfenn.bingo.common.datapack.ServerProps']'
[19:03:06] [Render thread/DEBUG] ([Koin]) (+) index 'me.jfenn.bingo.common.datapack.LobbyConfigService::_root_' -> '[Singleton: 'me.jfenn.bingo.common.datapack.LobbyConfigService']'
[19:03:06] [Render thread/DEBUG] ([Koin]) (+) index 'me.jfenn.bingo.common.datapack.ServerDatapackManager::_root_' -> '[Singleton: 'me.jfenn.bingo.common.datapack.ServerDatapackManager']'
[19:03:06] [Render thread/DEBUG] ([Koin]) (+) index 'me.jfenn.bingo.common.event.EventBus::_root_' -> '[Singleton: 'me.jfenn.bingo.common.event.EventBus',binds:me.jfenn.bingo.platform.event.IEventBus]'
[19:03:06] [Render thread/DEBUG] ([Koin]) (+) index 'me.jfenn.bingo.platform.event.IEventBus::_root_' -> '[Singleton: 'me.jfenn.bingo.common.event.EventBus',binds:me.jfenn.bingo.platform.event.IEventBus]'
[19:03:06] [Render thread/DEBUG] ([Koin]) (+) index 'me.jfenn.bingo.common.scope.ScopeManager::_root_' -> '[Singleton: 'me.jfenn.bingo.common.scope.ScopeManager',binds:me.jfenn.bingo.platform.scope.IScopeManager]'
[19:03:06] [Render thread/DEBUG] ([Koin]) (+) index 'me.jfenn.bingo.platform.scope.IScopeManager::_root_' -> '[Singleton: 'me.jfenn.bingo.common.scope.ScopeManager',binds:me.jfenn.bingo.platform.scope.IScopeManager]'
[19:03:06] [Render thread/DEBUG] ([Koin]) (+) index 'me.jfenn.bingo.common.event.packet.ServerPacketEvents::_root_' -> '[Singleton: 'me.jfenn.bingo.common.event.packet.ServerPacketEvents']'
[19:03:06] [Render thread/DEBUG] ([Koin]) (+) index 'me.jfenn.bingo.common.ready.ReadyTimerState::_root_' -> '[Singleton: 'me.jfenn.bingo.common.ready.ReadyTimerState']'
[19:03:06] [Render thread/DEBUG] ([Koin]) (+) index 'me.jfenn.bingo.common.commands.BingoCommand::_root_' -> '[Singleton: 'me.jfenn.bingo.common.commands.BingoCommand']'
[19:03:06] [Render thread/DEBUG] ([Koin]) (+) index 'me.jfenn.bingo.common.commands.BingoCardCommand::_root_' -> '[Singleton: 'me.jfenn.bingo.common.commands.BingoCardCommand']'
[19:03:06] [Render thread/DEBUG] ([Koin]) (+) index 'me.jfenn.bingo.common.commands.BingoDebugCommand::_root_' -> '[Singleton: 'me.jfenn.bingo.common.commands.BingoDebugCommand']'
[19:03:06] [Render thread/DEBUG] ([Koin]) (+) index 'me.jfenn.bingo.common.lobby.BingoLobbyCommand::_root_' -> '[Singleton: 'me.jfenn.bingo.common.lobby.BingoLobbyCommand']'
[19:03:06] [Render thread/DEBUG] ([Koin]) (+) index 'me.jfenn.bingo.common.commands.BingoOptionsCommands::_root_' -> '[Singleton: 'me.jfenn.bingo.common.commands.BingoOptionsCommands']'
[19:03:06] [Render thread/DEBUG] ([Koin]) (+) index 'me.jfenn.bingo.common.commands.BingoPrefsCommand::_root_' -> '[Singleton: 'me.jfenn.bingo.common.commands.BingoPrefsCommand']'
[19:03:06] [Render thread/DEBUG] ([Koin]) (+) index 'me.jfenn.bingo.common.game.GameCommands::_root_' -> '[Singleton: 'me.jfenn.bingo.common.game.GameCommands']'
[19:03:06] [Render thread/DEBUG] ([Koin]) (+) index 'me.jfenn.bingo.common.chat.ChatCommand::_root_' -> '[Singleton: 'me.jfenn.bingo.common.chat.ChatCommand']'
[19:03:06] [Render thread/DEBUG] ([Koin]) (+) index 'me.jfenn.bingo.common.chat.CoordsCommand::_root_' -> '[Singleton: 'me.jfenn.bingo.common.chat.CoordsCommand']'
[19:03:06] [Render thread/DEBUG] ([Koin]) (+) index 'me.jfenn.bingo.common.team.JoinCommand::_root_' -> '[Singleton: 'me.jfenn.bingo.common.team.JoinCommand']'
[19:03:06] [Render thread/DEBUG] ([Koin]) (+) index 'me.jfenn.bingo.common.team.ShuffleTeamsCommand::_root_' -> '[Singleton: 'me.jfenn.bingo.common.team.ShuffleTeamsCommand']'
[19:03:06] [Render thread/DEBUG] ([Koin]) (+) index 'me.jfenn.bingo.common.commands.SpectatorCommand::_root_' -> '[Singleton: 'me.jfenn.bingo.common.commands.SpectatorCommand']'
[19:03:06] [Render thread/DEBUG] ([Koin]) (+) index 'me.jfenn.bingo.common.ready.ReadyCommand::_root_' -> '[Singleton: 'me.jfenn.bingo.common.ready.ReadyCommand']'
[19:03:06] [Render thread/DEBUG] ([Koin]) (+) index 'me.jfenn.bingo.common.stats.StatsCommand::_root_' -> '[Singleton: 'me.jfenn.bingo.common.stats.StatsCommand']'
[19:03:06] [Render thread/DEBUG] ([Koin]) (+) index 'me.jfenn.bingo.common.card.filter.ObjectiveFilterCommand::_root_' -> '[Singleton: 'me.jfenn.bingo.common.card.filter.ObjectiveFilterCommand']'
[19:03:06] [Render thread/DEBUG] ([Koin]) (+) index 'me.jfenn.bingo.common.infobook.InfoBookCommand::_root_' -> '[Singleton: 'me.jfenn.bingo.common.infobook.InfoBookCommand']'
[19:03:06] [Render thread/DEBUG] ([Koin]) (+) index 'me.jfenn.bingo.common.data.DataCommands::_root_' -> '[Singleton: 'me.jfenn.bingo.common.data.DataCommands']'
[19:03:06] [Render thread/DEBUG] ([Koin]) (+) index 'me.jfenn.bingo.common.stats.ConnectionFactory::_root_' -> '[Singleton: 'me.jfenn.bingo.common.stats.ConnectionFactory']'
[19:03:06] [Render thread/DEBUG] ([Koin]) (+) index 'me.jfenn.bingo.sql.BingoDatabase::_root_' -> '[Singleton: 'me.jfenn.bingo.sql.BingoDatabase']'
[19:03:06] [Render thread/DEBUG] ([Koin]) (+) index 'me.jfenn.bingo.common.stats.StatsService::_root_' -> '[Singleton: 'me.jfenn.bingo.common.stats.StatsService']'
[19:03:06] [Render thread/DEBUG] ([Koin]) (+) index 'me.jfenn.bingo.common.config.PlayerSettingsService::_root_' -> '[Singleton: 'me.jfenn.bingo.common.config.PlayerSettingsService']'
[19:03:06] [Render thread/DEBUG] ([Koin]) (+) index 'me.jfenn.bingo.integrations.placeholders.ITextPlaceholdersApi::_root_' -> '[Singleton: 'me.jfenn.bingo.integrations.placeholders.ITextPlaceholdersApi']'
[19:03:06] [Render thread/DEBUG] ([Koin]) (+) index 'me.jfenn.bingo.integrations.placeholders.PlaceholdersIntegration::_root_' -> '[Singleton: 'me.jfenn.bingo.integrations.placeholders.PlaceholdersIntegration']'
[19:03:06] [Render thread/DEBUG] ([Koin]) (+) index 'me.jfenn.bingo.integrations.chunky.IChunkyApiFactory::_root_' -> '[Singleton: 'me.jfenn.bingo.integrations.chunky.IChunkyApiFactory']'
[19:03:06] [Render thread/DEBUG] ([Koin]) (+) index 'me.jfenn.bingo.integrations.permissions.IPermissionsApi::_root_' -> '[Singleton: 'me.jfenn.bingo.integrations.permissions.IPermissionsApi']'
[19:03:06] [Render thread/DEBUG] ([Koin]) (+) index 'me.jfenn.bingo.integrations.voice.IVoiceApi::_root_' -> '[Singleton: 'me.jfenn.bingo.integrations.voice.IVoiceApi']'
[19:03:06] [Render thread/DEBUG] ([Koin]) (+) index 'me.jfenn.bingo.common.scope.BingoPluginHolder::_root_' -> '[Singleton: 'me.jfenn.bingo.common.scope.BingoPluginHolder']'
[19:03:06] [Render thread/DEBUG] ([Koin]) (+) index 'me.jfenn.bingo.common.config.TrackedFileService::_root_' -> '[Singleton: 'me.jfenn.bingo.common.config.TrackedFileService']'
[19:03:06] [Render thread/DEBUG] ([Koin]) (+) index 'me.jfenn.bingo.common.data.FilterPresetsLoader::_root_' -> '[Singleton: 'me.jfenn.bingo.common.data.FilterPresetsLoader']'
[19:03:06] [Render thread/DEBUG] ([Koin]) (+) index 'me.jfenn.bingo.common.data.ObjectiveLoader::_root_' -> '[Singleton: 'me.jfenn.bingo.common.data.ObjectiveLoader']'
[19:03:06] [Render thread/DEBUG] ([Koin]) (+) index 'me.jfenn.bingo.common.data.ObjectiveDisplayRuleLoader::_root_' -> '[Singleton: 'me.jfenn.bingo.common.data.ObjectiveDisplayRuleLoader']'
[19:03:06] [Render thread/DEBUG] ([Koin]) (+) index 'me.jfenn.bingo.common.spawn.SpawnKitLoader::_root_' -> '[Singleton: 'me.jfenn.bingo.common.spawn.SpawnKitLoader']'
[19:03:06] [Render thread/DEBUG] ([Koin]) (+) index 'me.jfenn.bingo.common.data.TierListLoader::_root_' -> '[Singleton: 'me.jfenn.bingo.common.data.TierListLoader']'
[19:03:06] [Render thread/DEBUG] ([Koin]) (+) index 'me.jfenn.bingo.common.data.TagLoader::_root_' -> '[Singleton: 'me.jfenn.bingo.common.data.TagLoader']'
[19:03:06] [Render thread/DEBUG] ([Koin]) (+) index 'me.jfenn.bingo.common.data.TeamPresetLoader::_root_' -> '[Singleton: 'me.jfenn.bingo.common.data.TeamPresetLoader']'
[19:03:06] [Render thread/DEBUG] ([Koin]) (+) index 'me.jfenn.bingo.common.data.ObtainableItemsLoader::_root_' -> '[Singleton: 'me.jfenn.bingo.common.data.ObtainableItemsLoader']'
[19:03:06] [Render thread/DEBUG] ([Koin]) (+) index 'me.jfenn.bingo.common.text.MessageService$Loader::_root_' -> '[Singleton: 'me.jfenn.bingo.common.text.MessageService$Loader']'
[19:03:06] [Render thread/DEBUG] ([Koin]) (+) index 'me.jfenn.bingo.common.controller.DatapackFunctionService$Loader::_root_' -> '[Singleton: 'me.jfenn.bingo.common.controller.DatapackFunctionService$Loader']'
[19:03:06] [Render thread/DEBUG] ([Koin]) (+) index 'me.jfenn.bingo.common.data.ScopedData::_root_' -> '[Singleton: 'me.jfenn.bingo.common.data.ScopedData']'
[19:03:06] [Render thread/DEBUG] ([Koin]) (+) index 'me.jfenn.bingo.common.data.DataLoaderManager::_root_' -> '[Singleton: 'me.jfenn.bingo.common.data.DataLoaderManager']'
[19:03:06] [Render thread/DEBUG] ([Koin]) (+) index 'me.jfenn.bingo.koin.core.scope.Scope::me.jfenn.bingo.common.scope.BingoScope' -> '[Scoped: 'me.jfenn.bingo.koin.core.scope.Scope',scope:me.jfenn.bingo.common.scope.BingoScope]'
[19:03:06] [Render thread/DEBUG] ([Koin]) (+) index 'me.jfenn.bingo.common.event.ScopedEventBus::me.jfenn.bingo.common.scope.BingoScope' -> '[Scoped: 'me.jfenn.bingo.common.event.ScopedEventBus',scope:me.jfenn.bingo.common.scope.BingoScope,binds:me.jfenn.bingo.platform.event.IEventBus]'
[19:03:06] [Render thread/DEBUG] ([Koin]) (+) index 'me.jfenn.bingo.platform.event.IEventBus::me.jfenn.bingo.common.scope.BingoScope' -> '[Scoped: 'me.jfenn.bingo.common.event.ScopedEventBus',scope:me.jfenn.bingo.common.scope.BingoScope,binds:me.jfenn.bingo.platform.event.IEventBus]'
[19:03:06] [Render thread/DEBUG] ([Koin]) (+) index 'me.jfenn.bingo.common.event.ScopedEvents::me.jfenn.bingo.common.scope.BingoScope' -> '[Scoped: 'me.jfenn.bingo.common.event.ScopedEvents',scope:me.jfenn.bingo.common.scope.BingoScope]'
[19:03:06] [Render thread/DEBUG] ([Koin]) (+) index 'me.jfenn.bingo.common.event.InteractionEntityEvents::me.jfenn.bingo.common.scope.BingoScope' -> '[Scoped: 'me.jfenn.bingo.common.event.InteractionEntityEvents',scope:me.jfenn.bingo.common.scope.BingoScope]'
[19:03:06] [Render thread/DEBUG] ([Koin]) (+) index 'me.jfenn.bingo.common.options.OptionsService::me.jfenn.bingo.common.scope.BingoScope' -> '[Scoped: 'me.jfenn.bingo.common.options.OptionsService',scope:me.jfenn.bingo.common.scope.BingoScope]'
[19:03:06] [Render thread/DEBUG] ([Koin]) (+) index 'me.jfenn.bingo.api.options.IOptionsService::me.jfenn.bingo.common.scope.BingoScope' -> '[Scoped: 'me.jfenn.bingo.common.options.OptionsService',scope:me.jfenn.bingo.common.scope.BingoScope,binds:me.jfenn.bingo.api.options.IOptionsService]'
[19:03:06] [Render thread/DEBUG] ([Koin]) (+) index 'me.jfenn.bingo.api.CardServiceImpl::me.jfenn.bingo.common.scope.BingoScope' -> '[Scoped: 'me.jfenn.bingo.api.CardServiceImpl',scope:me.jfenn.bingo.common.scope.BingoScope,binds:me.jfenn.bingo.api.card.ICardService]'
[19:03:06] [Render thread/DEBUG] ([Koin]) (+) index 'me.jfenn.bingo.api.card.ICardService::me.jfenn.bingo.common.scope.BingoScope' -> '[Scoped: 'me.jfenn.bingo.api.CardServiceImpl',scope:me.jfenn.bingo.common.scope.BingoScope,binds:me.jfenn.bingo.api.card.ICardService]'
[19:03:06] [Render thread/DEBUG] ([Koin]) (+) index 'me.jfenn.bingo.api.BingoGameImpl::me.jfenn.bingo.common.scope.BingoScope' -> '[Scoped: 'me.jfenn.bingo.api.BingoGameImpl',scope:me.jfenn.bingo.common.scope.BingoScope,binds:me.jfenn.bingo.api.data.IBingoGame]'
[19:03:06] [Render thread/DEBUG] ([Koin]) (+) index 'me.jfenn.bingo.api.data.IBingoGame::me.jfenn.bingo.common.scope.BingoScope' -> '[Scoped: 'me.jfenn.bingo.api.BingoGameImpl',scope:me.jfenn.bingo.common.scope.BingoScope,binds:me.jfenn.bingo.api.data.IBingoGame]'
[19:03:06] [Render thread/DEBUG] ([Koin]) (+) index 'me.jfenn.bingo.api.BingoApiImpl::me.jfenn.bingo.common.scope.BingoScope' -> '[Scoped: 'me.jfenn.bingo.api.BingoApiImpl',scope:me.jfenn.bingo.common.scope.BingoScope,binds:me.jfenn.bingo.api.IBingoApi]'
[19:03:06] [Render thread/DEBUG] ([Koin]) (+) index 'me.jfenn.bingo.api.IBingoApi::me.jfenn.bingo.common.scope.BingoScope' -> '[Scoped: 'me.jfenn.bingo.api.BingoApiImpl',scope:me.jfenn.bingo.common.scope.BingoScope,binds:me.jfenn.bingo.api.IBingoApi]'
[19:03:06] [Render thread/DEBUG] ([Koin]) (+) index 'me.jfenn.bingo.common.state.PersistentStateManager::me.jfenn.bingo.common.scope.BingoScope' -> '[Scoped: 'me.jfenn.bingo.common.state.PersistentStateManager',scope:me.jfenn.bingo.common.scope.BingoScope]'
[19:03:06] [Render thread/DEBUG] ([Koin]) (+) index 'me.jfenn.bingo.common.state.PersistentStates::me.jfenn.bingo.common.scope.BingoScope' -> '[Scoped: 'me.jfenn.bingo.common.state.PersistentStates',scope:me.jfenn.bingo.common.scope.BingoScope]'
[19:03:06] [Render thread/DEBUG] ([Koin]) (+) index 'me.jfenn.bingo.common.state.BingoState::me.jfenn.bingo.common.scope.BingoScope' -> '[Scoped: 'me.jfenn.bingo.common.state.BingoState',scope:me.jfenn.bingo.common.scope.BingoScope]'
[19:03:06] [Render thread/DEBUG] ([Koin]) (+) index 'net.minecraft.server.MinecraftServer::me.jfenn.bingo.common.scope.BingoScope' -> '[Scoped: 'net.minecraft.server.MinecraftServer',scope:me.jfenn.bingo.common.scope.BingoScope]'
[19:03:06] [Render thread/DEBUG] ([Koin]) (+) index 'me.jfenn.bingo.common.options.BingoOptions::me.jfenn.bingo.common.scope.BingoScope' -> '[Scoped: 'me.jfenn.bingo.common.options.BingoOptions',scope:me.jfenn.bingo.common.scope.BingoScope]'
[19:03:06] [Render thread/DEBUG] ([Koin]) (+) index 'me.jfenn.bingo.common.text.PlaceholderService::me.jfenn.bingo.common.scope.BingoScope' -> '[Scoped: 'me.jfenn.bingo.common.text.PlaceholderService',scope:me.jfenn.bingo.common.scope.BingoScope]'
[19:03:06] [Render thread/DEBUG] ([Koin]) (+) index 'me.jfenn.bingo.common.text.MessageService::me.jfenn.bingo.common.scope.BingoScope' -> '[Scoped: 'me.jfenn.bingo.common.text.MessageService',scope:me.jfenn.bingo.common.scope.BingoScope]'
[19:03:06] [Render thread/DEBUG] ([Koin]) (+) index 'me.jfenn.bingo.common.data.DataCommandService::me.jfenn.bingo.common.scope.BingoScope' -> '[Scoped: 'me.jfenn.bingo.common.data.DataCommandService',scope:me.jfenn.bingo.common.scope.BingoScope]'
[19:03:06] [Render thread/DEBUG] ([Koin]) (+) index 'me.jfenn.bingo.common.card.TagExpansionService::me.jfenn.bingo.common.scope.BingoScope' -> '[Scoped: 'me.jfenn.bingo.common.card.TagExpansionService',scope:me.jfenn.bingo.common.scope.BingoScope]'
[19:03:06] [Render thread/DEBUG] ([Koin]) (+) index 'me.jfenn.bingo.common.card.objective.ObjectiveService::me.jfenn.bingo.common.scope.BingoScope' -> '[Scoped: 'me.jfenn.bingo.common.card.objective.ObjectiveService',scope:me.jfenn.bingo.common.scope.BingoScope]'
[19:03:06] [Render thread/DEBUG] ([Koin]) (+) index 'me.jfenn.bingo.common.card.objective.ObjectiveListService::me.jfenn.bingo.common.scope.BingoScope' -> '[Scoped: 'me.jfenn.bingo.common.card.objective.ObjectiveListService',scope:me.jfenn.bingo.common.scope.BingoScope]'
[19:03:06] [Render thread/DEBUG] ([Koin]) (+) index 'me.jfenn.bingo.common.card.objective.display.ObjectiveDisplayService::me.jfenn.bingo.common.scope.BingoScope' -> '[Scoped: 'me.jfenn.bingo.common.card.objective.display.ObjectiveDisplayService',scope:me.jfenn.bingo.common.scope.BingoScope]'
[19:03:06] [Render thread/DEBUG] ([Koin]) (+) index 'me.jfenn.bingo.common.card.objective.AdvancementObjectiveManager::me.jfenn.bingo.common.scope.BingoScope' -> '[Scoped: 'me.jfenn.bingo.common.card.objective.AdvancementObjectiveManager',scope:me.jfenn.bingo.common.scope.BingoScope]'
[19:03:06] [Render thread/DEBUG] ([Koin]) (+) index 'me.jfenn.bingo.common.card.objective.ItemObjectiveManager::me.jfenn.bingo.common.scope.BingoScope' -> '[Scoped: 'me.jfenn.bingo.common.card.objective.ItemObjectiveManager',scope:me.jfenn.bingo.common.scope.BingoScope]'
[19:03:06] [Render thread/DEBUG] ([Koin]) (+) index 'me.jfenn.bingo.common.card.objective.SomeOfObjectiveManager::me.jfenn.bingo.common.scope.BingoScope' -> '[Scoped: 'me.jfenn.bingo.common.card.objective.SomeOfObjectiveManager',scope:me.jfenn.bingo.common.scope.BingoScope]'
[19:03:06] [Render thread/DEBUG] ([Koin]) (+) index 'me.jfenn.bingo.common.card.objective.InverseObjectiveManager::me.jfenn.bingo.common.scope.BingoScope' -> '[Scoped: 'me.jfenn.bingo.common.card.objective.InverseObjectiveManager',scope:me.jfenn.bingo.common.scope.BingoScope]'
[19:03:06] [Render thread/DEBUG] ([Koin]) (+) index 'me.jfenn.bingo.common.card.objective.OpponentObjectiveManager::me.jfenn.bingo.common.scope.BingoScope' -> '[Scoped: 'me.jfenn.bingo.common.card.objective.OpponentObjectiveManager',scope:me.jfenn.bingo.common.scope.BingoScope]'
[19:03:06] [Render thread/DEBUG] ([Koin]) (+) index 'me.jfenn.bingo.common.card.objective.StatsObjectiveManager::me.jfenn.bingo.common.scope.BingoScope' -> '[Scoped: 'me.jfenn.bingo.common.card.objective.StatsObjectiveManager',scope:me.jfenn.bingo.common.scope.BingoScope]'
[19:03:06] [Render thread/DEBUG] ([Koin]) (+) index 'me.jfenn.bingo.common.card.objective.ScoreboardObjectiveManager::me.jfenn.bingo.common.scope.BingoScope' -> '[Scoped: 'me.jfenn.bingo.common.card.objective.ScoreboardObjectiveManager',scope:me.jfenn.bingo.common.scope.BingoScope]'
[19:03:06] [Render thread/DEBUG] ([Koin]) (+) index 'me.jfenn.bingo.common.card.objective.BingoObjectiveManager::me.jfenn.bingo.common.scope.BingoScope' -> '[Scoped: 'me.jfenn.bingo.common.card.objective.BingoObjectiveManager',scope:me.jfenn.bingo.common.scope.BingoScope]'
[19:03:06] [Render thread/DEBUG] ([Koin]) (+) index 'me.jfenn.bingo.common.card.tag.DataTagProvider::me.jfenn.bingo.common.scope.BingoScope' -> '[Scoped: 'me.jfenn.bingo.common.card.tag.DataTagProvider',scope:me.jfenn.bingo.common.scope.BingoScope]'
[19:03:06] [Render thread/DEBUG] ([Koin]) (+) index 'me.jfenn.bingo.common.card.tag.ObjectiveTagProvider::me.jfenn.bingo.common.scope.BingoScope' -> '[Scoped: 'me.jfenn.bingo.common.card.tag.ObjectiveTagProvider',scope:me.jfenn.bingo.common.scope.BingoScope]'
[19:03:06] [Render thread/DEBUG] ([Koin]) (+) index 'me.jfenn.bingo.common.card.tag.TierListTagProvider::me.jfenn.bingo.common.scope.BingoScope' -> '[Scoped: 'me.jfenn.bingo.common.card.tag.TierListTagProvider',scope:me.jfenn.bingo.common.scope.BingoScope]'
[19:03:06] [Render thread/DEBUG] ([Koin]) (+) index 'me.jfenn.bingo.common.card.tag.UnobtainableTagProvider::me.jfenn.bingo.common.scope.BingoScope' -> '[Scoped: 'me.jfenn.bingo.common.card.tag.UnobtainableTagProvider',scope:me.jfenn.bingo.common.scope.BingoScope]'
[19:03:06] [Render thread/DEBUG] ([Koin]) (+) index 'me.jfenn.bingo.common.card.tag.TagService::me.jfenn.bingo.common.scope.BingoScope' -> '[Scoped: 'me.jfenn.bingo.common.card.tag.TagService',scope:me.jfenn.bingo.common.scope.BingoScope]'
[19:03:06] [Render thread/DEBUG] ([Koin]) (+) index 'me.jfenn.bingo.common.card.filter.ObjectiveFilterService::me.jfenn.bingo.common.scope.BingoScope' -> '[Scoped: 'me.jfenn.bingo.common.card.filter.ObjectiveFilterService',scope:me.jfenn.bingo.common.scope.BingoScope]'
[19:03:06] [Render thread/DEBUG] ([Koin]) (+) index 'me.jfenn.bingo.common.card.CardService::me.jfenn.bingo.common.scope.BingoScope' -> '[Scoped: 'me.jfenn.bingo.common.card.CardService',scope:me.jfenn.bingo.common.scope.BingoScope]'
[19:03:06] [Render thread/DEBUG] ([Koin]) (+) index 'me.jfenn.bingo.common.lobby.LobbyModeService::me.jfenn.bingo.common.scope.BingoScope' -> '[Scoped: 'me.jfenn.bingo.common.lobby.LobbyModeService',scope:me.jfenn.bingo.common.scope.BingoScope]'
[19:03:06] [Render thread/DEBUG] ([Koin]) (+) index 'me.jfenn.bingo.common.lobby.LobbyModeController::me.jfenn.bingo.common.scope.BingoScope' -> '[Scoped: 'me.jfenn.bingo.common.lobby.LobbyModeController',scope:me.jfenn.bingo.common.scope.BingoScope]'
[19:03:06] [Render thread/DEBUG] ([Koin]) (+) index 'me.jfenn.bingo.common.stats.StatsLobbyController::me.jfenn.bingo.common.scope.BingoScope' -> '[Scoped: 'me.jfenn.bingo.common.stats.StatsLobbyController',scope:me.jfenn.bingo.common.scope.BingoScope]'
[19:03:06] [Render thread/DEBUG] ([Koin]) (+) index 'me.jfenn.bingo.common.stats.StatsSyncController::me.jfenn.bingo.common.scope.BingoScope' -> '[Scoped: 'me.jfenn.bingo.common.stats.StatsSyncController',scope:me.jfenn.bingo.common.scope.BingoScope]'
[19:03:06] [Render thread/DEBUG] ([Koin]) (+) index 'me.jfenn.bingo.common.stats.WriteStatsService::me.jfenn.bingo.common.scope.BingoScope' -> '[Scoped: 'me.jfenn.bingo.common.stats.WriteStatsService',scope:me.jfenn.bingo.common.scope.BingoScope]'
[19:03:06] [Render thread/DEBUG] ([Koin]) (+) index 'me.jfenn.bingo.common.game.GameService::me.jfenn.bingo.common.scope.BingoScope' -> '[Scoped: 'me.jfenn.bingo.common.game.GameService',scope:me.jfenn.bingo.common.scope.BingoScope]'
[19:03:06] [Render thread/DEBUG] ([Koin]) (+) index 'me.jfenn.bingo.common.game.GameOverService::me.jfenn.bingo.common.scope.BingoScope' -> '[Scoped: 'me.jfenn.bingo.common.game.GameOverService',scope:me.jfenn.bingo.common.scope.BingoScope]'
[19:03:06] [Render thread/DEBUG] ([Koin]) (+) index 'me.jfenn.bingo.common.game.GameOverController::me.jfenn.bingo.common.scope.BingoScope' -> '[Scoped: 'me.jfenn.bingo.common.game.GameOverController',scope:me.jfenn.bingo.common.scope.BingoScope]'
[19:03:06] [Render thread/DEBUG] ([Koin]) (+) index 'me.jfenn.bingo.common.game.GameResumeService::me.jfenn.bingo.common.scope.BingoScope' -> '[Scoped: 'me.jfenn.bingo.common.game.GameResumeService',scope:me.jfenn.bingo.common.scope.BingoScope]'
[19:03:06] [Render thread/DEBUG] ([Koin]) (+) index 'me.jfenn.bingo.common.game.GameWarningController::me.jfenn.bingo.common.scope.BingoScope' -> '[Scoped: 'me.jfenn.bingo.common.game.GameWarningController',scope:me.jfenn.bingo.common.scope.BingoScope]'
[19:03:06] [Render thread/DEBUG] ([Koin]) (+) index 'me.jfenn.bingo.common.infobook.InfoBookController::me.jfenn.bingo.common.scope.BingoScope' -> '[Scoped: 'me.jfenn.bingo.common.infobook.InfoBookController',scope:me.jfenn.bingo.common.scope.BingoScope]'
[19:03:06] [Render thread/DEBUG] ([Koin]) (+) index 'me.jfenn.bingo.common.infobook.InfoBookService::me.jfenn.bingo.common.scope.BingoScope' -> '[Scoped: 'me.jfenn.bingo.common.infobook.InfoBookService',scope:me.jfenn.bingo.common.scope.BingoScope]'
[19:03:06] [Render thread/DEBUG] ([Koin]) (+) index 'me.jfenn.bingo.common.reset.ResetService::me.jfenn.bingo.common.scope.BingoScope' -> '[Scoped: 'me.jfenn.bingo.common.reset.ResetService',scope:me.jfenn.bingo.common.scope.BingoScope]'
[19:03:06] [Render thread/DEBUG] ([Koin]) (+) index 'me.jfenn.bingo.common.ready.ReadyService::me.jfenn.bingo.common.scope.BingoScope' -> '[Scoped: 'me.jfenn.bingo.common.ready.ReadyService',scope:me.jfenn.bingo.common.scope.BingoScope]'
[19:03:06] [Render thread/DEBUG] ([Koin]) (+) index 'me.jfenn.bingo.common.ready.ReadyController::me.jfenn.bingo.common.scope.BingoScope' -> '[Scoped: 'me.jfenn.bingo.common.ready.ReadyController',scope:me.jfenn.bingo.common.scope.BingoScope]'
[19:03:06] [Render thread/DEBUG] ([Koin]) (+) index 'me.jfenn.bingo.common.chat.ChatMessageService::me.jfenn.bingo.common.scope.BingoScope' -> '[Scoped: 'me.jfenn.bingo.common.chat.ChatMessageService',scope:me.jfenn.bingo.common.scope.BingoScope]'
[19:03:06] [Render thread/DEBUG] ([Koin]) (+) index 'me.jfenn.bingo.common.chat.ChatMessageController::me.jfenn.bingo.common.scope.BingoScope' -> '[Scoped: 'me.jfenn.bingo.common.chat.ChatMessageController',scope:me.jfenn.bingo.common.scope.BingoScope]'
[19:03:06] [Render thread/DEBUG] ([Koin]) (+) index 'me.jfenn.bingo.common.map.MapItemService::me.jfenn.bingo.common.scope.BingoScope' -> '[Scoped: 'me.jfenn.bingo.common.map.MapItemService',scope:me.jfenn.bingo.common.scope.BingoScope]'
[19:03:06] [Render thread/DEBUG] ([Koin]) (+) index 'me.jfenn.bingo.common.map.MapRenderService::me.jfenn.bingo.common.scope.BingoScope' -> '[Scoped: 'me.jfenn.bingo.common.map.MapRenderService',scope:me.jfenn.bingo.common.scope.BingoScope]'
[19:03:06] [Render thread/DEBUG] ([Koin]) (+) index 'me.jfenn.bingo.common.map.CardViewService::me.jfenn.bingo.common.scope.BingoScope' -> '[Scoped: 'me.jfenn.bingo.common.map.CardViewService',scope:me.jfenn.bingo.common.scope.BingoScope]'
[19:03:06] [Render thread/DEBUG] ([Koin]) (+) index 'me.jfenn.bingo.common.map.CardImageService::me.jfenn.bingo.common.scope.BingoScope' -> '[Scoped: 'me.jfenn.bingo.common.map.CardImageService',scope:me.jfenn.bingo.common.scope.BingoScope]'
[19:03:06] [Render thread/DEBUG] ([Koin]) (+) index 'me.jfenn.bingo.common.scoreboard.ScoreboardService::me.jfenn.bingo.common.scope.BingoScope' -> '[Scoped: 'me.jfenn.bingo.common.scoreboard.ScoreboardService',scope:me.jfenn.bingo.common.scope.BingoScope]'
[19:03:06] [Render thread/DEBUG] ([Koin]) (+) index 'me.jfenn.bingo.common.game.GameStatusController::me.jfenn.bingo.common.scope.BingoScope' -> '[Scoped: 'me.jfenn.bingo.common.game.GameStatusController',scope:me.jfenn.bingo.common.scope.BingoScope]'
[19:03:06] [Render thread/DEBUG] ([Koin]) (+) index 'me.jfenn.bingo.common.scoring.GameMessageService::me.jfenn.bingo.common.scope.BingoScope' -> '[Scoped: 'me.jfenn.bingo.common.scoring.GameMessageService',scope:me.jfenn.bingo.common.scope.BingoScope]'
[19:03:06] [Render thread/DEBUG] ([Koin]) (+) index 'me.jfenn.bingo.common.scoring.GameMessageController::me.jfenn.bingo.common.scope.BingoScope' -> '[Scoped: 'me.jfenn.bingo.common.scoring.GameMessageController',scope:me.jfenn.bingo.common.scope.BingoScope]'
[19:03:06] [Render thread/DEBUG] ([Koin]) (+) index 'me.jfenn.bingo.common.scoring.ScoredItemCheck::me.jfenn.bingo.common.scope.BingoScope' -> '[Scoped: 'me.jfenn.bingo.common.scoring.ScoredItemCheck',scope:me.jfenn.bingo.common.scope.BingoScope]'
[19:03:06] [Render thread/DEBUG] ([Koin]) (+) index 'me.jfenn.bingo.common.scoring.ScoreUpdateService::me.jfenn.bingo.common.scope.BingoScope' -> '[Scoped: 'me.jfenn.bingo.common.scoring.ScoreUpdateService',scope:me.jfenn.bingo.common.scope.BingoScope]'
[19:03:06] [Render thread/DEBUG] ([Koin]) (+) index 'me.jfenn.bingo.common.menu.tooltips.TooltipState::me.jfenn.bingo.common.scope.BingoScope' -> '[Scoped: 'me.jfenn.bingo.common.menu.tooltips.TooltipState',scope:me.jfenn.bingo.common.scope.BingoScope]'
[19:03:06] [Render thread/DEBUG] ([Koin]) (+) index 'me.jfenn.bingo.common.menu.tooltips.TooltipController::me.jfenn.bingo.common.scope.BingoScope' -> '[Scoped: 'me.jfenn.bingo.common.menu.tooltips.TooltipController',scope:me.jfenn.bingo.common.scope.BingoScope]'
[19:03:06] [Render thread/DEBUG] ([Koin]) (+) index 'me.jfenn.bingo.common.menu.MenuController::me.jfenn.bingo.common.scope.BingoScope' -> '[Scoped: 'me.jfenn.bingo.common.menu.MenuController',scope:me.jfenn.bingo.common.scope.BingoScope]'
[19:03:06] [Render thread/DEBUG] ([Koin]) (+) index 'me.jfenn.bingo.common.menu.poi.MenuPoiState::me.jfenn.bingo.common.scope.BingoScope' -> '[Scoped: 'me.jfenn.bingo.common.menu.poi.MenuPoiState',scope:me.jfenn.bingo.common.scope.BingoScope]'
[19:03:06] [Render thread/DEBUG] ([Koin]) (+) index 'me.jfenn.bingo.common.menu.poi.MenuPoiController::me.jfenn.bingo.common.scope.BingoScope' -> '[Scoped: 'me.jfenn.bingo.common.menu.poi.MenuPoiController',scope:me.jfenn.bingo.common.scope.BingoScope]'
[19:03:06] [Render thread/DEBUG] ([Koin]) (+) index 'me.jfenn.bingo.common.lobby.LobbyWorldService::me.jfenn.bingo.common.scope.BingoScope' -> '[Scoped: 'me.jfenn.bingo.common.lobby.LobbyWorldService',scope:me.jfenn.bingo.common.scope.BingoScope]'
[19:03:06] [Render thread/DEBUG] ([Koin]) (+) index 'me.jfenn.bingo.common.lobby.LobbyWorldController::me.jfenn.bingo.common.scope.BingoScope' -> '[Scoped: 'me.jfenn.bingo.common.lobby.LobbyWorldController',scope:me.jfenn.bingo.common.scope.BingoScope]'
[19:03:06] [Render thread/DEBUG] ([Koin]) (+) index 'me.jfenn.bingo.common.bossbar.BossBarService::me.jfenn.bingo.common.scope.BingoScope' -> '[Scoped: 'me.jfenn.bingo.common.bossbar.BossBarService',scope:me.jfenn.bingo.common.scope.BingoScope]'
[19:03:06] [Render thread/DEBUG] ([Koin]) (+) index 'me.jfenn.bingo.common.bossbar.BossBarController::me.jfenn.bingo.common.scope.BingoScope' -> '[Scoped: 'me.jfenn.bingo.common.bossbar.BossBarController',scope:me.jfenn.bingo.common.scope.BingoScope]'
[19:03:06] [Render thread/DEBUG] ([Koin]) (+) index 'me.jfenn.bingo.common.map.BingoMapController::me.jfenn.bingo.common.scope.BingoScope' -> '[Scoped: 'me.jfenn.bingo.common.map.BingoMapController',scope:me.jfenn.bingo.common.scope.BingoScope]'
[19:03:06] [Render thread/DEBUG] ([Koin]) (+) index 'me.jfenn.bingo.common.controller.DatapackFunctionService::me.jfenn.bingo.common.scope.BingoScope' -> '[Scoped: 'me.jfenn.bingo.common.controller.DatapackFunctionService',scope:me.jfenn.bingo.common.scope.BingoScope]'
[19:03:06] [Render thread/DEBUG] ([Koin]) (+) index 'me.jfenn.bingo.common.controller.GameRuleController::me.jfenn.bingo.common.scope.BingoScope' -> '[Scoped: 'me.jfenn.bingo.common.controller.GameRuleController',scope:me.jfenn.bingo.common.scope.BingoScope]'
[19:03:06] [Render thread/DEBUG] ([Koin]) (+) index 'me.jfenn.bingo.common.controller.LobbyChaosController::me.jfenn.bingo.common.scope.BingoScope' -> '[Scoped: 'me.jfenn.bingo.common.controller.LobbyChaosController',scope:me.jfenn.bingo.common.scope.BingoScope]'
[19:03:06] [Render thread/DEBUG] ([Koin]) (+) index 'me.jfenn.bingo.common.map.MapItemController::me.jfenn.bingo.common.scope.BingoScope' -> '[Scoped: 'me.jfenn.bingo.common.map.MapItemController',scope:me.jfenn.bingo.common.scope.BingoScope]'
[19:03:06] [Render thread/DEBUG] ([Koin]) (+) index 'me.jfenn.bingo.common.map.MapItemHandler::me.jfenn.bingo.common.scope.BingoScope' -> '[Scoped: 'me.jfenn.bingo.common.map.MapItemHandler',scope:me.jfenn.bingo.common.scope.BingoScope]'
[19:03:06] [Render thread/DEBUG] ([Koin]) (+) index 'me.jfenn.bingo.common.controller.MotdController::me.jfenn.bingo.common.scope.BingoScope' -> '[Scoped: 'me.jfenn.bingo.common.controller.MotdController',scope:me.jfenn.bingo.common.scope.BingoScope]'
[19:03:06] [Render thread/DEBUG] ([Koin]) (+) index 'me.jfenn.bingo.common.controller.NightVisionController::me.jfenn.bingo.common.scope.BingoScope' -> '[Scoped: 'me.jfenn.bingo.common.controller.NightVisionController',scope:me.jfenn.bingo.common.scope.BingoScope]'
[19:03:06] [Render thread/DEBUG] ([Koin]) (+) index 'me.jfenn.bingo.common.controller.PlayerSettingsController::me.jfenn.bingo.common.scope.BingoScope' -> '[Scoped: 'me.jfenn.bingo.common.controller.PlayerSettingsController',scope:me.jfenn.bingo.common.scope.BingoScope]'
[19:03:06] [Render thread/DEBUG] ([Koin]) (+) index 'me.jfenn.bingo.common.controller.PlayerSpectatorController::me.jfenn.bingo.common.scope.BingoScope' -> '[Scoped: 'me.jfenn.bingo.common.controller.PlayerSpectatorController',scope:me.jfenn.bingo.common.scope.BingoScope]'
[19:03:06] [Render thread/DEBUG] ([Koin]) (+) index 'me.jfenn.bingo.common.scoreboard.ScoreboardDataController::me.jfenn.bingo.common.scope.BingoScope' -> '[Scoped: 'me.jfenn.bingo.common.scoreboard.ScoreboardDataController',scope:me.jfenn.bingo.common.scope.BingoScope]'
[19:03:06] [Render thread/DEBUG] ([Koin]) (+) index 'me.jfenn.bingo.common.scoreboard.ScoreboardController::me.jfenn.bingo.common.scope.BingoScope' -> '[Scoped: 'me.jfenn.bingo.common.scoreboard.ScoreboardController',scope:me.jfenn.bingo.common.scope.BingoScope]'
[19:03:06] [Render thread/DEBUG] ([Koin]) (+) index 'me.jfenn.bingo.common.spawn.ChestService::me.jfenn.bingo.common.scope.BingoScope' -> '[Scoped: 'me.jfenn.bingo.common.spawn.ChestService',scope:me.jfenn.bingo.common.scope.BingoScope]'
[19:03:06] [Render thread/DEBUG] ([Koin]) (+) index 'me.jfenn.bingo.common.spawn.ChestController::me.jfenn.bingo.common.scope.BingoScope' -> '[Scoped: 'me.jfenn.bingo.common.spawn.ChestController',scope:me.jfenn.bingo.common.scope.BingoScope]'
[19:03:06] [Render thread/DEBUG] ([Koin]) (+) index 'me.jfenn.bingo.common.spawn.ElytraService::me.jfenn.bingo.common.scope.BingoScope' -> '[Scoped: 'me.jfenn.bingo.common.spawn.ElytraService',scope:me.jfenn.bingo.common.scope.BingoScope]'
[19:03:06] [Render thread/DEBUG] ([Koin]) (+) index 'me.jfenn.bingo.common.spawn.SpawnService::me.jfenn.bingo.common.scope.BingoScope' -> '[Scoped: 'me.jfenn.bingo.common.spawn.SpawnService',scope:me.jfenn.bingo.common.scope.BingoScope]'
[19:03:06] [Render thread/DEBUG] ([Koin]) (+) index 'me.jfenn.bingo.common.spawn.SpawnKitService::me.jfenn.bingo.common.scope.BingoScope' -> '[Scoped: 'me.jfenn.bingo.common.spawn.SpawnKitService',scope:me.jfenn.bingo.common.scope.BingoScope]'
[19:03:06] [Render thread/DEBUG] ([Koin]) (+) index 'me.jfenn.bingo.common.spawn.SpreadPlayers$Factory::me.jfenn.bingo.common.scope.BingoScope' -> '[Scoped: 'me.jfenn.bingo.common.spawn.SpreadPlayers$Factory',scope:me.jfenn.bingo.common.scope.BingoScope]'
[19:03:06] [Render thread/DEBUG] ([Koin]) (+) index 'me.jfenn.bingo.common.spawn.PlayerController::me.jfenn.bingo.common.scope.BingoScope' -> '[Scoped: 'me.jfenn.bingo.common.spawn.PlayerController',scope:me.jfenn.bingo.common.scope.BingoScope]'
[19:03:06] [Render thread/DEBUG] ([Koin]) (+) index 'me.jfenn.bingo.common.spawn.SpawnPreloadingController::me.jfenn.bingo.common.scope.BingoScope' -> '[Scoped: 'me.jfenn.bingo.common.spawn.SpawnPreloadingController',scope:me.jfenn.bingo.common.scope.BingoScope]'
[19:03:06] [Render thread/DEBUG] ([Koin]) (+) index 'me.jfenn.bingo.common.team.OfflinePlayerCache::me.jfenn.bingo.common.scope.BingoScope' -> '[Scoped: 'me.jfenn.bingo.common.team.OfflinePlayerCache',scope:me.jfenn.bingo.common.scope.BingoScope]'
[19:03:06] [Render thread/DEBUG] ([Koin]) (+) index 'me.jfenn.bingo.common.team.TeamService::me.jfenn.bingo.common.scope.BingoScope' -> '[Scoped: 'me.jfenn.bingo.common.team.TeamService',scope:me.jfenn.bingo.common.scope.BingoScope]'
[19:03:06] [Render thread/DEBUG] ([Koin]) (+) index 'me.jfenn.bingo.common.team.TeamController::me.jfenn.bingo.common.scope.BingoScope' -> '[Scoped: 'me.jfenn.bingo.common.team.TeamController',scope:me.jfenn.bingo.common.scope.BingoScope]'
[19:03:06] [Render thread/DEBUG] ([Koin]) (+) index 'me.jfenn.bingo.common.timer.CountdownService::me.jfenn.bingo.common.scope.BingoScope' -> '[Scoped: 'me.jfenn.bingo.common.timer.CountdownService',scope:me.jfenn.bingo.common.scope.BingoScope]'
[19:03:06] [Render thread/DEBUG] ([Koin]) (+) index 'me.jfenn.bingo.common.timer.CountdownController::me.jfenn.bingo.common.scope.BingoScope' -> '[Scoped: 'me.jfenn.bingo.common.timer.CountdownController',scope:me.jfenn.bingo.common.scope.BingoScope]'
[19:03:06] [Render thread/DEBUG] ([Koin]) (+) index 'me.jfenn.bingo.common.timer.TimerCheck::me.jfenn.bingo.common.scope.BingoScope' -> '[Scoped: 'me.jfenn.bingo.common.timer.TimerCheck',scope:me.jfenn.bingo.common.scope.BingoScope]'
[19:03:06] [Render thread/DEBUG] ([Koin]) (+) index 'me.jfenn.bingo.common.timer.TimerPacketController::me.jfenn.bingo.common.scope.BingoScope' -> '[Scoped: 'me.jfenn.bingo.common.timer.TimerPacketController',scope:me.jfenn.bingo.common.scope.BingoScope]'
[19:03:06] [Render thread/DEBUG] ([Koin]) (+) index 'me.jfenn.bingo.common.timer.WaitUntilLoadedController::me.jfenn.bingo.common.scope.BingoScope' -> '[Scoped: 'me.jfenn.bingo.common.timer.WaitUntilLoadedController',scope:me.jfenn.bingo.common.scope.BingoScope]'
[19:03:06] [Render thread/DEBUG] ([Koin]) (+) index 'me.jfenn.bingo.common.reset.ResetOnLeaveController::me.jfenn.bingo.common.scope.BingoScope' -> '[Scoped: 'me.jfenn.bingo.common.reset.ResetOnLeaveController',scope:me.jfenn.bingo.common.scope.BingoScope]'
[19:03:06] [Render thread/DEBUG] ([Koin]) (+) index 'me.jfenn.bingo.common.commands.CommandTreeHandler::me.jfenn.bingo.common.scope.BingoScope' -> '[Scoped: 'me.jfenn.bingo.common.commands.CommandTreeHandler',scope:me.jfenn.bingo.common.scope.BingoScope]'
[19:03:06] [Render thread/DEBUG] ([Koin]) (+) index 'me.jfenn.bingo.integrations.vanish.IVanishApi::me.jfenn.bingo.common.scope.BingoScope' -> '[Scoped: 'me.jfenn.bingo.integrations.vanish.IVanishApi',scope:me.jfenn.bingo.common.scope.BingoScope]'
[19:03:06] [Render thread/DEBUG] ([Koin]) (+) index 'me.jfenn.bingo.integrations.chunky.IChunkyApi::me.jfenn.bingo.common.scope.BingoScope' -> '[Scoped: 'me.jfenn.bingo.integrations.chunky.IChunkyApi',scope:me.jfenn.bingo.common.scope.BingoScope]'
[19:03:06] [Render thread/DEBUG] ([Koin]) (+) index 'me.jfenn.bingo.integrations.chunky.ChunkyController::me.jfenn.bingo.common.scope.BingoScope' -> '[Scoped: 'me.jfenn.bingo.integrations.chunky.ChunkyController',scope:me.jfenn.bingo.common.scope.BingoScope]'
[19:03:06] [Render thread/DEBUG] ([Koin]) (+) index 'me.jfenn.bingo.integrations.voice.VoiceGroupController::me.jfenn.bingo.common.scope.BingoScope' -> '[Scoped: 'me.jfenn.bingo.integrations.voice.VoiceGroupController',scope:me.jfenn.bingo.common.scope.BingoScope]'
[19:03:06] [Render thread/DEBUG] ([Koin]) (+) index 'me.jfenn.bingo.mixinhandler.PlayerAdvancementTrackerMixinHelper::me.jfenn.bingo.common.scope.BingoScope' -> '[Scoped: 'me.jfenn.bingo.mixinhandler.PlayerAdvancementTrackerMixinHelper',scope:me.jfenn.bingo.common.scope.BingoScope]'
[19:03:06] [Render thread/DEBUG] ([Koin]) (+) index 'me.jfenn.bingo.mixinhandler.PlayerEntityMixinHandler::me.jfenn.bingo.common.scope.BingoScope' -> '[Scoped: 'me.jfenn.bingo.mixinhandler.PlayerEntityMixinHandler',scope:me.jfenn.bingo.common.scope.BingoScope]'
[19:03:06] [Render thread/DEBUG] ([Koin]) (+) index 'me.jfenn.bingo.mixinhandler.PlayerManagerMixinHelper::me.jfenn.bingo.common.scope.BingoScope' -> '[Scoped: 'me.jfenn.bingo.mixinhandler.PlayerManagerMixinHelper',scope:me.jfenn.bingo.common.scope.BingoScope]'
[19:03:06] [Render thread/DEBUG] ([Koin]) (+) index 'me.jfenn.bingo.koin.core.Koin::_root_' -> '[Singleton: 'me.jfenn.bingo.koin.core.Koin']'
[19:03:06] [Render thread/DEBUG] ([Koin]) (+) index 'org.slf4j.Logger::_root_' -> '[Singleton: 'org.slf4j.Logger']'
[19:03:06] [Render thread/DEBUG] ([Koin]) (+) index 'me.jfenn.bingo.common.config.MigrationHandler::_root_' -> '[Singleton: 'me.jfenn.bingo.common.config.MigrationHandler']'
[19:03:06] [Render thread/DEBUG] ([Koin]) (+) index 'me.jfenn.bingo.common.config.ConfigManager::_root_' -> '[Singleton: 'me.jfenn.bingo.common.config.ConfigManager',binds:me.jfenn.bingo.platform.config.IConfigManager]'
[19:03:06] [Render thread/DEBUG] ([Koin]) (+) index 'me.jfenn.bingo.platform.config.IConfigManager::_root_' -> '[Singleton: 'me.jfenn.bingo.common.config.ConfigManager',binds:me.jfenn.bingo.platform.config.IConfigManager]'
[19:03:06] [Render thread/DEBUG] ([Koin]) (+) index 'me.jfenn.bingo.common.config.ConfigService::_root_' -> '[Singleton: 'me.jfenn.bingo.common.config.ConfigService']'
[19:03:06] [Render thread/DEBUG] ([Koin]) (+) index 'me.jfenn.bingo.common.config.BingoConfig::_root_' -> '[Singleton: 'me.jfenn.bingo.common.config.BingoConfig']'
[19:03:06] [Render thread/DEBUG] ([Koin]) (+) index 'me.jfenn.bingo.common.config.ClientConfig::_root_' -> '[Singleton: 'me.jfenn.bingo.common.config.ClientConfig']'
[19:03:06] [Render thread/DEBUG] ([Koin]) (+) index 'me.jfenn.bingo.client.impl.event.ClientCloseEvent::_root_' -> '[Singleton: 'me.jfenn.bingo.client.impl.event.ClientCloseEvent']'
[19:03:06] [Render thread/DEBUG] ([Koin]) (+) index 'me.jfenn.bingo.client.impl.event.ClientEventsImpl::_root_' -> '[Singleton: 'me.jfenn.bingo.client.impl.event.ClientEventsImpl']'
[19:03:06] [Render thread/DEBUG] ([Koin]) (+) index 'me.jfenn.bingo.client.impl.screen.ScreenFactory::_root_' -> '[Singleton: 'me.jfenn.bingo.client.impl.screen.ScreenFactory',binds:me.jfenn.bingo.client.platform.screen.IScreenFactory]'
[19:03:06] [Render thread/DEBUG] ([Koin]) (+) index 'me.jfenn.bingo.client.platform.screen.IScreenFactory::_root_' -> '[Singleton: 'me.jfenn.bingo.client.impl.screen.ScreenFactory',binds:me.jfenn.bingo.client.platform.screen.IScreenFactory]'
[19:03:06] [Render thread/DEBUG] ([Koin]) (+) index 'me.jfenn.bingo.client.impl.screen.button.ButtonFactory::_root_' -> '[Singleton: 'me.jfenn.bingo.client.impl.screen.button.ButtonFactory',binds:me.jfenn.bingo.client.platform.screen.IButtonFactory]'
[19:03:06] [Render thread/DEBUG] ([Koin]) (+) index 'me.jfenn.bingo.client.platform.screen.IButtonFactory::_root_' -> '[Singleton: 'me.jfenn.bingo.client.impl.screen.button.ButtonFactory',binds:me.jfenn.bingo.client.platform.screen.IButtonFactory]'
[19:03:06] [Render thread/DEBUG] ([Koin]) (+) index 'me.jfenn.bingo.client.impl.ClientImpl::_root_' -> '[Singleton: 'me.jfenn.bingo.client.impl.ClientImpl',binds:me.jfenn.bingo.client.platform.IClient]'
[19:03:06] [Render thread/DEBUG] ([Koin]) (+) index 'me.jfenn.bingo.client.platform.IClient::_root_' -> '[Singleton: 'me.jfenn.bingo.client.impl.ClientImpl',binds:me.jfenn.bingo.client.platform.IClient]'
[19:03:06] [Render thread/DEBUG] ([Koin]) (+) index 'me.jfenn.bingo.client.impl.ClientNetworkingImpl::_root_' -> '[Singleton: 'me.jfenn.bingo.client.impl.ClientNetworkingImpl',binds:me.jfenn.bingo.client.platform.IClientNetworking]'
[19:03:06] [Render thread/DEBUG] ([Koin]) (+) index 'me.jfenn.bingo.client.platform.IClientNetworking::_root_' -> '[Singleton: 'me.jfenn.bingo.client.impl.ClientNetworkingImpl',binds:me.jfenn.bingo.client.platform.IClientNetworking]'
[19:03:06] [Render thread/DEBUG] ([Koin]) (+) index 'me.jfenn.bingo.client.impl.ClientSoundManager::_root_' -> '[Singleton: 'me.jfenn.bingo.client.impl.ClientSoundManager',binds:me.jfenn.bingo.client.platform.IClientSoundManager]'
[19:03:06] [Render thread/DEBUG] ([Koin]) (+) index 'me.jfenn.bingo.client.platform.IClientSoundManager::_root_' -> '[Singleton: 'me.jfenn.bingo.client.impl.ClientSoundManager',binds:me.jfenn.bingo.client.platform.IClientSoundManager]'
[19:03:06] [Render thread/DEBUG] ([Koin]) (+) index 'me.jfenn.bingo.client.impl.draw.DrawService$Companion::_root_' -> '[Singleton: 'me.jfenn.bingo.client.impl.draw.DrawService$Companion',binds:me.jfenn.bingo.client.platform.renderer.IDrawServiceFactory]'
[19:03:06] [Render thread/DEBUG] ([Koin]) (+) index 'me.jfenn.bingo.client.platform.renderer.IDrawServiceFactory::_root_' -> '[Singleton: 'me.jfenn.bingo.client.impl.draw.DrawService$Companion',binds:me.jfenn.bingo.client.platform.renderer.IDrawServiceFactory]'
[19:03:06] [Render thread/DEBUG] ([Koin]) (+) index 'me.jfenn.bingo.client.impl.HudCallbackImpl::_root_' -> '[Singleton: 'me.jfenn.bingo.client.impl.HudCallbackImpl']'
[19:03:06] [Render thread/DEBUG] ([Koin]) (+) index 'me.jfenn.bingo.client.impl.KeyBindingManager::_root_' -> '[Singleton: 'me.jfenn.bingo.client.impl.KeyBindingManager',binds:me.jfenn.bingo.client.platform.IKeyBindingManager]'
[19:03:06] [Render thread/DEBUG] ([Koin]) (+) index 'me.jfenn.bingo.client.platform.IKeyBindingManager::_root_' -> '[Singleton: 'me.jfenn.bingo.client.impl.KeyBindingManager',binds:me.jfenn.bingo.client.platform.IKeyBindingManager]'
[19:03:06] [Render thread/DEBUG] ([Koin]) (+) index 'me.jfenn.bingo.client.impl.NativeImageFactory::_root_' -> '[Singleton: 'me.jfenn.bingo.client.impl.NativeImageFactory',binds:me.jfenn.bingo.client.platform.INativeImageFactory]'
[19:03:06] [Render thread/DEBUG] ([Koin]) (+) index 'me.jfenn.bingo.client.platform.INativeImageFactory::_root_' -> '[Singleton: 'me.jfenn.bingo.client.impl.NativeImageFactory',binds:me.jfenn.bingo.client.platform.INativeImageFactory]'
[19:03:06] [Render thread/DEBUG] ([Koin]) (+) index 'me.jfenn.bingo.client.impl.ScrollableWidgetFactory::_root_' -> '[Singleton: 'me.jfenn.bingo.client.impl.ScrollableWidgetFactory',binds:me.jfenn.bingo.client.platform.IScrollableWidgetFactory]'
[19:03:06] [Render thread/DEBUG] ([Koin]) (+) index 'me.jfenn.bingo.client.platform.IScrollableWidgetFactory::_root_' -> '[Singleton: 'me.jfenn.bingo.client.impl.ScrollableWidgetFactory',binds:me.jfenn.bingo.client.platform.IScrollableWidgetFactory]'
[19:03:06] [Render thread/DEBUG] ([Koin]) (+) index 'me.jfenn.bingo.client.impl.OptionsAccessor::_root_' -> '[Singleton: 'me.jfenn.bingo.client.impl.OptionsAccessor',binds:me.jfenn.bingo.client.platform.IOptionsAccessor]'
[19:03:06] [Render thread/DEBUG] ([Koin]) (+) index 'me.jfenn.bingo.client.platform.IOptionsAccessor::_root_' -> '[Singleton: 'me.jfenn.bingo.client.impl.OptionsAccessor',binds:me.jfenn.bingo.client.platform.IOptionsAccessor]'
[19:03:06] [Render thread/DEBUG] ([Koin]) (+) index 'me.jfenn.bingo.client.impl.ResourcePackManager::_root_' -> '[Singleton: 'me.jfenn.bingo.client.impl.ResourcePackManager',binds:me.jfenn.bingo.client.platform.IResourcePackManager]'
[19:03:06] [Render thread/DEBUG] ([Koin]) (+) index 'me.jfenn.bingo.client.platform.IResourcePackManager::_root_' -> '[Singleton: 'me.jfenn.bingo.client.impl.ResourcePackManager',binds:me.jfenn.bingo.client.platform.IResourcePackManager]'
[19:03:06] [Render thread/DEBUG] ([Koin]) (+) index 'me.jfenn.bingo.client.impl.SessionAccessor::_root_' -> '[Singleton: 'me.jfenn.bingo.client.impl.SessionAccessor',binds:me.jfenn.bingo.client.platform.ISessionAccessor]'
[19:03:06] [Render thread/DEBUG] ([Koin]) (+) index 'me.jfenn.bingo.client.platform.ISessionAccessor::_root_' -> '[Singleton: 'me.jfenn.bingo.client.impl.SessionAccessor',binds:me.jfenn.bingo.client.platform.ISessionAccessor]'
[19:03:06] [Render thread/DEBUG] ([Koin]) (+) index 'me.jfenn.bingo.client.impl.TabsWidgetFactory::_root_' -> '[Singleton: 'me.jfenn.bingo.client.impl.TabsWidgetFactory',binds:me.jfenn.bingo.client.platform.ITabsWidgetFactory]'
[19:03:06] [Render thread/DEBUG] ([Koin]) (+) index 'me.jfenn.bingo.client.platform.ITabsWidgetFactory::_root_' -> '[Singleton: 'me.jfenn.bingo.client.impl.TabsWidgetFactory',binds:me.jfenn.bingo.client.platform.ITabsWidgetFactory]'
[19:03:06] [Render thread/DEBUG] ([Koin]) (+) index 'me.jfenn.bingo.client.world.BingoWorldState::_root_' -> '[Singleton: 'me.jfenn.bingo.client.world.BingoWorldState']'
[19:03:06] [Render thread/DEBUG] ([Koin]) (+) index 'me.jfenn.bingo.client.world.WorldServiceImpl::_root_' -> '[Singleton: 'me.jfenn.bingo.client.world.WorldServiceImpl',binds:me.jfenn.bingo.client.platform.IWorldService]'
[19:03:06] [Render thread/DEBUG] ([Koin]) (+) index 'me.jfenn.bingo.client.platform.IWorldService::_root_' -> '[Singleton: 'me.jfenn.bingo.client.world.WorldServiceImpl',binds:me.jfenn.bingo.client.platform.IWorldService]'
[19:03:06] [Render thread/DEBUG] ([Koin]) (+) index 'me.jfenn.bingo.client.world.BingoWorldController::_root_' -> '[Singleton: 'me.jfenn.bingo.client.world.BingoWorldController']'
[19:03:06] [Render thread/DEBUG] ([Koin]) (+) index 'me.jfenn.bingo.client.common.packet.ClientPacketEvents::_root_' -> '[Singleton: 'me.jfenn.bingo.client.common.packet.ClientPacketEvents']'
[19:03:06] [Render thread/DEBUG] ([Koin]) (+) index 'me.jfenn.bingo.client.common.state.BingoHudState::_root_' -> '[Singleton: 'me.jfenn.bingo.client.common.state.BingoHudState']'
[19:03:06] [Render thread/DEBUG] ([Koin]) (+) index 'me.jfenn.bingo.client.common.hud.card.ClientCardBufferRenderer::_root_' -> '[Singleton: 'me.jfenn.bingo.client.common.hud.card.ClientCardBufferRenderer']'
[19:03:06] [Render thread/DEBUG] ([Koin]) (+) index 'me.jfenn.bingo.client.common.hud.card.ClientCardRenderer::_root_' -> '[Singleton: 'me.jfenn.bingo.client.common.hud.card.ClientCardRenderer']'
[19:03:06] [Render thread/DEBUG] ([Koin]) (+) index 'me.jfenn.bingo.client.common.hud.card.ClientCardManager::_root_' -> '[Singleton: 'me.jfenn.bingo.client.common.hud.card.ClientCardManager']'
[19:03:06] [Render thread/DEBUG] ([Koin]) (+) index 'me.jfenn.bingo.client.common.hud.BingoMessageRenderer::_root_' -> '[Singleton: 'me.jfenn.bingo.client.common.hud.BingoMessageRenderer']'
[19:03:06] [Render thread/DEBUG] ([Koin]) (+) index 'me.jfenn.bingo.client.common.hud.card.CardTileRenderer::_root_' -> '[Singleton: 'me.jfenn.bingo.client.common.hud.card.CardTileRenderer']'
[19:03:06] [Render thread/DEBUG] ([Koin]) (+) index 'me.jfenn.bingo.client.common.hud.ReadyHudRenderer::_root_' -> '[Singleton: 'me.jfenn.bingo.client.common.hud.ReadyHudRenderer']'
[19:03:06] [Render thread/DEBUG] ([Koin]) (+) index 'me.jfenn.bingo.client.common.hud.screen.BingoHudScreen$Factory::_root_' -> '[Singleton: 'me.jfenn.bingo.client.common.hud.screen.BingoHudScreen$Factory']'
[19:03:06] [Render thread/DEBUG] ([Koin]) (+) index 'me.jfenn.bingo.client.common.hud.screen.BingoCardPlacementScreen$Factory::_root_' -> '[Singleton: 'me.jfenn.bingo.client.common.hud.screen.BingoCardPlacementScreen$Factory']'
[19:03:06] [Render thread/DEBUG] ([Koin]) (+) index 'me.jfenn.bingo.client.common.hud.BingoHudController::_root_' -> '[Singleton: 'me.jfenn.bingo.client.common.hud.BingoHudController']'
[19:03:06] [Render thread/DEBUG] ([Koin]) (+) index 'me.jfenn.bingo.client.common.hud.BingoCardImageController::_root_' -> '[Singleton: 'me.jfenn.bingo.client.common.hud.BingoCardImageController']'
[19:03:06] [Render thread/DEBUG] ([Koin]) (+) index 'me.jfenn.bingo.client.common.sound.SoundService::_root_' -> '[Singleton: 'me.jfenn.bingo.client.common.sound.SoundService']'
[19:03:06] [Render thread/DEBUG] ([Koin]) (+) index 'me.jfenn.bingo.client.common.sound.ClientSounds::_root_' -> '[Singleton: 'me.jfenn.bingo.client.common.sound.ClientSounds']'
[19:03:06] [Render thread/DEBUG] ([Koin]) (+) index 'me.jfenn.bingo.client.common.sound.ScorePacketReceiver::_root_' -> '[Singleton: 'me.jfenn.bingo.client.common.sound.ScorePacketReceiver']'
[19:03:06] [Render thread/DEBUG] ([Koin]) (+) index 'me.jfenn.bingo.client.common.stats.ClientStatsSyncController::_root_' -> '[Singleton: 'me.jfenn.bingo.client.common.stats.ClientStatsSyncController']'
[19:03:06] [Render thread/DEBUG] ([Koin]) (+) index 'me.jfenn.bingo.client.common.world.BingoWorldManager::_root_' -> '[Singleton: 'me.jfenn.bingo.client.common.world.BingoWorldManager']'
[19:03:06] [Render thread/DEBUG] ([Koin]) (+) index 'me.jfenn.bingo.client.common.settings.ClientSettingsService::_root_' -> '[Singleton: 'me.jfenn.bingo.client.common.settings.ClientSettingsService']'
[19:03:06] [Render thread/DEBUG] ([Koin]) (+) index 'me.jfenn.bingo.client.common.settings.ClientSettingsController::_root_' -> '[Singleton: 'me.jfenn.bingo.client.common.settings.ClientSettingsController']'
[19:03:06] [Render thread/DEBUG] ([Koin]) (+) index 'me.jfenn.bingo.client.integrations.YetAnotherConfigLibIntegration::_root_' -> '[Factory: 'me.jfenn.bingo.client.integrations.YetAnotherConfigLibIntegration']'
[19:03:06] [Render thread/DEBUG] ([Koin]) (+) index 'me.jfenn.bingo.client.integrations.JeiIntegration::_root_' -> '[Singleton: 'me.jfenn.bingo.client.integrations.JeiIntegration',binds:me.jfenn.bingo.client.integrations.jei.IJeiApi]'
[19:03:06] [Render thread/DEBUG] ([Koin]) (+) index 'me.jfenn.bingo.client.integrations.jei.IJeiApi::_root_' -> '[Singleton: 'me.jfenn.bingo.client.integrations.JeiIntegration',binds:me.jfenn.bingo.client.integrations.jei.IJeiApi]'
[19:03:06] [Render thread/DEBUG] ([Koin]) (+) index 'me.jfenn.bingo.client.common.ResourcePackInit::_root_' -> '[Singleton: 'me.jfenn.bingo.client.common.ResourcePackInit']'
[19:03:06] [Render thread/INFO] ([Koin]) Started 287 definitions in 1.987 ms
[19:03:06] [Render thread/DEBUG] ([Koin]) Create eager instances ...
[19:03:06] [Render thread/DEBUG] ([Koin]) | (+) '[Singleton: 'me.jfenn.bingo.client.common.hud.BingoCardImageController']'
[19:03:06] [Render thread/DEBUG] ([Koin]) |- 'org.slf4j.Logger'...
[19:03:06] [Render thread/DEBUG] ([Koin]) | (+) '[Singleton: 'org.slf4j.Logger']'
[19:03:06] [Render thread/DEBUG] ([Koin]) |- 'org.slf4j.Logger' in 0.077 ms
[19:03:06] [Render thread/DEBUG] ([Koin]) |- 'me.jfenn.bingo.client.platform.INativeImageFactory'...
[19:03:06] [Render thread/DEBUG] ([Koin]) | (+) '[Singleton: 'me.jfenn.bingo.client.impl.NativeImageFactory',binds:me.jfenn.bingo.client.platform.INativeImageFactory]'
[19:03:06] [Render thread/DEBUG] ([Koin]) |- 'me.jfenn.bingo.client.platform.INativeImageFactory' in 0.039 ms
[19:03:06] [Render thread/DEBUG] ([Koin]) |- 'me.jfenn.bingo.client.common.state.BingoHudState'...
[19:03:06] [Render thread/DEBUG] ([Koin]) | (+) '[Singleton: 'me.jfenn.bingo.client.common.state.BingoHudState']'
[19:03:06] [Render thread/DEBUG] ([Koin]) |- 'me.jfenn.bingo.client.common.state.BingoHudState' in 2.578 ms
[19:03:06] [Render thread/DEBUG] ([Koin]) |- 'me.jfenn.bingo.client.common.packet.ClientPacketEvents'...
[19:03:06] [Render thread/DEBUG] ([Koin]) | (+) '[Singleton: 'me.jfenn.bingo.client.common.packet.ClientPacketEvents']'
[19:03:06] [Render thread/DEBUG] ([Koin]) |- 'me.jfenn.bingo.client.platform.IClientNetworking'...
[19:03:06] [Render thread/DEBUG] ([Koin]) | (+) '[Singleton: 'me.jfenn.bingo.client.impl.ClientNetworkingImpl',binds:me.jfenn.bingo.client.platform.IClientNetworking]'
[19:03:06] [Render thread/DEBUG] ([Koin]) |- 'org.slf4j.Logger'...
[19:03:06] [Render thread/DEBUG] ([Koin]) |- 'org.slf4j.Logger' in 0.003 ms
[19:03:06] [Render thread/DEBUG] ([Koin]) |- 'me.jfenn.bingo.platform.item.IItemStackFactory'...
[19:03:06] [Render thread/DEBUG] ([Koin]) | (+) '[Singleton: 'me.jfenn.bingo.impl.ItemStackFactory',binds:me.jfenn.bingo.platform.item.IItemStackFactory]'
[19:03:06] [Render thread/DEBUG] ([Koin]) |- 'org.slf4j.Logger'...
[19:03:06] [Render thread/DEBUG] ([Koin]) |- 'org.slf4j.Logger' in 0.003 ms
[19:03:06] [Render thread/DEBUG] ([Koin]) |- 'me.jfenn.bingo.platform.item.IItemStackFactory' in 1.081 ms
[19:03:06] [Render thread/DEBUG] ([Koin]) |- 'me.jfenn.bingo.platform.event.IEventBus'...
[19:03:06] [Render thread/DEBUG] ([Koin]) | (+) '[Singleton: 'me.jfenn.bingo.common.event.EventBus',binds:me.jfenn.bingo.platform.event.IEventBus]'
[19:03:06] [Render thread/DEBUG] ([Koin]) |- 'org.slf4j.Logger'...
[19:03:06] [Render thread/DEBUG] ([Koin]) |- 'org.slf4j.Logger' in 0.003 ms
[19:03:06] [Render thread/DEBUG] ([Koin]) |- 'me.jfenn.bingo.platform.event.IEventBus' in 0.08 ms
[19:03:06] [Render thread/DEBUG] ([Koin]) |- 'me.jfenn.bingo.client.platform.IClientNetworking' in 1.282 ms
[19:03:06] [Render thread/DEBUG] (bingo) [ClientNetworkingImpl] Registering S2C packet yet-another-minecraft-bingo:card_reset
[19:03:06] [Render thread/DEBUG] (bingo) [ClientNetworkingImpl] Registering S2C packet yet-another-minecraft-bingo:display_cards
[19:03:06] [Render thread/DEBUG] (bingo) [ClientNetworkingImpl] Registering S2C packet yet-another-minecraft-bingo:update_card_tiles
[19:03:06] [Render thread/DEBUG] (bingo) [ClientNetworkingImpl] Registering S2C packet yet-another-minecraft-bingo:open_card
[19:03:06] [Render thread/DEBUG] (bingo) [ClientNetworkingImpl] Registering S2C packet yet-another-minecraft-bingo:card_shuffled
[19:03:06] [Render thread/DEBUG] (bingo) [ClientNetworkingImpl] Registering S2C packet yet-another-minecraft-bingo:card_completed
[19:03:06] [Render thread/DEBUG] (bingo) [ClientNetworkingImpl] Registering S2C packet yet-another-minecraft-bingo:card_image
[19:03:06] [Render thread/DEBUG] (bingo) [ClientNetworkingImpl] Registering S2C packet yet-another-minecraft-bingo:game_over
[19:03:06] [Render thread/DEBUG] (bingo) [ClientNetworkingImpl] Registering S2C packet yet-another-minecraft-bingo:score_update
[19:03:06] [Render thread/DEBUG] (bingo) [ClientNetworkingImpl] Registering S2C packet yet-another-minecraft-bingo:scored_item_lost
[19:03:06] [Render thread/DEBUG] (bingo) [ClientNetworkingImpl] Registering S2C packet yet-another-minecraft-bingo:game_status
[19:03:06] [Render thread/DEBUG] (bingo) [ClientNetworkingImpl] Registering S2C packet yet-another-minecraft-bingo:game_message
[19:03:06] [Render thread/DEBUG] (bingo) [ClientNetworkingImpl] Registering S2C packet yet-another-minecraft-bingo:game_message_clear
[19:03:06] [Render thread/DEBUG] (bingo) [ClientNetworkingImpl] Registering S2C packet yet-another-minecraft-bingo:timer
[19:03:06] [Render thread/DEBUG] (bingo) [ClientNetworkingImpl] Registering S2C packet yet-another-minecraft-bingo:countdown
[19:03:06] [Render thread/DEBUG] (bingo) [ClientNetworkingImpl] Registering S2C packet yet-another-minecraft-bingo:tooltip
[19:03:06] [Render thread/DEBUG] (bingo) [ClientNetworkingImpl] Registering S2C packet yet-another-minecraft-bingo:game_reset
[19:03:06] [Render thread/DEBUG] (bingo) [ClientNetworkingImpl] Registering S2C packet yet-another-minecraft-bingo:ready_timer_update
[19:03:06] [Render thread/DEBUG] (bingo) [ClientNetworkingImpl] Registering C2S packet yet-another-minecraft-bingo:set_ready
[19:03:06] [Render thread/DEBUG] (bingo) [ClientNetworkingImpl] Registering C2S packet yet-another-minecraft-bingo:update_settings
[19:03:06] [Render thread/DEBUG] (bingo) [ClientNetworkingImpl] Registering S2C packet yet-another-minecraft-bingo:update_settings
[19:03:06] [Render thread/DEBUG] (bingo) [ClientNetworkingImpl] Registering C2S packet yet-another-minecraft-bingo:stats_check
[19:03:06] [Render thread/DEBUG] (bingo) [ClientNetworkingImpl] Registering S2C packet yet-another-minecraft-bingo:stats_check
[19:03:06] [Render thread/DEBUG] (bingo) [ClientNetworkingImpl] Registering C2S packet yet-another-minecraft-bingo:stats_game
[19:03:06] [Render thread/DEBUG] (bingo) [ClientNetworkingImpl] Registering S2C packet yet-another-minecraft-bingo:stats_game
[19:03:06] [Render thread/DEBUG] (bingo) [ClientNetworkingImpl] Registering C2S packet yet-another-minecraft-bingo:stats_index
[19:03:06] [Render thread/DEBUG] (bingo) [ClientNetworkingImpl] Registering S2C packet yet-another-minecraft-bingo:stats_index
[19:03:06] [Render thread/DEBUG] ([Koin]) |- 'me.jfenn.bingo.client.common.packet.ClientPacketEvents' in 7.951 ms
[19:03:06] [Render thread/DEBUG] ([Koin]) |- 'me.jfenn.bingo.platform.event.IEventBus'...
[19:03:06] [Render thread/DEBUG] ([Koin]) |- 'me.jfenn.bingo.platform.event.IEventBus' in 0.011 ms
[19:03:06] [Render thread/DEBUG] (bingo) [EventBus] Registered packetS2C=yet-another-minecraft-bingo:card_image from BingoCardImageController$$Lambda/0x000000005d08b718
[19:03:06] [Render thread/DEBUG] ([Koin]) | (+) '[Singleton: 'me.jfenn.bingo.client.impl.HudCallbackImpl']'
[19:03:06] [Render thread/DEBUG] ([Koin]) |- 'me.jfenn.bingo.platform.event.IEventBus'...
[19:03:06] [Render thread/DEBUG] ([Koin]) |- 'me.jfenn.bingo.platform.event.IEventBus' in 0.01 ms
[19:03:06] [Render thread/DEBUG] ([Koin]) |- 'me.jfenn.bingo.common.config.BingoConfig'...
[19:03:06] [Render thread/DEBUG] ([Koin]) | (+) '[Singleton: 'me.jfenn.bingo.common.config.BingoConfig']'
[19:03:06] [Render thread/DEBUG] ([Koin]) |- 'me.jfenn.bingo.common.config.ConfigService'...
[19:03:06] [Render thread/DEBUG] ([Koin]) | (+) '[Singleton: 'me.jfenn.bingo.common.config.ConfigService']'
[19:03:06] [Render thread/DEBUG] ([Koin]) |- 'me.jfenn.bingo.platform.config.IConfigManager'...
[19:03:06] [Render thread/DEBUG] ([Koin]) | (+) '[Singleton: 'me.jfenn.bingo.common.config.ConfigManager',binds:me.jfenn.bingo.platform.config.IConfigManager]'
[19:03:06] [Render thread/DEBUG] ([Koin]) |- 'me.jfenn.bingo.platform.IModEnvironment'...
[19:03:06] [Render thread/DEBUG] ([Koin]) | (+) '[Singleton: 'me.jfenn.bingo.impl.ModEnvironment',binds:me.jfenn.bingo.platform.IModEnvironment]'
[19:03:06] [Render thread/DEBUG] ([Koin]) |- 'me.jfenn.bingo.platform.IModEnvironment' in 0.009 ms
[19:03:06] [Render thread/DEBUG] ([Koin]) |- 'me.jfenn.bingo.platform.config.IConfigManager' in 0.13 ms
[19:03:06] [Render thread/DEBUG] ([Koin]) |- 'me.jfenn.bingo.common.config.ConfigService' in 0.169 ms
[19:03:06] [Render thread/DEBUG] ([Koin]) |- 'me.jfenn.bingo.common.config.BingoConfig' in 0.806 ms
[19:03:06] [Render thread/DEBUG] (FabricLoader/Mixin) Mixing GuiGraphicsExtractorMixin from fabric-rendering-v1.mixins.json into net.minecraft.client.gui.GuiGraphicsExtractor
[19:03:06] [Render thread/DEBUG] (FabricLoader/Mixin) Mixing DrawContextAccessor from mixins-client.bingo.json into net.minecraft.client.gui.GuiGraphicsExtractor
[19:03:06] [Render thread/DEBUG] (FabricLoader/Mixin) fabric-rendering-v1.mixins.json:GuiGraphicsExtractorMixin from mod fabric-rendering-v1->@Inject::drawStackOverlay(Lnet/minecraft/client/gui/Font;Lnet/minecraft/world/item/ItemStack;IILjava/lang/String;Lorg/spongepowered/asm/mixin/injection/callback/CallbackInfo;)V doesn't use it's CallbackInfo
[19:03:06] [Render thread/DEBUG] (FabricLoader/Mixin) fabric-rendering-v1.mixins.json:GuiGraphicsExtractorMixin from mod fabric-rendering-v1->@Inject::drawStackOverlay(Lnet/minecraft/client/gui/Font;Lnet/minecraft/world/item/ItemStack;IILjava/lang/String;Lorg/spongepowered/asm/mixin/injection/callback/CallbackInfo;)V has 0 override(s) in child classes
[19:03:06] [Render thread/DEBUG] (FabricLoader/Mixin) fabric-rendering-v1.mixins.json:GuiGraphicsExtractorMixin from mod fabric-rendering-v1->@Inject::drawStackOverlay(Lnet/minecraft/client/gui/Font;Lnet/minecraft/world/item/ItemStack;IILjava/lang/String;Lorg/spongepowered/asm/mixin/injection/callback/CallbackInfo;)V won't be passed a CallbackInfo as a result
[19:03:06] [Render thread/DEBUG] (FabricLoader/Mixin) fabric-rendering-v1.mixins.json:GuiGraphicsExtractorMixin from mod fabric-rendering-v1->@Inject::drawStackOverlay(Lnet/minecraft/client/gui/Font;Lnet/minecraft/world/item/ItemStack;IILjava/lang/String;Lorg/spongepowered/asm/mixin/injection/callback/CallbackInfo;)V doesn't use it's CallbackInfo
[19:03:06] [Render thread/DEBUG] (FabricLoader/Mixin) fabric-rendering-v1.mixins.json:GuiGraphicsExtractorMixin from mod fabric-rendering-v1->@Inject::drawStackOverlay(Lnet/minecraft/client/gui/Font;Lnet/minecraft/world/item/ItemStack;IILjava/lang/String;Lorg/spongepowered/asm/mixin/injection/callback/CallbackInfo;)V has 0 override(s) in child classes
[19:03:06] [Render thread/DEBUG] (FabricLoader/Mixin) fabric-rendering-v1.mixins.json:GuiGraphicsExtractorMixin from mod fabric-rendering-v1->@Inject::drawStackOverlay(Lnet/minecraft/client/gui/Font;Lnet/minecraft/world/item/ItemStack;IILjava/lang/String;Lorg/spongepowered/asm/mixin/injection/callback/CallbackInfo;)V won't be passed a CallbackInfo as a result
[19:03:06] [Render thread/DEBUG] ([Koin]) | (+) '[Singleton: 'me.jfenn.bingo.client.common.world.BingoWorldManager']'
[19:03:06] [Render thread/DEBUG] ([Koin]) |- 'me.jfenn.bingo.platform.event.IEventBus'...
[19:03:06] [Render thread/DEBUG] ([Koin]) |- 'me.jfenn.bingo.platform.event.IEventBus' in 0.008 ms
[19:03:06] [Render thread/DEBUG] ([Koin]) |- 'me.jfenn.bingo.client.platform.screen.IButtonFactory'...
[19:03:06] [Render thread/DEBUG] ([Koin]) | (+) '[Singleton: 'me.jfenn.bingo.client.impl.screen.button.ButtonFactory',binds:me.jfenn.bingo.client.platform.screen.IButtonFactory]'
[19:03:06] [Render thread/DEBUG] ([Koin]) |- 'me.jfenn.bingo.client.platform.screen.IButtonFactory' in 0.094 ms
[19:03:06] [Render thread/DEBUG] ([Koin]) |- 'me.jfenn.bingo.client.platform.IWorldService'...
[19:03:06] [Render thread/DEBUG] ([Koin]) | (+) '[Singleton: 'me.jfenn.bingo.client.world.WorldServiceImpl',binds:me.jfenn.bingo.client.platform.IWorldService]'
[19:03:06] [Render thread/DEBUG] ([Koin]) |- 'org.slf4j.Logger'...
[19:03:06] [Render thread/DEBUG] ([Koin]) |- 'org.slf4j.Logger' in 0.003 ms
[19:03:06] [Render thread/DEBUG] ([Koin]) |- 'me.jfenn.bingo.client.world.BingoWorldState'...
[19:03:06] [Render thread/DEBUG] ([Koin]) | (+) '[Singleton: 'me.jfenn.bingo.client.world.BingoWorldState']'
[19:03:06] [Render thread/DEBUG] ([Koin]) |- 'me.jfenn.bingo.client.world.BingoWorldState' in 0.018 ms
[19:03:06] [Render thread/DEBUG] ([Koin]) |- 'me.jfenn.bingo.client.platform.IWorldService' in 0.114 ms
[19:03:06] [Render thread/DEBUG] ([Koin]) |- 'me.jfenn.bingo.common.config.BingoConfig'...
[19:03:06] [Render thread/DEBUG] ([Koin]) |- 'me.jfenn.bingo.common.config.BingoConfig' in 0.003 ms
[19:03:06] [Render thread/DEBUG] ([Koin]) |- 'me.jfenn.bingo.platform.text.ITextFactory'...
[19:03:06] [Render thread/DEBUG] ([Koin]) | (+) '[Singleton: 'me.jfenn.bingo.impl.TextFactoryImpl',binds:me.jfenn.bingo.platform.text.ITextFactory]'
[19:03:06] [Render thread/DEBUG] ([Koin]) |- 'me.jfenn.bingo.platform.text.ITextFactory' in 0.058 ms
[19:03:06] [Render thread/DEBUG] (bingo) Initialize [BingoWorldManager]
[19:03:06] [Render thread/DEBUG] (bingo) [EventBus] Registered me.jfenn.bingo.platform.event.game.ScopeStopped.Companion from BingoWorldManager$$Lambda/0x000000005d08cf78
[19:03:06] [Render thread/DEBUG] (bingo) [EventBus] Registered me.jfenn.bingo.client.platform.event.model.ScreenEvent.AfterInit from BingoWorldManager$$Lambda/0x000000005d08d618
[19:03:06] [Render thread/DEBUG] ([Koin]) | (+) '[Singleton: 'me.jfenn.bingo.impl.ServerEventsImpl']'
[19:03:06] [Render thread/DEBUG] ([Koin]) |- 'me.jfenn.bingo.platform.event.IEventBus'...
[19:03:06] [Render thread/DEBUG] ([Koin]) |- 'me.jfenn.bingo.platform.event.IEventBus' in 0.006 ms
[19:03:06] [Render thread/DEBUG] (FabricLoader/Mixin) Mixing ServerGamePacketListenerImplMixin from fabric-networking-api-v1.mixins.json into net.minecraft.server.network.ServerGamePacketListenerImpl
[19:03:06] [Render thread/DEBUG] (FabricLoader/Mixin) Mixing ServerGamePacketListenerImplMixin from fabric-events-interaction-v0.mixins.json into net.minecraft.server.network.ServerGamePacketListenerImpl
[19:03:06] [Render thread/DEBUG] (FabricLoader/Mixin) Mixing ServerGamePacketListenerMixin from mixins.bingo.json into net.minecraft.server.network.ServerGamePacketListenerImpl
[19:03:06] [Render thread/DEBUG] (FabricLoader/Mixin) fabric-networking-api-v1.mixins.json:ServerGamePacketListenerImplMixin from mod fabric-networking-api-v1->@Inject::initAddon(Lorg/spongepowered/asm/mixin/injection/callback/CallbackInfo;)V doesn't use it's CallbackInfo
[19:03:06] [Render thread/DEBUG] (FabricLoader/Mixin) fabric-networking-api-v1.mixins.json:ServerGamePacketListenerImplMixin from mod fabric-networking-api-v1->@Inject::initAddon(Lorg/spongepowered/asm/mixin/injection/callback/CallbackInfo;)V has 0 override(s) in child classes
[19:03:06] [Render thread/DEBUG] (FabricLoader/Mixin) fabric-networking-api-v1.mixins.json:ServerGamePacketListenerImplMixin from mod fabric-networking-api-v1->@Inject::initAddon(Lorg/spongepowered/asm/mixin/injection/callback/CallbackInfo;)V won't be passed a CallbackInfo as a result
[19:03:06] [Render thread/DEBUG] (FabricLoader/Mixin) fabric-networking-api-v1.mixins.json:ServerGamePacketListenerImplMixin from mod fabric-networking-api-v1->@Inject::handleCustomPayloadReceivedAsync(Lnet/minecraft/network/protocol/common/ServerboundCustomPayloadPacket;Lorg/spongepowered/asm/mixin/injection/callback/CallbackInfo;)V does use it's CallbackInfo
[19:03:06] [Render thread/DEBUG] (FabricLoader/Mixin) fabric-events-interaction-v0.mixins.json:ServerGamePacketListenerImplMixin from mod fabric-events-interaction-v0->@Inject::handleInteract(Lnet/minecraft/network/protocol/game/ServerboundInteractPacket;Lorg/spongepowered/asm/mixin/injection/callback/CallbackInfo;)V does use it's CallbackInfo
[19:03:06] [Render thread/DEBUG] (FabricLoader/Mixin) mixins.bingo.json:ServerGamePacketListenerMixin from mod yet-another-minecraft-bingo->@Inject::onPlayerMove(Lorg/spongepowered/asm/mixin/injection/callback/CallbackInfo;)V doesn't use it's CallbackInfo
[19:03:06] [Render thread/DEBUG] (FabricLoader/Mixin) mixins.bingo.json:ServerGamePacketListenerMixin from mod yet-another-minecraft-bingo->@Inject::onPlayerMove(Lorg/spongepowered/asm/mixin/injection/callback/CallbackInfo;)V has 0 override(s) in child classes
[19:03:06] [Render thread/DEBUG] (FabricLoader/Mixin) mixins.bingo.json:ServerGamePacketListenerMixin from mod yet-another-minecraft-bingo->@Inject::onPlayerMove(Lorg/spongepowered/asm/mixin/injection/callback/CallbackInfo;)V won't be passed a CallbackInfo as a result
[19:03:06] [Render thread/DEBUG] (FabricLoader/Mixin) Mixing CommandSourceStackMixin from fabric-permission-api-v1.mixins.json into net.minecraft.commands.CommandSourceStack
[19:03:06] [Render thread/DEBUG] (FabricLoader/Mixin) fabric-permission-api-v1.mixins.json:CommandSourceStackMixin from mod fabric-permission-api-v1->@Inject::storeOriginalSource(Lnet/minecraft/commands/CommandSource;Lnet/minecraft/world/phys/Vec3;Lnet/minecraft/world/phys/Vec2;Lnet/minecraft/server/level/ServerLevel;Lnet/minecraft/server/permissions/PermissionSet;Ljava/lang/String;Lnet/minecraft/network/chat/Component;Lnet/minecraft/server/MinecraftServer;Lnet/minecraft/world/entity/Entity;Lorg/spongepowered/asm/mixin/injection/callback/CallbackInfo;)V doesn't use it's CallbackInfo
[19:03:06] [Render thread/DEBUG] (FabricLoader/Mixin) fabric-permission-api-v1.mixins.json:CommandSourceStackMixin from mod fabric-permission-api-v1->@Inject::storeOriginalSource(Lnet/minecraft/commands/CommandSource;Lnet/minecraft/world/phys/Vec3;Lnet/minecraft/world/phys/Vec2;Lnet/minecraft/server/level/ServerLevel;Lnet/minecraft/server/permissions/PermissionSet;Ljava/lang/String;Lnet/minecraft/network/chat/Component;Lnet/minecraft/server/MinecraftServer;Lnet/minecraft/world/entity/Entity;Lorg/spongepowered/asm/mixin/injection/callback/CallbackInfo;)V has 0 override(s) in child classes
[19:03:06] [Render thread/DEBUG] (FabricLoader/Mixin) fabric-permission-api-v1.mixins.json:CommandSourceStackMixin from mod fabric-permission-api-v1->@Inject::storeOriginalSource(Lnet/minecraft/commands/CommandSource;Lnet/minecraft/world/phys/Vec3;Lnet/minecraft/world/phys/Vec2;Lnet/minecraft/server/level/ServerLevel;Lnet/minecraft/server/permissions/PermissionSet;Ljava/lang/String;Lnet/minecraft/network/chat/Component;Lnet/minecraft/server/MinecraftServer;Lnet/minecraft/world/entity/Entity;Lorg/spongepowered/asm/mixin/injection/callback/CallbackInfo;)V won't be passed a CallbackInfo as a result
[19:03:06] [Render thread/DEBUG] ([Koin]) | (+) '[Singleton: 'me.jfenn.bingo.client.world.BingoWorldController']'
[19:03:06] [Render thread/DEBUG] ([Koin]) |- 'org.slf4j.Logger'...
[19:03:06] [Render thread/DEBUG] ([Koin]) |- 'org.slf4j.Logger' in 0.011 ms
[19:03:06] [Render thread/DEBUG] ([Koin]) |- 'me.jfenn.bingo.client.world.BingoWorldState'...
[19:03:06] [Render thread/DEBUG] ([Koin]) |- 'me.jfenn.bingo.client.world.BingoWorldState' in 0.004 ms
[19:03:06] [Render thread/DEBUG] ([Koin]) |- 'me.jfenn.bingo.common.datapack.LobbyConfigService'...
[19:03:06] [Render thread/DEBUG] ([Koin]) | (+) '[Singleton: 'me.jfenn.bingo.common.datapack.LobbyConfigService']'
[19:03:06] [Render thread/DEBUG] ([Koin]) |- 'org.slf4j.Logger'...
[19:03:06] [Render thread/DEBUG] ([Koin]) |- 'org.slf4j.Logger' in 0.002 ms
[19:03:06] [Render thread/DEBUG] ([Koin]) |- 'me.jfenn.bingo.platform.config.IConfigManager'...
[19:03:06] [Render thread/DEBUG] ([Koin]) |- 'me.jfenn.bingo.platform.config.IConfigManager' in 0.002 ms
[19:03:06] [Render thread/DEBUG] ([Koin]) |- 'me.jfenn.bingo.common.datapack.LobbyConfigService' in 0.259 ms
[19:03:06] [Render thread/DEBUG] ([Koin]) | (+) '[Singleton: 'me.jfenn.bingo.client.common.sound.ClientSounds']'
[19:03:06] [Render thread/DEBUG] ([Koin]) |- 'me.jfenn.bingo.client.platform.IClientSoundManager'...
[19:03:06] [Render thread/DEBUG] ([Koin]) | (+) '[Singleton: 'me.jfenn.bingo.client.impl.ClientSoundManager',binds:me.jfenn.bingo.client.platform.IClientSoundManager]'
[19:03:06] [Render thread/DEBUG] ([Koin]) |- 'me.jfenn.bingo.client.platform.IClientSoundManager' in 0.051 ms
[19:03:06] [Render thread/DEBUG] ([Koin]) | (+) '[Singleton: 'me.jfenn.bingo.client.common.sound.ScorePacketReceiver']'
[19:03:06] [Render thread/DEBUG] ([Koin]) |- 'me.jfenn.bingo.platform.event.IEventBus'...
[19:03:06] [Render thread/DEBUG] ([Koin]) |- 'me.jfenn.bingo.platform.event.IEventBus' in 0.007 ms
[19:03:06] [Render thread/DEBUG] ([Koin]) |- 'me.jfenn.bingo.client.common.packet.ClientPacketEvents'...
[19:03:06] [Render thread/DEBUG] ([Koin]) |- 'me.jfenn.bingo.client.common.packet.ClientPacketEvents' in 0.004 ms
[19:03:06] [Render thread/DEBUG] ([Koin]) |- 'me.jfenn.bingo.client.common.sound.SoundService'...
[19:03:06] [Render thread/DEBUG] ([Koin]) | (+) '[Singleton: 'me.jfenn.bingo.client.common.sound.SoundService']'
[19:03:06] [Render thread/DEBUG] ([Koin]) |- 'me.jfenn.bingo.common.config.BingoConfig'...
[19:03:06] [Render thread/DEBUG] ([Koin]) |- 'me.jfenn.bingo.common.config.BingoConfig' in 0.002 ms
[19:03:06] [Render thread/DEBUG] ([Koin]) |- 'me.jfenn.bingo.client.platform.IClientSoundManager'...
[19:03:06] [Render thread/DEBUG] ([Koin]) |- 'me.jfenn.bingo.client.platform.IClientSoundManager' in 0.002 ms
[19:03:06] [Render thread/DEBUG] ([Koin]) |- 'me.jfenn.bingo.client.common.sound.ClientSounds'...
[19:03:06] [Render thread/DEBUG] ([Koin]) |- 'me.jfenn.bingo.client.common.sound.ClientSounds' in 0.002 ms
[19:03:06] [Render thread/DEBUG] ([Koin]) |- 'me.jfenn.bingo.client.common.sound.SoundService' in 0.134 ms
[19:03:06] [Render thread/DEBUG] (bingo) [EventBus] Registered packetS2C=yet-another-minecraft-bingo:score_update from ScorePacketReceiver$$Lambda/0x000000005d0a6870
[19:03:06] [Render thread/DEBUG] (bingo) [EventBus] Registered packetS2C=yet-another-minecraft-bingo:scored_item_lost from ScorePacketReceiver$$Lambda/0x000000005d0a6ac0
[19:03:06] [Render thread/DEBUG] (bingo) [EventBus] Registered packetS2C=yet-another-minecraft-bingo:card_completed from ScorePacketReceiver$$Lambda/0x000000005d0a6d10
[19:03:06] [Render thread/DEBUG] (bingo) [EventBus] Registered packetS2C=yet-another-minecraft-bingo:game_over from ScorePacketReceiver$$Lambda/0x000000005d0a6f60
[19:03:06] [Render thread/DEBUG] (bingo) [EventBus] Registered packetS2C=yet-another-minecraft-bingo:timer from ScorePacketReceiver$$Lambda/0x000000005d0a71b0
[19:03:06] [Render thread/DEBUG] (bingo) [EventBus] Registered packetS2C=yet-another-minecraft-bingo:countdown from ScorePacketReceiver$$Lambda/0x000000005d0a7400
[19:03:06] [Render thread/DEBUG] ([Koin]) | (+) '[Singleton: 'me.jfenn.bingo.client.common.ResourcePackInit']'
[19:03:06] [Render thread/DEBUG] ([Koin]) |- 'me.jfenn.bingo.client.platform.IResourcePackManager'...
[19:03:06] [Render thread/DEBUG] ([Koin]) | (+) '[Singleton: 'me.jfenn.bingo.client.impl.ResourcePackManager',binds:me.jfenn.bingo.client.platform.IResourcePackManager]'
[19:03:06] [Render thread/DEBUG] ([Koin]) |- 'org.slf4j.Logger'...
[19:03:06] [Render thread/DEBUG] ([Koin]) |- 'org.slf4j.Logger' in 0.003 ms
[19:03:06] [Render thread/DEBUG] ([Koin]) |- 'me.jfenn.bingo.client.platform.IResourcePackManager' in 0.072 ms
[19:03:06] [Render thread/DEBUG] ([Koin]) | (+) '[Singleton: 'me.jfenn.bingo.client.common.hud.BingoHudController']'
[19:03:06] [Render thread/DEBUG] ([Koin]) |- 'me.jfenn.bingo.client.platform.IOptionsAccessor'...
[19:03:06] [Render thread/DEBUG] ([Koin]) | (+) '[Singleton: 'me.jfenn.bingo.client.impl.OptionsAccessor',binds:me.jfenn.bingo.client.platform.IOptionsAccessor]'
[19:03:06] [Render thread/DEBUG] ([Koin]) |- 'me.jfenn.bingo.client.platform.IOptionsAccessor' in 0.057 ms
[19:03:06] [Render thread/DEBUG] ([Koin]) |- 'me.jfenn.bingo.common.config.ConfigService'...
[19:03:06] [Render thread/DEBUG] ([Koin]) |- 'me.jfenn.bingo.common.config.ConfigService' in 0.004 ms
[19:03:06] [Render thread/DEBUG] ([Koin]) |- 'me.jfenn.bingo.common.config.BingoConfig'...
[19:03:06] [Render thread/DEBUG] ([Koin]) |- 'me.jfenn.bingo.common.config.BingoConfig' in 0.003 ms
[19:03:06] [Render thread/DEBUG] ([Koin]) |- 'me.jfenn.bingo.client.common.hud.card.ClientCardRenderer'...
[19:03:06] [Render thread/DEBUG] ([Koin]) | (+) '[Singleton: 'me.jfenn.bingo.client.common.hud.card.ClientCardRenderer']'
[19:03:06] [Render thread/DEBUG] ([Koin]) |- 'me.jfenn.bingo.common.text.TextProvider'...
[19:03:06] [Render thread/DEBUG] ([Koin]) | (+) '[Singleton: 'me.jfenn.bingo.common.text.TextProvider']'
[19:03:06] [Render thread/DEBUG] ([Koin]) |- 'org.slf4j.Logger'...
[19:03:06] [Render thread/DEBUG] ([Koin]) |- 'org.slf4j.Logger' in 0.002 ms
[19:03:06] [Render thread/DEBUG] ([Koin]) |- 'me.jfenn.bingo.platform.text.ITextFactory'...
[19:03:06] [Render thread/DEBUG] ([Koin]) |- 'me.jfenn.bingo.platform.text.ITextFactory' in 0.002 ms
[19:03:06] [Render thread/DEBUG] ([Koin]) |- 'me.jfenn.bingo.common.text.TextProvider' in 11.045 ms
[19:03:06] [Render thread/DEBUG] ([Koin]) |- 'me.jfenn.bingo.client.common.state.BingoHudState'...
[19:03:06] [Render thread/DEBUG] ([Koin]) |- 'me.jfenn.bingo.client.common.state.BingoHudState' in 0.011 ms
[19:03:06] [Render thread/DEBUG] ([Koin]) |- 'me.jfenn.bingo.client.common.hud.card.CardTileRenderer'...
[19:03:06] [Render thread/DEBUG] ([Koin]) | (+) '[Singleton: 'me.jfenn.bingo.client.common.hud.card.CardTileRenderer']'
[19:03:06] [Render thread/DEBUG] ([Koin]) |- 'me.jfenn.bingo.client.common.state.BingoHudState'...
[19:03:06] [Render thread/DEBUG] ([Koin]) |- 'me.jfenn.bingo.client.common.state.BingoHudState' in 0.003 ms
[19:03:06] [Render thread/DEBUG] ([Koin]) |- 'me.jfenn.bingo.client.common.hud.card.CardTileRenderer' in 0.121 ms
[19:03:06] [Render thread/DEBUG] ([Koin]) |- 'me.jfenn.bingo.client.common.hud.card.ClientCardBufferRenderer'...
[19:03:06] [Render thread/DEBUG] ([Koin]) | (+) '[Singleton: 'me.jfenn.bingo.client.common.hud.card.ClientCardBufferRenderer']'
[19:03:06] [Render thread/DEBUG] ([Koin]) |- 'me.jfenn.bingo.client.common.state.BingoHudState'...
[19:03:06] [Render thread/DEBUG] ([Koin]) |- 'me.jfenn.bingo.client.common.state.BingoHudState' in 0.002 ms
[19:03:06] [Render thread/DEBUG] ([Koin]) |- 'me.jfenn.bingo.common.config.BingoConfig'...
[19:03:06] [Render thread/DEBUG] ([Koin]) |- 'me.jfenn.bingo.common.config.BingoConfig' in 0.002 ms
[19:03:06] [Render thread/DEBUG] ([Koin]) |- 'me.jfenn.bingo.client.common.hud.card.CardTileRenderer'...
[19:03:06] [Render thread/DEBUG] ([Koin]) |- 'me.jfenn.bingo.client.common.hud.card.CardTileRenderer' in 0.002 ms
[19:03:06] [Render thread/DEBUG] ([Koin]) |- 'me.jfenn.bingo.client.common.hud.card.ClientCardBufferRenderer' in 0.491 ms
[19:03:06] [Render thread/DEBUG] ([Koin]) |- 'me.jfenn.bingo.client.platform.renderer.IDrawServiceFactory'...
[19:03:06] [Render thread/DEBUG] ([Koin]) | (+) '[Singleton: 'me.jfenn.bingo.client.impl.draw.DrawService$Companion',binds:me.jfenn.bingo.client.platform.renderer.IDrawServiceFactory]'
[19:03:06] [Render thread/DEBUG] ([Koin]) |- 'me.jfenn.bingo.client.platform.renderer.IDrawServiceFactory' in 0.879 ms
[19:03:06] [Render thread/DEBUG] ([Koin]) |- 'me.jfenn.bingo.client.common.hud.card.ClientCardRenderer' in 13.093 ms
[19:03:06] [Render thread/DEBUG] ([Koin]) |- 'me.jfenn.bingo.client.common.hud.card.ClientCardManager'...
[19:03:06] [Render thread/DEBUG] ([Koin]) | (+) '[Singleton: 'me.jfenn.bingo.client.common.hud.card.ClientCardManager']'
[19:03:06] [Render thread/DEBUG] ([Koin]) |- 'org.slf4j.Logger'...
[19:03:06] [Render thread/DEBUG] ([Koin]) |- 'org.slf4j.Logger' in 0.003 ms
[19:03:06] [Render thread/DEBUG] ([Koin]) |- 'me.jfenn.bingo.client.platform.renderer.IDrawServiceFactory'...
[19:03:06] [Render thread/DEBUG] ([Koin]) |- 'me.jfenn.bingo.client.platform.renderer.IDrawServiceFactory' in 0.002 ms
[19:03:06] [Render thread/DEBUG] ([Koin]) |- 'me.jfenn.bingo.client.common.hud.card.ClientCardBufferRenderer'...
[19:03:06] [Render thread/DEBUG] ([Koin]) |- 'me.jfenn.bingo.client.common.hud.card.ClientCardBufferRenderer' in 0.002 ms
[19:03:06] [Render thread/DEBUG] ([Koin]) |- 'me.jfenn.bingo.client.common.state.BingoHudState'...
[19:03:06] [Render thread/DEBUG] ([Koin]) |- 'me.jfenn.bingo.client.common.state.BingoHudState' in 0.002 ms
[19:03:06] [Render thread/DEBUG] ([Koin]) |- 'me.jfenn.bingo.common.config.BingoConfig'...
[19:03:06] [Render thread/DEBUG] ([Koin]) |- 'me.jfenn.bingo.common.config.BingoConfig' in 0.002 ms
[19:03:06] [Render thread/DEBUG] ([Koin]) |- 'me.jfenn.bingo.client.common.hud.card.ClientCardManager' in 0.185 ms
[19:03:06] [Render thread/DEBUG] ([Koin]) |- 'me.jfenn.bingo.client.common.hud.BingoMessageRenderer'...
[19:03:06] [Render thread/DEBUG] ([Koin]) | (+) '[Singleton: 'me.jfenn.bingo.client.common.hud.BingoMessageRenderer']'
[19:03:06] [Render thread/DEBUG] ([Koin]) |- 'me.jfenn.bingo.client.common.state.BingoHudState'...
[19:03:06] [Render thread/DEBUG] ([Koin]) |- 'me.jfenn.bingo.client.common.state.BingoHudState' in 0.002 ms
[19:03:06] [Render thread/DEBUG] ([Koin]) |- 'me.jfenn.bingo.common.config.BingoConfig'...
[19:03:06] [Render thread/DEBUG] ([Koin]) |- 'me.jfenn.bingo.common.config.BingoConfig' in 0.002 ms
[19:03:06] [Render thread/DEBUG] ([Koin]) |- 'me.jfenn.bingo.client.common.hud.card.CardTileRenderer'...
[19:03:06] [Render thread/DEBUG] ([Koin]) |- 'me.jfenn.bingo.client.common.hud.card.CardTileRenderer' in 0.002 ms
[19:03:06] [Render thread/DEBUG] ([Koin]) |- 'me.jfenn.bingo.client.platform.IClient'...
[19:03:06] [Render thread/DEBUG] ([Koin]) | (+) '[Singleton: 'me.jfenn.bingo.client.impl.ClientImpl',binds:me.jfenn.bingo.client.platform.IClient]'
[19:03:06] [Render thread/DEBUG] ([Koin]) |- 'me.jfenn.bingo.client.platform.IClient' in 0.263 ms
[19:03:06] [Render thread/DEBUG] ([Koin]) |- 'me.jfenn.bingo.client.common.hud.BingoMessageRenderer' in 0.566 ms
[19:03:06] [Render thread/DEBUG] ([Koin]) |- 'me.jfenn.bingo.client.common.hud.ReadyHudRenderer'...
[19:03:06] [Render thread/DEBUG] ([Koin]) | (+) '[Singleton: 'me.jfenn.bingo.client.common.hud.ReadyHudRenderer']'
[19:03:06] [Render thread/DEBUG] ([Koin]) |- 'me.jfenn.bingo.client.common.state.BingoHudState'...
[19:03:06] [Render thread/DEBUG] ([Koin]) |- 'me.jfenn.bingo.client.common.state.BingoHudState' in 0.003 ms
[19:03:06] [Render thread/DEBUG] ([Koin]) |- 'me.jfenn.bingo.common.text.TextProvider'...
[19:03:06] [Render thread/DEBUG] ([Koin]) |- 'me.jfenn.bingo.common.text.TextProvider' in 0.003 ms
[19:03:06] [Render thread/DEBUG] ([Koin]) |- 'me.jfenn.bingo.client.common.hud.ReadyHudRenderer' in 0.195 ms
[19:03:06] [Render thread/DEBUG] ([Koin]) |- 'me.jfenn.bingo.client.common.hud.screen.BingoHudScreen$Factory'...
[19:03:06] [Render thread/DEBUG] ([Koin]) | (+) '[Singleton: 'me.jfenn.bingo.client.common.hud.screen.BingoHudScreen$Factory']'
[19:03:06] [Render thread/DEBUG] ([Koin]) |- 'me.jfenn.bingo.koin.core.Koin'...
[19:03:06] [Render thread/DEBUG] ([Koin]) | (+) '[Singleton: 'me.jfenn.bingo.koin.core.Koin']'
[19:03:06] [Render thread/DEBUG] ([Koin]) |- 'me.jfenn.bingo.koin.core.Koin' in 0.011 ms
[19:03:06] [Render thread/DEBUG] ([Koin]) |- 'me.jfenn.bingo.common.text.TextProvider'...
[19:03:06] [Render thread/DEBUG] ([Koin]) |- 'me.jfenn.bingo.common.text.TextProvider' in 0.002 ms
[19:03:06] [Render thread/DEBUG] ([Koin]) |- 'me.jfenn.bingo.client.common.packet.ClientPacketEvents'...
[19:03:06] [Render thread/DEBUG] ([Koin]) |- 'me.jfenn.bingo.client.common.packet.ClientPacketEvents' in 0.002 ms
[19:03:06] [Render thread/DEBUG] ([Koin]) |- 'me.jfenn.bingo.client.common.state.BingoHudState'...
[19:03:06] [Render thread/DEBUG] ([Koin]) |- 'me.jfenn.bingo.client.common.state.BingoHudState' in 0.002 ms
[19:03:06] [Render thread/DEBUG] ([Koin]) |- 'me.jfenn.bingo.common.config.BingoConfig'...
[19:03:06] [Render thread/DEBUG] ([Koin]) |- 'me.jfenn.bingo.common.config.BingoConfig' in 0.002 ms
[19:03:06] [Render thread/DEBUG] ([Koin]) |- 'me.jfenn.bingo.client.platform.IScrollableWidgetFactory'...
[19:03:06] [Render thread/DEBUG] ([Koin]) | (+) '[Singleton: 'me.jfenn.bingo.client.impl.ScrollableWidgetFactory',binds:me.jfenn.bingo.client.platform.IScrollableWidgetFactory]'
[19:03:06] [Render thread/DEBUG] ([Koin]) |- 'me.jfenn.bingo.client.platform.IScrollableWidgetFactory' in 0.034 ms
[19:03:06] [Render thread/DEBUG] ([Koin]) |- 'me.jfenn.bingo.client.platform.ITabsWidgetFactory'...
[19:03:06] [Render thread/DEBUG] ([Koin]) | (+) '[Singleton: 'me.jfenn.bingo.client.impl.TabsWidgetFactory',binds:me.jfenn.bingo.client.platform.ITabsWidgetFactory]'
[19:03:06] [Render thread/DEBUG] ([Koin]) |- 'me.jfenn.bingo.client.platform.ITabsWidgetFactory' in 0.039 ms
[19:03:06] [Render thread/DEBUG] ([Koin]) |- 'me.jfenn.bingo.client.platform.screen.IScreenFactory'...
[19:03:06] [Render thread/DEBUG] ([Koin]) | (+) '[Singleton: 'me.jfenn.bingo.client.impl.screen.ScreenFactory',binds:me.jfenn.bingo.client.platform.screen.IScreenFactory]'
[19:03:06] [Render thread/DEBUG] ([Koin]) |- 'me.jfenn.bingo.client.platform.screen.IScreenFactory' in 0.024 ms
[19:03:06] [Render thread/DEBUG] ([Koin]) |- 'me.jfenn.bingo.platform.event.IEventBus'...
[19:03:06] [Render thread/DEBUG] ([Koin]) |- 'me.jfenn.bingo.platform.event.IEventBus' in 0.002 ms
[19:03:06] [Render thread/DEBUG] ([Koin]) |- 'me.jfenn.bingo.client.common.hud.screen.BingoHudScreen$Factory' in 0.281 ms
[19:03:06] [Render thread/DEBUG] ([Koin]) |- 'me.jfenn.bingo.client.common.state.BingoHudState'...
[19:03:06] [Render thread/DEBUG] ([Koin]) |- 'me.jfenn.bingo.client.common.state.BingoHudState' in 0.002 ms
[19:03:06] [Render thread/DEBUG] ([Koin]) |- 'me.jfenn.bingo.common.text.TextProvider'...
[19:03:06] [Render thread/DEBUG] ([Koin]) |- 'me.jfenn.bingo.common.text.TextProvider' in 0.009 ms
[19:03:06] [Render thread/DEBUG] ([Koin]) |- 'me.jfenn.bingo.client.platform.IKeyBindingManager'...
[19:03:06] [Render thread/DEBUG] ([Koin]) | (+) '[Singleton: 'me.jfenn.bingo.client.impl.KeyBindingManager',binds:me.jfenn.bingo.client.platform.IKeyBindingManager]'
[19:03:06] [Render thread/DEBUG] ([Koin]) |- 'me.jfenn.bingo.client.platform.IKeyBindingManager' in 0.226 ms
[19:03:06] [Render thread/DEBUG] ([Koin]) |- 'me.jfenn.bingo.client.common.packet.ClientPacketEvents'...
[19:03:06] [Render thread/DEBUG] ([Koin]) |- 'me.jfenn.bingo.client.common.packet.ClientPacketEvents' in 0.004 ms
[19:03:06] [Render thread/DEBUG] ([Koin]) |- 'me.jfenn.bingo.platform.event.IEventBus'...
[19:03:06] [Render thread/DEBUG] ([Koin]) |- 'me.jfenn.bingo.platform.event.IEventBus' in 0.002 ms
[19:03:06] [Render thread/DEBUG] ([Koin]) |- 'me.jfenn.bingo.client.platform.IClient'...
[19:03:06] [Render thread/DEBUG] ([Koin]) |- 'me.jfenn.bingo.client.platform.IClient' in 0.002 ms
[19:03:06] [Render thread/DEBUG] (bingo) Initialize [BingoHudController]
[19:03:06] [Render thread/DEBUG] (bingo) [EventBus] Registered packetS2C=yet-another-minecraft-bingo:card_reset from BingoHudController$$Lambda/0x000000005d0a92f0
[19:03:06] [Render thread/DEBUG] (bingo) [EventBus] Registered packetS2C=yet-another-minecraft-bingo:display_cards from BingoHudController$$Lambda/0x000000005d0a9540
[19:03:06] [Render thread/DEBUG] (bingo) [EventBus] Registered packetS2C=yet-another-minecraft-bingo:update_card_tiles from BingoHudController$$Lambda/0x000000005d0a9790
[19:03:06] [Render thread/DEBUG] (bingo) [EventBus] Registered packetS2C=yet-another-minecraft-bingo:card_shuffled from BingoHudController$$Lambda/0x000000005d0a99e0
[19:03:06] [Render thread/DEBUG] (bingo) [EventBus] Registered packetS2C=yet-another-minecraft-bingo:card_completed from BingoHudController$$Lambda/0x000000005d0a9c30
[19:03:06] [Render thread/DEBUG] (bingo) [EventBus] Registered packetS2C=yet-another-minecraft-bingo:open_card from BingoHudController$$Lambda/0x000000005d0a9e80
[19:03:06] [Render thread/DEBUG] (bingo) [EventBus] Registered packetS2C=yet-another-minecraft-bingo:game_status from BingoHudController$$Lambda/0x000000005d0aa0d0
[19:03:06] [Render thread/DEBUG] (bingo) [EventBus] Registered packetS2C=yet-another-minecraft-bingo:game_message from BingoHudController$$Lambda/0x000000005d0aa320
[19:03:06] [Render thread/DEBUG] (bingo) [EventBus] Registered packetS2C=yet-another-minecraft-bingo:game_message_clear from BingoHudController$$Lambda/0x000000005d0aa570
[19:03:06] [Render thread/DEBUG] (bingo) [EventBus] Registered packetS2C=yet-another-minecraft-bingo:game_over from BingoHudController$$Lambda/0x000000005d0aa7c0
[19:03:06] [Render thread/DEBUG] (bingo) [EventBus] Registered packetS2C=yet-another-minecraft-bingo:ready_timer_update from BingoHudController$$Lambda/0x000000005d0aaa10
[19:03:06] [Render thread/DEBUG] (bingo) [EventBus] Registered packetS2C=yet-another-minecraft-bingo:tooltip from BingoHudController$$Lambda/0x000000005d0aac60
[19:03:06] [Render thread/DEBUG] (bingo) [EventBus] Registered me.jfenn.bingo.client.platform.event.model.HudRenderEvent.Companion from BingoHudController$$Lambda/0x000000005d0ab300
[19:03:06] [Render thread/DEBUG] (bingo) [EventBus] Registered me.jfenn.bingo.client.platform.event.model.HudRenderEvent.Companion from BingoHudController$$Lambda/0x000000005d0ab550
[19:03:06] [Render thread/DEBUG] (bingo) [EventBus] Registered me.jfenn.bingo.client.platform.event.model.ClientServerEvent.Join from BingoHudController$$Lambda/0x000000005d0abbe8
[19:03:06] [Render thread/DEBUG] (bingo) [EventBus] Registered me.jfenn.bingo.client.platform.event.model.ClientServerEvent.Disconnect from BingoHudController$$Lambda/0x000000005d0ac070
[19:03:06] [Render thread/DEBUG] (bingo) [EventBus] Registered me.jfenn.bingo.platform.event.model.ServerEvent.Started from BingoHudController$$Lambda/0x000000005d0ac710
[19:03:06] [Render thread/DEBUG] (bingo) [EventBus] Registered me.jfenn.bingo.platform.event.model.ServerEvent.Stopped from BingoHudController$$Lambda/0x000000005d0acb98
[19:03:06] [Render thread/DEBUG] (bingo) [EventBus] Registered me.jfenn.bingo.client.platform.event.model.InvalidateRenderStateEvent.Companion from BingoHudController$$Lambda/0x000000005d0ad230
[19:03:06] [Render thread/DEBUG] (bingo) [EventBus] Registered me.jfenn.bingo.client.platform.event.model.ClientTickEvent.End from BingoHudController$$Lambda/0x000000005d0ad8c8
[19:03:06] [Render thread/DEBUG] (bingo) [EventBus] Registered me.jfenn.bingo.client.platform.event.model.ScreenEvent.AfterInit from BingoHudController$$Lambda/0x000000005d0adb18
[19:03:06] [Render thread/DEBUG] (bingo) [EventBus] Registered me.jfenn.bingo.client.platform.event.model.ClientReloadEvent.Companion from BingoHudController$$Lambda/0x000000005d0ae1b8
[19:03:06] [Render thread/DEBUG] (bingo) [EventBus] Registered me.jfenn.bingo.client.common.event.ClientConfigChangedEvent from BingoHudController$$Lambda/0x000000005d0ae640
[19:03:06] [Render thread/DEBUG] ([Koin]) | (+) '[Singleton: 'me.jfenn.bingo.client.impl.event.ClientCloseEvent']'
[19:03:06] [Render thread/DEBUG] ([Koin]) |- 'me.jfenn.bingo.platform.event.IEventBus'...
[19:03:06] [Render thread/DEBUG] ([Koin]) |- 'me.jfenn.bingo.platform.event.IEventBus' in 0.008 ms
[19:03:06] [Render thread/DEBUG] ([Koin]) | (+) '[Singleton: 'me.jfenn.bingo.client.common.settings.ClientSettingsController']'
[19:03:06] [Render thread/DEBUG] ([Koin]) |- 'org.slf4j.Logger'...
[19:03:06] [Render thread/DEBUG] ([Koin]) |- 'org.slf4j.Logger' in 0.006 ms
[19:03:06] [Render thread/DEBUG] ([Koin]) |- 'me.jfenn.bingo.client.common.settings.ClientSettingsService'...
[19:03:06] [Render thread/DEBUG] ([Koin]) | (+) '[Singleton: 'me.jfenn.bingo.client.common.settings.ClientSettingsService']'
[19:03:06] [Render thread/DEBUG] ([Koin]) |- 'org.slf4j.Logger'...
[19:03:06] [Render thread/DEBUG] ([Koin]) |- 'org.slf4j.Logger' in 0.002 ms
[19:03:06] [Render thread/DEBUG] ([Koin]) |- 'me.jfenn.bingo.common.config.PlayerSettingsService'...
[19:03:06] [Render thread/DEBUG] ([Koin]) | (+) '[Singleton: 'me.jfenn.bingo.common.config.PlayerSettingsService']'
[19:03:06] [Render thread/DEBUG] ([Koin]) |- 'me.jfenn.bingo.sql.BingoDatabase'...
[19:03:06] [Render thread/DEBUG] ([Koin]) | (+) '[Singleton: 'me.jfenn.bingo.sql.BingoDatabase']'
[19:03:06] [Render thread/DEBUG] ([Koin]) |- 'me.jfenn.bingo.common.stats.ConnectionFactory'...
[19:03:06] [Render thread/DEBUG] ([Koin]) | (+) '[Singleton: 'me.jfenn.bingo.common.stats.ConnectionFactory']'
[19:03:06] [Render thread/DEBUG] ([Koin]) |- 'org.slf4j.Logger'...
[19:03:06] [Render thread/DEBUG] ([Koin]) |- 'org.slf4j.Logger' in 0.002 ms
[19:03:06] [Render thread/DEBUG] ([Koin]) |- 'me.jfenn.bingo.common.config.BingoConfig'...
[19:03:06] [Render thread/DEBUG] ([Koin]) |- 'me.jfenn.bingo.common.config.BingoConfig' in 0.002 ms
[19:03:06] [Render thread/DEBUG] ([Koin]) |- 'me.jfenn.bingo.platform.IModEnvironment'...
[19:03:06] [Render thread/DEBUG] ([Koin]) |- 'me.jfenn.bingo.platform.IModEnvironment' in 0.002 ms
[19:03:06] [Render thread/DEBUG] ([Koin]) |- 'me.jfenn.bingo.platform.event.IEventBus'...
[19:03:06] [Render thread/DEBUG] ([Koin]) |- 'me.jfenn.bingo.platform.event.IEventBus' in 0.002 ms
[19:03:06] [Render thread/DEBUG] (bingo) [EventBus] Registered me.jfenn.bingo.platform.event.model.ApplicationCloseEvent from ConnectionFactory$$Lambda/0x000000005d0b0708
[19:03:06] [Render thread/DEBUG] ([Koin]) |- 'me.jfenn.bingo.common.stats.ConnectionFactory' in 5.948 ms
[19:03:06] [Render thread/INFO] (bingo) Running database migrations...
[19:03:06] [Render thread/DEBUG] (com.zaxxer.hikari.HikariConfig) HikariPool-1 - configuration:
[19:03:06] [Render thread/DEBUG] (com.zaxxer.hikari.HikariConfig) allowPoolSuspension.............false
[19:03:06] [Render thread/DEBUG] (com.zaxxer.hikari.HikariConfig) autoCommit......................true
[19:03:06] [Render thread/DEBUG] (com.zaxxer.hikari.HikariConfig) catalog.........................none
[19:03:06] [Render thread/DEBUG] (com.zaxxer.hikari.HikariConfig) connectionInitSql...............none
[19:03:06] [Render thread/DEBUG] (com.zaxxer.hikari.HikariConfig) connectionTestQuery.............none
[19:03:06] [Render thread/DEBUG] (com.zaxxer.hikari.HikariConfig) connectionTimeout...............30000
[19:03:06] [Render thread/DEBUG] (com.zaxxer.hikari.HikariConfig) credentials.....................com.zaxxer.hikari.util.Credentials@71ffa4f4
[19:03:06] [Render thread/DEBUG] (com.zaxxer.hikari.HikariConfig) credentialsProvider.............none
[19:03:06] [Render thread/DEBUG] (com.zaxxer.hikari.HikariConfig) credentialsProviderClassName....none
[19:03:06] [Render thread/DEBUG] (com.zaxxer.hikari.HikariConfig) dataSource......................none
[19:03:06] [Render thread/DEBUG] (com.zaxxer.hikari.HikariConfig) dataSourceClassName.............none
[19:03:06] [Render thread/DEBUG] (com.zaxxer.hikari.HikariConfig) dataSourceJNDI..................none
[19:03:06] [Render thread/DEBUG] (com.zaxxer.hikari.HikariConfig) dataSourceProperties............{password=<masked>}
[19:03:06] [Render thread/DEBUG] (com.zaxxer.hikari.HikariConfig) driverClassName.................none
[19:03:06] [Render thread/DEBUG] (com.zaxxer.hikari.HikariConfig) exceptionOverride...............none
[19:03:06] [Render thread/DEBUG] (com.zaxxer.hikari.HikariConfig) exceptionOverrideClassName......none
[19:03:06] [Render thread/DEBUG] (com.zaxxer.hikari.HikariConfig) healthCheckProperties...........{}
[19:03:06] [Render thread/DEBUG] (com.zaxxer.hikari.HikariConfig) healthCheckRegistry.............none
[19:03:06] [Render thread/DEBUG] (com.zaxxer.hikari.HikariConfig) idleTimeout.....................600000
[19:03:06] [Render thread/DEBUG] (com.zaxxer.hikari.HikariConfig) initializationFailTimeout.......1
[19:03:06] [Render thread/DEBUG] (com.zaxxer.hikari.HikariConfig) isolateInternalQueries..........false
[19:03:06] [Render thread/DEBUG] (com.zaxxer.hikari.HikariConfig) jdbcUrl.........................jdbc:sqlite:/home/ovilli/Documents/Programming/yabranked/client/run2/config/yet-another-minecraft-bingo/bingo.db
[19:03:06] [Render thread/DEBUG] (com.zaxxer.hikari.HikariConfig) keepaliveTime...................120000
[19:03:06] [Render thread/DEBUG] (com.zaxxer.hikari.HikariConfig) leakDetectionThreshold..........0
[19:03:06] [Render thread/DEBUG] (com.zaxxer.hikari.HikariConfig) maxLifetime.....................1800000
[19:03:06] [Render thread/DEBUG] (com.zaxxer.hikari.HikariConfig) maximumPoolSize.................10
[19:03:06] [Render thread/DEBUG] (com.zaxxer.hikari.HikariConfig) metricRegistry..................none
[19:03:06] [Render thread/DEBUG] (com.zaxxer.hikari.HikariConfig) metricsTrackerFactory...........none
[19:03:06] [Render thread/DEBUG] (com.zaxxer.hikari.HikariConfig) minimumIdle.....................10
[19:03:06] [Render thread/DEBUG] (com.zaxxer.hikari.HikariConfig) password........................<masked>
[19:03:06] [Render thread/DEBUG] (com.zaxxer.hikari.HikariConfig) poolName........................"HikariPool-1"
[19:03:06] [Render thread/DEBUG] (com.zaxxer.hikari.HikariConfig) readOnly........................false
[19:03:06] [Render thread/DEBUG] (com.zaxxer.hikari.HikariConfig) registerMbeans..................false
[19:03:06] [Render thread/DEBUG] (com.zaxxer.hikari.HikariConfig) scheduledExecutor...............none
[19:03:06] [Render thread/DEBUG] (com.zaxxer.hikari.HikariConfig) schema..........................none
[19:03:06] [Render thread/DEBUG] (com.zaxxer.hikari.HikariConfig) threadFactory...................internal
[19:03:06] [Render thread/DEBUG] (com.zaxxer.hikari.HikariConfig) transactionIsolation............default
[19:03:06] [Render thread/DEBUG] (com.zaxxer.hikari.HikariConfig) username........................""
[19:03:06] [Render thread/DEBUG] (com.zaxxer.hikari.HikariConfig) validationTimeout...............5000
[19:03:06] [Render thread/INFO] (com.zaxxer.hikari.HikariDataSource) HikariPool-1 - Starting...
[19:03:06] [Render thread/DEBUG] (com.zaxxer.hikari.util.DriverDataSource) Loaded driver with class name org.sqlite.JDBC for jdbcUrl=jdbc:sqlite:/home/ovilli/Documents/Programming/yabranked/client/run2/config/yet-another-minecraft-bingo/bingo.db
[19:03:06] [Render thread/DEBUG] (com.zaxxer.hikari.pool.PoolBase) HikariPool-1 - Attempting to create/setup new connection (12a3f855-a198-4e8c-b597-2ebc87c6836b)
[19:03:06] [Render thread/DEBUG] (com.zaxxer.hikari.pool.PoolBase) HikariPool-1 - Established new connection (12a3f855-a198-4e8c-b597-2ebc87c6836b)
[19:03:06] [Render thread/INFO] (com.zaxxer.hikari.pool.HikariPool) HikariPool-1 - Added connection org.sqlite.jdbc4.JDBC4Connection@4249c1c6
[19:03:06] [Render thread/INFO] (com.zaxxer.hikari.HikariDataSource) HikariPool-1 - Start completed.
[19:03:06] [Render thread/INFO] (bingo) [ConnectionFactory] Migrating database from version 6 to 6...
[19:03:06] [Render thread/INFO] (bingo) Running database migrations... - done in 94.886591ms!
[19:03:06] [Render thread/DEBUG] ([Koin]) |- 'me.jfenn.bingo.sql.BingoDatabase' in 104.881 ms
[19:03:06] [Render thread/DEBUG] ([Koin]) |- 'me.jfenn.bingo.common.config.BingoConfig'...
[19:03:06] [Render thread/DEBUG] ([Koin]) |- 'me.jfenn.bingo.common.config.BingoConfig' in 0.013 ms
[19:03:06] [Render thread/DEBUG] ([Koin]) |- 'me.jfenn.bingo.common.config.PlayerSettingsService' in 105.211 ms
[19:03:06] [Render thread/DEBUG] ([Koin]) |- 'me.jfenn.bingo.client.platform.ISessionAccessor'...
[19:03:06] [Render thread/DEBUG] ([Koin]) | (+) '[Singleton: 'me.jfenn.bingo.client.impl.SessionAccessor',binds:me.jfenn.bingo.client.platform.ISessionAccessor]'
[19:03:06] [Render thread/DEBUG] ([Koin]) |- 'me.jfenn.bingo.client.platform.ISessionAccessor' in 0.055 ms
[19:03:06] [Render thread/DEBUG] ([Koin]) |- 'me.jfenn.bingo.client.common.packet.ClientPacketEvents'...
[19:03:06] [Render thread/DEBUG] ([Koin]) |- 'me.jfenn.bingo.client.common.packet.ClientPacketEvents' in 0.005 ms
[19:03:06] [Render thread/DEBUG] ([Koin]) |- 'me.jfenn.bingo.client.common.settings.ClientSettingsService' in 105.451 ms
[19:03:06] [Render thread/DEBUG] ([Koin]) |- 'me.jfenn.bingo.client.common.packet.ClientPacketEvents'...
[19:03:06] [Render thread/DEBUG] ([Koin]) |- 'me.jfenn.bingo.client.common.packet.ClientPacketEvents' in 0.006 ms
[19:03:06] [Render thread/DEBUG] ([Koin]) |- 'me.jfenn.bingo.platform.event.IEventBus'...
[19:03:06] [Render thread/DEBUG] ([Koin]) |- 'me.jfenn.bingo.platform.event.IEventBus' in 0.004 ms
[19:03:06] [Render thread/DEBUG] (bingo) [EventBus] Registered packetS2C=yet-another-minecraft-bingo:update_settings from ClientSettingsController$$Lambda/0x000000005d0d7ae8
[19:03:06] [Render thread/DEBUG] (bingo) [EventBus] Registered me.jfenn.bingo.client.platform.event.model.ClientServerEvent.ChannelRegister from ClientSettingsController$$Lambda/0x000000005d0d5800
[19:03:06] [Render thread/DEBUG] ([Koin]) | (+) '[Singleton: 'me.jfenn.bingo.client.common.stats.ClientStatsSyncController']'
[19:03:06] [Render thread/DEBUG] ([Koin]) |- 'org.slf4j.Logger'...
[19:03:06] [Render thread/DEBUG] ([Koin]) |- 'org.slf4j.Logger' in 0.006 ms
[19:03:06] [Render thread/DEBUG] ([Koin]) |- 'me.jfenn.bingo.common.config.BingoConfig'...
[19:03:06] [Render thread/DEBUG] ([Koin]) |- 'me.jfenn.bingo.common.config.BingoConfig' in 0.003 ms
[19:03:06] [Render thread/DEBUG] ([Koin]) |- 'me.jfenn.bingo.client.common.packet.ClientPacketEvents'...
[19:03:06] [Render thread/DEBUG] ([Koin]) |- 'me.jfenn.bingo.client.common.packet.ClientPacketEvents' in 0.002 ms
[19:03:06] [Render thread/DEBUG] ([Koin]) |- 'me.jfenn.bingo.common.stats.StatsService'...
[19:03:06] [Render thread/DEBUG] ([Koin]) | (+) '[Singleton: 'me.jfenn.bingo.common.stats.StatsService']'
[19:03:06] [Render thread/DEBUG] ([Koin]) |- 'org.slf4j.Logger'...
[19:03:06] [Render thread/DEBUG] ([Koin]) |- 'org.slf4j.Logger' in 0.002 ms
[19:03:06] [Render thread/DEBUG] ([Koin]) |- 'me.jfenn.bingo.sql.BingoDatabase'...
[19:03:06] [Render thread/DEBUG] ([Koin]) |- 'me.jfenn.bingo.sql.BingoDatabase' in 0.006 ms
[19:03:06] [Render thread/DEBUG] ([Koin]) |- 'me.jfenn.bingo.platform.IExecutors'...
[19:03:06] [Render thread/DEBUG] ([Koin]) | (+) '[Singleton: 'me.jfenn.bingo.impl.Executors',binds:me.jfenn.bingo.platform.IExecutors]'
[19:03:06] [Render thread/DEBUG] ([Koin]) |- 'me.jfenn.bingo.platform.IExecutors' in 0.068 ms
[19:03:06] [Render thread/DEBUG] ([Koin]) |- 'me.jfenn.bingo.common.config.BingoConfig'...
[19:03:06] [Render thread/DEBUG] ([Koin]) |- 'me.jfenn.bingo.common.config.BingoConfig' in 0.005 ms
[19:03:06] [Render thread/DEBUG] ([Koin]) |- 'me.jfenn.bingo.common.stats.StatsService' in 0.305 ms
[19:03:06] [Render thread/DEBUG] ([Koin]) |- 'me.jfenn.bingo.platform.IExecutors'...
[19:03:06] [Render thread/DEBUG] ([Koin]) |- 'me.jfenn.bingo.platform.IExecutors' in 0.004 ms
[19:03:06] [Render thread/DEBUG] ([Koin]) |- 'me.jfenn.bingo.client.platform.ISessionAccessor'...
[19:03:06] [Render thread/DEBUG] ([Koin]) |- 'me.jfenn.bingo.client.platform.ISessionAccessor' in 0.003 ms
[19:03:06] [Render thread/DEBUG] ([Koin]) |- 'me.jfenn.bingo.platform.event.IEventBus'...
[19:03:06] [Render thread/DEBUG] ([Koin]) |- 'me.jfenn.bingo.platform.event.IEventBus' in 0.002 ms
[19:03:06] [Render thread/DEBUG] (bingo) Initialize [ClientStatsSyncController]
[19:03:06] [Render thread/DEBUG] (bingo) [EventBus] Registered packetS2C=yet-another-minecraft-bingo:stats_check from ClientStatsSyncController$$Lambda/0x000000005d0d5a50
[19:03:06] [Render thread/DEBUG] (bingo) [EventBus] Registered packetS2C=yet-another-minecraft-bingo:stats_index from ClientStatsSyncController$$Lambda/0x000000005d0d5ca0
[19:03:06] [Render thread/DEBUG] (bingo) [EventBus] Registered packetS2C=yet-another-minecraft-bingo:stats_game from ClientStatsSyncController$$Lambda/0x000000005d0d5400
[19:03:06] [Render thread/DEBUG] ([Koin]) | (+) '[Singleton: 'me.jfenn.bingo.client.impl.event.ClientEventsImpl']'
[19:03:06] [Render thread/DEBUG] ([Koin]) |- 'me.jfenn.bingo.platform.event.IEventBus'...
[19:03:06] [Render thread/DEBUG] ([Koin]) |- 'me.jfenn.bingo.platform.event.IEventBus' in 0.005 ms
[19:03:06] [Render thread/DEBUG] ([Koin]) Created eager instances in 184.046 ms
[19:03:06] [Render thread/DEBUG] ([Koin]) |- 'me.jfenn.bingo.common.scope.BingoPluginHolder'...
[19:03:06] [Render thread/DEBUG] ([Koin]) | (+) '[Singleton: 'me.jfenn.bingo.common.scope.BingoPluginHolder']'
[19:03:06] [Render thread/DEBUG] ([Koin]) |- 'me.jfenn.bingo.platform.IModEnvironment'...
[19:03:06] [Render thread/DEBUG] ([Koin]) |- 'me.jfenn.bingo.platform.IModEnvironment' in 0.006 ms
[19:03:06] [Render thread/DEBUG] ([Koin]) |- 'me.jfenn.bingo.platform.event.IEventBus'...
[19:03:06] [Render thread/DEBUG] ([Koin]) |- 'me.jfenn.bingo.platform.event.IEventBus' in 0.003 ms
[19:03:06] [Render thread/DEBUG] ([Koin]) |- 'me.jfenn.bingo.common.scope.BingoPluginHolder' in 0.784 ms
[19:03:06] [Render thread/DEBUG] ([Koin]) |- 'me.jfenn.bingo.common.data.DataLoaderManager'...
[19:03:06] [Render thread/DEBUG] ([Koin]) | (+) '[Singleton: 'me.jfenn.bingo.common.data.DataLoaderManager']'
[19:03:06] [Render thread/DEBUG] ([Koin]) |- 'me.jfenn.bingo.platform.event.IEventBus'...
[19:03:06] [Render thread/DEBUG] ([Koin]) |- 'me.jfenn.bingo.platform.event.IEventBus' in 0.003 ms
[19:03:06] [Render thread/DEBUG] ([Koin]) |- 'org.slf4j.Logger'...
[19:03:06] [Render thread/DEBUG] ([Koin]) |- 'org.slf4j.Logger' in 0.004 ms
[19:03:06] [Render thread/DEBUG] ([Koin]) |- 'me.jfenn.bingo.common.data.ScopedData'...
[19:03:06] [Render thread/DEBUG] ([Koin]) | (+) '[Singleton: 'me.jfenn.bingo.common.data.ScopedData']'
[19:03:06] [Render thread/DEBUG] ([Koin]) |- 'me.jfenn.bingo.common.data.ScopedData' in 1.15 ms
[19:03:06] [Render thread/DEBUG] ([Koin]) |- 'me.jfenn.bingo.common.data.FilterPresetsLoader'...
[19:03:06] [Render thread/DEBUG] ([Koin]) | (+) '[Singleton: 'me.jfenn.bingo.common.data.FilterPresetsLoader']'
[19:03:06] [Render thread/DEBUG] ([Koin]) |- 'me.jfenn.bingo.platform.IJsonSerializers'...
[19:03:06] [Render thread/DEBUG] ([Koin]) | (+) '[Singleton: 'me.jfenn.bingo.impl.JsonSerializers',binds:me.jfenn.bingo.platform.IJsonSerializers]'
[19:03:06] [Render thread/DEBUG] ([Koin]) |- 'me.jfenn.bingo.platform.item.IItemStackFactory'...
[19:03:06] [Render thread/DEBUG] ([Koin]) |- 'me.jfenn.bingo.platform.item.IItemStackFactory' in 0.006 ms
[19:03:06] [Render thread/DEBUG] ([Koin]) |- 'me.jfenn.bingo.platform.IJsonSerializers' in 2.527 ms
[19:03:06] [Render thread/DEBUG] ([Koin]) |- 'org.slf4j.Logger'...
[19:03:06] [Render thread/DEBUG] ([Koin]) |- 'org.slf4j.Logger' in 0.004 ms
[19:03:06] [Render thread/DEBUG] ([Koin]) |- 'me.jfenn.bingo.common.data.FilterPresetsLoader' in 2.67 ms
[19:03:06] [Render thread/DEBUG] ([Koin]) |- 'me.jfenn.bingo.common.data.ObjectiveLoader'...
[19:03:06] [Render thread/DEBUG] ([Koin]) | (+) '[Singleton: 'me.jfenn.bingo.common.data.ObjectiveLoader']'
[19:03:06] [Render thread/DEBUG] ([Koin]) |- 'org.slf4j.Logger'...
[19:03:06] [Render thread/DEBUG] ([Koin]) |- 'org.slf4j.Logger' in 0.021 ms
[19:03:06] [Render thread/DEBUG] ([Koin]) |- 'me.jfenn.bingo.common.data.ObjectiveLoader' in 0.098 ms
[19:03:06] [Render thread/DEBUG] ([Koin]) |- 'me.jfenn.bingo.common.data.ObjectiveDisplayRuleLoader'...
[19:03:06] [Render thread/DEBUG] ([Koin]) | (+) '[Singleton: 'me.jfenn.bingo.common.data.ObjectiveDisplayRuleLoader']'
[19:03:06] [Render thread/DEBUG] ([Koin]) |- 'org.slf4j.Logger'...
[19:03:06] [Render thread/DEBUG] ([Koin]) |- 'org.slf4j.Logger' in 0.002 ms
[19:03:06] [Render thread/DEBUG] ([Koin]) |- 'me.jfenn.bingo.common.data.ObjectiveDisplayRuleLoader' in 0.05 ms
[19:03:06] [Render thread/DEBUG] ([Koin]) |- 'me.jfenn.bingo.common.spawn.SpawnKitLoader'...
[19:03:06] [Render thread/DEBUG] ([Koin]) | (+) '[Singleton: 'me.jfenn.bingo.common.spawn.SpawnKitLoader']'
[19:03:06] [Render thread/DEBUG] ([Koin]) |- 'me.jfenn.bingo.common.config.TrackedFileService'...
[19:03:06] [Render thread/DEBUG] ([Koin]) | (+) '[Singleton: 'me.jfenn.bingo.common.config.TrackedFileService']'
[19:03:06] [Render thread/DEBUG] ([Koin]) |- 'me.jfenn.bingo.common.config.ConfigService'...
[19:03:06] [Render thread/DEBUG] ([Koin]) |- 'me.jfenn.bingo.common.config.ConfigService' in 0.001 ms
[19:03:06] [Render thread/DEBUG] ([Koin]) |- 'me.jfenn.bingo.platform.IModEnvironment'...
[19:03:06] [Render thread/DEBUG] ([Koin]) |- 'me.jfenn.bingo.platform.IModEnvironment' in 0.002 ms
[19:03:06] [Render thread/DEBUG] ([Koin]) |- 'org.slf4j.Logger'...
[19:03:06] [Render thread/DEBUG] ([Koin]) |- 'org.slf4j.Logger' in 0.001 ms
[19:03:06] [Render thread/DEBUG] ([Koin]) |- 'me.jfenn.bingo.common.config.TrackedFileService' in 0.119 ms
[19:03:06] [Render thread/DEBUG] ([Koin]) |- 'me.jfenn.bingo.platform.IModEnvironment'...
[19:03:06] [Render thread/DEBUG] ([Koin]) |- 'me.jfenn.bingo.platform.IModEnvironment' in 0.003 ms
[19:03:06] [Render thread/DEBUG] ([Koin]) |- 'org.slf4j.Logger'...
[19:03:06] [Render thread/DEBUG] ([Koin]) |- 'org.slf4j.Logger' in 0.002 ms
[19:03:06] [Render thread/DEBUG] ([Koin]) |- 'me.jfenn.bingo.common.spawn.SpawnKitLoader' in 0.347 ms
[19:03:06] [Render thread/DEBUG] ([Koin]) |- 'me.jfenn.bingo.common.data.TierListLoader'...
[19:03:06] [Render thread/DEBUG] ([Koin]) | (+) '[Singleton: 'me.jfenn.bingo.common.data.TierListLoader']'
[19:03:06] [Render thread/DEBUG] ([Koin]) |- 'me.jfenn.bingo.common.config.TrackedFileService'...
[19:03:06] [Render thread/DEBUG] ([Koin]) |- 'me.jfenn.bingo.common.config.TrackedFileService' in 0.002 ms
[19:03:06] [Render thread/DEBUG] ([Koin]) |- 'me.jfenn.bingo.platform.IModEnvironment'...
[19:03:06] [Render thread/DEBUG] ([Koin]) |- 'me.jfenn.bingo.platform.IModEnvironment' in 0.002 ms
[19:03:06] [Render thread/DEBUG] ([Koin]) |- 'org.slf4j.Logger'...
[19:03:06] [Render thread/DEBUG] ([Koin]) |- 'org.slf4j.Logger' in 0.002 ms
[19:03:06] [Render thread/DEBUG] ([Koin]) |- 'me.jfenn.bingo.common.data.TierListLoader' in 0.217 ms
[19:03:06] [Render thread/DEBUG] ([Koin]) |- 'me.jfenn.bingo.common.data.TagLoader'...
[19:03:06] [Render thread/DEBUG] ([Koin]) | (+) '[Singleton: 'me.jfenn.bingo.common.data.TagLoader']'
[19:03:06] [Render thread/DEBUG] ([Koin]) |- 'me.jfenn.bingo.common.config.TrackedFileService'...
[19:03:06] [Render thread/DEBUG] ([Koin]) |- 'me.jfenn.bingo.common.config.TrackedFileService' in 0.002 ms
[19:03:06] [Render thread/DEBUG] ([Koin]) |- 'me.jfenn.bingo.platform.IModEnvironment'...
[19:03:06] [Render thread/DEBUG] ([Koin]) |- 'me.jfenn.bingo.platform.IModEnvironment' in 0.002 ms
[19:03:06] [Render thread/DEBUG] ([Koin]) |- 'org.slf4j.Logger'...
[19:03:06] [Render thread/DEBUG] ([Koin]) |- 'org.slf4j.Logger' in 0.002 ms
[19:03:06] [Render thread/DEBUG] ([Koin]) |- 'me.jfenn.bingo.common.data.TagLoader' in 0.204 ms
[19:03:06] [Render thread/DEBUG] ([Koin]) |- 'me.jfenn.bingo.common.data.TeamPresetLoader'...
[19:03:06] [Render thread/DEBUG] ([Koin]) | (+) '[Singleton: 'me.jfenn.bingo.common.data.TeamPresetLoader']'
[19:03:06] [Render thread/DEBUG] ([Koin]) |- 'me.jfenn.bingo.platform.IJsonSerializers'...
[19:03:06] [Render thread/DEBUG] ([Koin]) |- 'me.jfenn.bingo.platform.IJsonSerializers' in 0.002 ms
[19:03:06] [Render thread/DEBUG] ([Koin]) |- 'org.slf4j.Logger'...
[19:03:06] [Render thread/DEBUG] ([Koin]) |- 'org.slf4j.Logger' in 0.002 ms
[19:03:06] [Render thread/DEBUG] ([Koin]) |- 'me.jfenn.bingo.common.data.TeamPresetLoader' in 0.163 ms
[19:03:06] [Render thread/DEBUG] ([Koin]) |- 'me.jfenn.bingo.common.data.ObtainableItemsLoader'...
[19:03:06] [Render thread/DEBUG] ([Koin]) | (+) '[Singleton: 'me.jfenn.bingo.common.data.ObtainableItemsLoader']'
[19:03:06] [Render thread/DEBUG] ([Koin]) |- 'org.slf4j.Logger'...
[19:03:06] [Render thread/DEBUG] ([Koin]) |- 'org.slf4j.Logger' in 0.002 ms
[19:03:06] [Render thread/DEBUG] ([Koin]) |- 'me.jfenn.bingo.common.data.ObtainableItemsLoader' in 0.04 ms
[19:03:06] [Render thread/DEBUG] ([Koin]) |- 'me.jfenn.bingo.common.controller.DatapackFunctionService$Loader'...
[19:03:06] [Render thread/DEBUG] ([Koin]) | (+) '[Singleton: 'me.jfenn.bingo.common.controller.DatapackFunctionService$Loader']'
[19:03:06] [Render thread/DEBUG] ([Koin]) |- 'me.jfenn.bingo.common.config.TrackedFileService'...
[19:03:06] [Render thread/DEBUG] ([Koin]) |- 'me.jfenn.bingo.common.config.TrackedFileService' in 0.002 ms
[19:03:06] [Render thread/DEBUG] ([Koin]) |- 'me.jfenn.bingo.platform.IModEnvironment'...
[19:03:06] [Render thread/DEBUG] ([Koin]) |- 'me.jfenn.bingo.platform.IModEnvironment' in 0.001 ms
[19:03:06] [Render thread/DEBUG] ([Koin]) |- 'me.jfenn.bingo.common.controller.DatapackFunctionService$Loader' in 0.08 ms
[19:03:06] [Render thread/DEBUG] ([Koin]) |- 'me.jfenn.bingo.common.text.MessageService$Loader'...
[19:03:06] [Render thread/DEBUG] ([Koin]) | (+) '[Singleton: 'me.jfenn.bingo.common.text.MessageService$Loader']'
[19:03:06] [Render thread/DEBUG] ([Koin]) |- 'me.jfenn.bingo.common.config.TrackedFileService'...
[19:03:06] [Render thread/DEBUG] ([Koin]) |- 'me.jfenn.bingo.common.config.TrackedFileService' in 0.002 ms
[19:03:06] [Render thread/DEBUG] ([Koin]) |- 'me.jfenn.bingo.platform.IModEnvironment'...
[19:03:06] [Render thread/DEBUG] ([Koin]) |- 'me.jfenn.bingo.platform.IModEnvironment' in 0.002 ms
[19:03:06] [Render thread/DEBUG] ([Koin]) |- 'me.jfenn.bingo.platform.IJsonSerializers'...
[19:03:06] [Render thread/DEBUG] ([Koin]) |- 'me.jfenn.bingo.platform.IJsonSerializers' in 0.002 ms
[19:03:06] [Render thread/DEBUG] ([Koin]) |- 'org.slf4j.Logger'...
[19:03:06] [Render thread/DEBUG] ([Koin]) |- 'org.slf4j.Logger' in 0.001 ms
[19:03:06] [Render thread/DEBUG] ([Koin]) |- 'me.jfenn.bingo.common.text.MessageService$Loader' in 0.102 ms
[19:03:06] [Render thread/DEBUG] (bingo) [EventBus] Registered me.jfenn.bingo.platform.event.model.ReloadEvent.Companion from DataLoaderManager$$Lambda/0x000000005d0df4b0
[19:03:06] [Render thread/DEBUG] ([Koin]) |- 'me.jfenn.bingo.common.data.DataLoaderManager' in 5.997 ms
[19:03:06] [Render thread/DEBUG] ([Koin]) |- 'me.jfenn.bingo.common.map.MapColors'...
[19:03:06] [Render thread/DEBUG] ([Koin]) | (+) '[Singleton: 'me.jfenn.bingo.common.map.MapColors']'
[19:03:06] [Render thread/DEBUG] ([Koin]) |- 'me.jfenn.bingo.platform.IMapColorService'...
[19:03:06] [Render thread/DEBUG] ([Koin]) | (+) '[Singleton: 'me.jfenn.bingo.impl.MapColorServiceImpl',binds:me.jfenn.bingo.platform.IMapColorService]'
[19:03:06] [Render thread/DEBUG] ([Koin]) |- 'me.jfenn.bingo.platform.IMapColorService' in 0.045 ms
[19:03:06] [Render thread/DEBUG] ([Koin]) |- 'me.jfenn.bingo.common.map.MapColors' in 1.546 ms
[19:03:06] [Render thread/DEBUG] ([Koin]) |- 'me.jfenn.bingo.common.datapack.ServerDatapackManager'...
[19:03:06] [Render thread/DEBUG] ([Koin]) | (+) '[Singleton: 'me.jfenn.bingo.common.datapack.ServerDatapackManager']'
[19:03:06] [Render thread/DEBUG] ([Koin]) |- 'org.slf4j.Logger'...
[19:03:06] [Render thread/DEBUG] ([Koin]) |- 'org.slf4j.Logger' in 0.003 ms
[19:03:06] [Render thread/DEBUG] ([Koin]) |- 'me.jfenn.bingo.common.config.BingoConfig'...
[19:03:06] [Render thread/DEBUG] ([Koin]) |- 'me.jfenn.bingo.common.config.BingoConfig' in 0.002 ms
[19:03:06] [Render thread/DEBUG] ([Koin]) |- 'me.jfenn.bingo.platform.IModEnvironment'...
[19:03:06] [Render thread/DEBUG] ([Koin]) |- 'me.jfenn.bingo.platform.IModEnvironment' in 0.002 ms
[19:03:06] [Render thread/DEBUG] ([Koin]) |- 'me.jfenn.bingo.common.datapack.ServerProps'...
[19:03:06] [Render thread/DEBUG] ([Koin]) | (+) '[Singleton: 'me.jfenn.bingo.common.datapack.ServerProps']'
[19:03:06] [Render thread/DEBUG] ([Koin]) |- 'me.jfenn.bingo.platform.IModEnvironment'...
[19:03:06] [Render thread/DEBUG] ([Koin]) |- 'me.jfenn.bingo.platform.IModEnvironment' in 0.002 ms
[19:03:06] [Render thread/DEBUG] ([Koin]) |- 'me.jfenn.bingo.common.datapack.ServerProps' in 0.151 ms
[19:03:06] [Render thread/DEBUG] ([Koin]) |- 'me.jfenn.bingo.common.datapack.LobbyConfigService'...
[19:03:06] [Render thread/DEBUG] ([Koin]) |- 'me.jfenn.bingo.common.datapack.LobbyConfigService' in 0.003 ms
[19:03:06] [Render thread/DEBUG] (bingo) Initialize [ServerDatapackManager]
[19:03:06] [Render thread/DEBUG] ([Koin]) |- 'me.jfenn.bingo.common.datapack.ServerDatapackManager' in 0.886 ms
[19:03:06] [Render thread/DEBUG] ([Koin]) |- 'me.jfenn.bingo.platform.scope.IScopeManager'...
[19:03:06] [Render thread/DEBUG] ([Koin]) | (+) '[Singleton: 'me.jfenn.bingo.common.scope.ScopeManager',binds:me.jfenn.bingo.platform.scope.IScopeManager]'
[19:03:06] [Render thread/DEBUG] ([Koin]) |- 'me.jfenn.bingo.koin.core.Koin'...
[19:03:06] [Render thread/DEBUG] ([Koin]) |- 'me.jfenn.bingo.koin.core.Koin' in 0.003 ms
[19:03:06] [Render thread/DEBUG] ([Koin]) |- 'org.slf4j.Logger'...
[19:03:06] [Render thread/DEBUG] ([Koin]) |- 'org.slf4j.Logger' in 0.002 ms
[19:03:06] [Render thread/DEBUG] ([Koin]) |- 'me.jfenn.bingo.common.config.ConfigService'...
[19:03:06] [Render thread/DEBUG] ([Koin]) |- 'me.jfenn.bingo.common.config.ConfigService' in 0.002 ms
[19:03:06] [Render thread/DEBUG] ([Koin]) |- 'me.jfenn.bingo.platform.event.IEventBus'...
[19:03:06] [Render thread/DEBUG] ([Koin]) |- 'me.jfenn.bingo.platform.event.IEventBus' in 0.003 ms
[19:03:06] [Render thread/DEBUG] (bingo) [EventBus] Registered me.jfenn.bingo.platform.event.model.ServerEvent.Starting from ScopeManager$$Lambda/0x000000005d0e1898
[19:03:06] [Render thread/DEBUG] (bingo) [EventBus] Registered me.jfenn.bingo.platform.event.model.ServerEvent.Started from ScopeManager$$Lambda/0x000000005d0e1ae8
[19:03:06] [Render thread/DEBUG] (bingo) [EventBus] Registered me.jfenn.bingo.platform.event.model.ServerEvent.Stopped from ScopeManager$$Lambda/0x000000005d0e1d38
[19:03:06] [Render thread/DEBUG] ([Koin]) |- 'me.jfenn.bingo.platform.scope.IScopeManager' in 0.724 ms
[19:03:06] [Render thread/DEBUG] ([Koin]) |- 'me.jfenn.bingo.common.event.packet.ServerPacketEvents'...
[19:03:06] [Render thread/DEBUG] ([Koin]) | (+) '[Singleton: 'me.jfenn.bingo.common.event.packet.ServerPacketEvents']'
[19:03:06] [Render thread/DEBUG] ([Koin]) |- 'me.jfenn.bingo.platform.packet.IServerNetworking'...
[19:03:06] [Render thread/DEBUG] ([Koin]) | (+) '[Singleton: 'me.jfenn.bingo.impl.networking.ServerNetworkingImpl',binds:me.jfenn.bingo.platform.packet.IServerNetworking]'
[19:03:06] [Render thread/DEBUG] ([Koin]) |- 'org.slf4j.Logger'...
[19:03:06] [Render thread/DEBUG] ([Koin]) |- 'org.slf4j.Logger' in 0.002 ms
[19:03:06] [Render thread/DEBUG] ([Koin]) |- 'me.jfenn.bingo.platform.item.IItemStackFactory'...
[19:03:06] [Render thread/DEBUG] ([Koin]) |- 'me.jfenn.bingo.platform.item.IItemStackFactory' in 0.002 ms
[19:03:06] [Render thread/DEBUG] ([Koin]) |- 'me.jfenn.bingo.platform.event.IEventBus'...
[19:03:06] [Render thread/DEBUG] ([Koin]) |- 'me.jfenn.bingo.platform.event.IEventBus' in 0.002 ms
[19:03:06] [Render thread/DEBUG] ([Koin]) |- 'me.jfenn.bingo.platform.packet.IServerNetworking' in 0.082 ms
[19:03:06] [Render thread/DEBUG] (bingo) [ServerNetworkingInfo] Registering S2C packet yet-another-minecraft-bingo:card_reset
[19:03:06] [Render thread/DEBUG] (bingo) [ServerNetworkingInfo] Registering S2C packet yet-another-minecraft-bingo:display_cards
[19:03:06] [Render thread/DEBUG] (bingo) [ServerNetworkingInfo] Registering S2C packet yet-another-minecraft-bingo:update_card_tiles
[19:03:06] [Render thread/DEBUG] (bingo) [ServerNetworkingInfo] Registering S2C packet yet-another-minecraft-bingo:card_image
[19:03:06] [Render thread/DEBUG] (bingo) [ServerNetworkingInfo] Registering S2C packet yet-another-minecraft-bingo:open_card
[19:03:06] [Render thread/DEBUG] (bingo) [ServerNetworkingInfo] Registering S2C packet yet-another-minecraft-bingo:card_shuffled
[19:03:06] [Render thread/DEBUG] (bingo) [ServerNetworkingInfo] Registering S2C packet yet-another-minecraft-bingo:card_completed
[19:03:06] [Render thread/DEBUG] (bingo) [ServerNetworkingInfo] Registering S2C packet yet-another-minecraft-bingo:game_over
[19:03:06] [Render thread/DEBUG] (bingo) [ServerNetworkingInfo] Registering S2C packet yet-another-minecraft-bingo:score_update
[19:03:06] [Render thread/DEBUG] (bingo) [ServerNetworkingInfo] Registering S2C packet yet-another-minecraft-bingo:scored_item_lost
[19:03:06] [Render thread/DEBUG] (bingo) [ServerNetworkingInfo] Registering S2C packet yet-another-minecraft-bingo:game_status
[19:03:06] [Render thread/DEBUG] (bingo) [ServerNetworkingInfo] Registering S2C packet yet-another-minecraft-bingo:game_message
[19:03:06] [Render thread/DEBUG] (bingo) [ServerNetworkingInfo] Registering S2C packet yet-another-minecraft-bingo:game_message_clear
[19:03:06] [Render thread/DEBUG] (bingo) [ServerNetworkingInfo] Registering S2C packet yet-another-minecraft-bingo:timer
[19:03:06] [Render thread/DEBUG] (bingo) [ServerNetworkingInfo] Registering S2C packet yet-another-minecraft-bingo:countdown
[19:03:06] [Render thread/DEBUG] (bingo) [ServerNetworkingInfo] Registering S2C packet yet-another-minecraft-bingo:tooltip
[19:03:06] [Render thread/DEBUG] (bingo) [ServerNetworkingInfo] Registering S2C packet yet-another-minecraft-bingo:game_reset
[19:03:06] [Render thread/DEBUG] (bingo) [ServerNetworkingInfo] Registering S2C packet yet-another-minecraft-bingo:ready_timer_update
[19:03:06] [Render thread/DEBUG] (bingo) [ServerNetworkingInfo] Registering C2S packet yet-another-minecraft-bingo:set_ready
[19:03:06] [Render thread/DEBUG] (bingo) [ServerNetworkingInfo] Registering C2S packet yet-another-minecraft-bingo:update_settings
[19:03:06] [Render thread/DEBUG] (bingo) [ServerNetworkingInfo] Registering S2C packet yet-another-minecraft-bingo:update_settings
[19:03:06] [Render thread/DEBUG] (bingo) [ServerNetworkingInfo] Registering C2S packet yet-another-minecraft-bingo:stats_check
[19:03:06] [Render thread/DEBUG] (bingo) [ServerNetworkingInfo] Registering S2C packet yet-another-minecraft-bingo:stats_check
[19:03:06] [Render thread/DEBUG] (bingo) [ServerNetworkingInfo] Registering C2S packet yet-another-minecraft-bingo:stats_game
[19:03:06] [Render thread/DEBUG] (bingo) [ServerNetworkingInfo] Registering S2C packet yet-another-minecraft-bingo:stats_game
[19:03:06] [Render thread/DEBUG] (bingo) [ServerNetworkingInfo] Registering C2S packet yet-another-minecraft-bingo:stats_index
[19:03:06] [Render thread/DEBUG] (bingo) [ServerNetworkingInfo] Registering S2C packet yet-another-minecraft-bingo:stats_index
[19:03:06] [Render thread/DEBUG] ([Koin]) |- 'me.jfenn.bingo.common.event.packet.ServerPacketEvents' in 2.573 ms
[19:03:06] [Render thread/DEBUG] ([Koin]) |- 'me.jfenn.bingo.common.commands.BingoCommand'...
[19:03:06] [Render thread/DEBUG] ([Koin]) | (+) '[Singleton: 'me.jfenn.bingo.common.commands.BingoCommand']'
[19:03:06] [Render thread/DEBUG] ([Koin]) |- 'me.jfenn.bingo.platform.commands.ICommandManager'...
[19:03:06] [Render thread/DEBUG] ([Koin]) | (+) '[Singleton: 'me.jfenn.bingo.impl.CommandManagerImpl',binds:me.jfenn.bingo.platform.commands.ICommandManager]'
[19:03:06] [Render thread/DEBUG] ([Koin]) |- 'org.slf4j.Logger'...
[19:03:06] [Render thread/DEBUG] ([Koin]) |- 'org.slf4j.Logger' in 0.002 ms
[19:03:06] [Render thread/DEBUG] ([Koin]) |- 'me.jfenn.bingo.platform.commands.ICommandManager' in 1.668 ms
[19:03:06] [Render thread/DEBUG] ([Koin]) |- 'me.jfenn.bingo.common.text.TextProvider'...
[19:03:06] [Render thread/DEBUG] ([Koin]) |- 'me.jfenn.bingo.common.text.TextProvider' in 0.006 ms
[19:03:06] [Render thread/DEBUG] (bingo) Initialize [BingoCommand]
[19:03:06] [Render thread/DEBUG] ([Koin]) |- 'me.jfenn.bingo.common.commands.BingoCommand' in 2.857 ms
[19:03:06] [Render thread/DEBUG] ([Koin]) |- 'me.jfenn.bingo.common.commands.BingoCardCommand'...
[19:03:06] [Render thread/DEBUG] ([Koin]) | (+) '[Singleton: 'me.jfenn.bingo.common.commands.BingoCardCommand']'
[19:03:06] [Render thread/DEBUG] ([Koin]) |- 'me.jfenn.bingo.platform.commands.ICommandManager'...
[19:03:06] [Render thread/DEBUG] ([Koin]) |- 'me.jfenn.bingo.platform.commands.ICommandManager' in 0.003 ms
[19:03:06] [Render thread/DEBUG] ([Koin]) |- 'me.jfenn.bingo.common.config.BingoConfig'...
[19:03:06] [Render thread/DEBUG] ([Koin]) |- 'me.jfenn.bingo.common.config.BingoConfig' in 0.002 ms
[19:03:06] [Render thread/DEBUG] ([Koin]) |- 'me.jfenn.bingo.common.text.TextProvider'...
[19:03:06] [Render thread/DEBUG] ([Koin]) |- 'me.jfenn.bingo.common.text.TextProvider' in 0.002 ms
[19:03:06] [Render thread/DEBUG] (bingo) Initialize [BingoCardCommand]
[19:03:06] [Render thread/DEBUG] ([Koin]) |- 'me.jfenn.bingo.common.commands.BingoCardCommand' in 5.006 ms
[19:03:06] [Render thread/DEBUG] ([Koin]) |- 'me.jfenn.bingo.common.lobby.BingoLobbyCommand'...
[19:03:06] [Render thread/DEBUG] ([Koin]) | (+) '[Singleton: 'me.jfenn.bingo.common.lobby.BingoLobbyCommand']'
[19:03:06] [Render thread/DEBUG] ([Koin]) |- 'me.jfenn.bingo.platform.commands.ICommandManager'...
[19:03:06] [Render thread/DEBUG] ([Koin]) |- 'me.jfenn.bingo.platform.commands.ICommandManager' in 0.003 ms
[19:03:06] [Render thread/DEBUG] ([Koin]) |- 'me.jfenn.bingo.platform.IModEnvironment'...
[19:03:06] [Render thread/DEBUG] ([Koin]) |- 'me.jfenn.bingo.platform.IModEnvironment' in 0.002 ms
[19:03:06] [Render thread/DEBUG] ([Koin]) |- 'me.jfenn.bingo.common.config.BingoConfig'...
[19:03:06] [Render thread/DEBUG] ([Koin]) |- 'me.jfenn.bingo.common.config.BingoConfig' in 0.002 ms
[19:03:06] [Render thread/DEBUG] ([Koin]) |- 'me.jfenn.bingo.common.text.TextProvider'...
[19:03:06] [Render thread/DEBUG] ([Koin]) |- 'me.jfenn.bingo.common.text.TextProvider' in 0.002 ms
[19:03:06] [Render thread/DEBUG] ([Koin]) |- 'me.jfenn.bingo.common.lobby.BingoLobbyCommand' in 1.222 ms
[19:03:06] [Render thread/DEBUG] ([Koin]) |- 'me.jfenn.bingo.common.commands.BingoOptionsCommands'...
[19:03:06] [Render thread/DEBUG] ([Koin]) | (+) '[Singleton: 'me.jfenn.bingo.common.commands.BingoOptionsCommands']'
[19:03:06] [Render thread/DEBUG] ([Koin]) |- 'me.jfenn.bingo.platform.commands.ICommandManager'...
[19:03:06] [Render thread/DEBUG] ([Koin]) |- 'me.jfenn.bingo.platform.commands.ICommandManager' in 0.003 ms
[19:03:06] [Render thread/DEBUG] (bingo) Initialize [BingoOptionsCommands]
[19:03:06] [Render thread/DEBUG] ([Koin]) |- 'me.jfenn.bingo.common.commands.BingoOptionsCommands' in 6.045 ms
[19:03:06] [Render thread/DEBUG] ([Koin]) |- 'me.jfenn.bingo.common.commands.BingoPrefsCommand'...
[19:03:06] [Render thread/DEBUG] ([Koin]) | (+) '[Singleton: 'me.jfenn.bingo.common.commands.BingoPrefsCommand']'
[19:03:06] [Render thread/DEBUG] ([Koin]) |- 'me.jfenn.bingo.platform.commands.ICommandManager'...
[19:03:06] [Render thread/DEBUG] ([Koin]) |- 'me.jfenn.bingo.platform.commands.ICommandManager' in 0.003 ms
[19:03:06] [Render thread/DEBUG] ([Koin]) |- 'me.jfenn.bingo.common.text.TextProvider'...
[19:03:06] [Render thread/DEBUG] ([Koin]) |- 'me.jfenn.bingo.common.text.TextProvider' in 0.002 ms
[19:03:06] [Render thread/DEBUG] ([Koin]) |- 'me.jfenn.bingo.platform.event.IEventBus'...
[19:03:06] [Render thread/DEBUG] ([Koin]) |- 'me.jfenn.bingo.platform.event.IEventBus' in 0.002 ms
[19:03:06] [Render thread/DEBUG] (bingo) Initialize [BingoPrefsCommand]
[19:03:06] [Render thread/DEBUG] ([Koin]) |- 'me.jfenn.bingo.common.commands.BingoPrefsCommand' in 3.646 ms
[19:03:06] [Render thread/DEBUG] ([Koin]) |- 'me.jfenn.bingo.common.game.GameCommands'...
[19:03:06] [Render thread/DEBUG] ([Koin]) | (+) '[Singleton: 'me.jfenn.bingo.common.game.GameCommands']'
[19:03:06] [Render thread/DEBUG] ([Koin]) |- 'me.jfenn.bingo.platform.commands.ICommandManager'...
[19:03:06] [Render thread/DEBUG] ([Koin]) |- 'me.jfenn.bingo.platform.commands.ICommandManager' in 0.003 ms
[19:03:06] [Render thread/DEBUG] ([Koin]) |- 'me.jfenn.bingo.common.text.TextProvider'...
[19:03:06] [Render thread/DEBUG] ([Koin]) |- 'me.jfenn.bingo.common.text.TextProvider' in 0.002 ms
[19:03:06] [Render thread/DEBUG] (bingo) Initialize [GameCommands]
[19:03:06] [Render thread/DEBUG] ([Koin]) |- 'me.jfenn.bingo.common.game.GameCommands' in 0.895 ms
[19:03:06] [Render thread/DEBUG] ([Koin]) |- 'me.jfenn.bingo.common.chat.ChatCommand'...
[19:03:06] [Render thread/DEBUG] ([Koin]) | (+) '[Singleton: 'me.jfenn.bingo.common.chat.ChatCommand']'
[19:03:06] [Render thread/DEBUG] ([Koin]) |- 'me.jfenn.bingo.platform.commands.ICommandManager'...
[19:03:06] [Render thread/DEBUG] ([Koin]) |- 'me.jfenn.bingo.platform.commands.ICommandManager' in 0.003 ms
[19:03:06] [Render thread/DEBUG] ([Koin]) |- 'me.jfenn.bingo.common.config.BingoConfig'...
[19:03:06] [Render thread/DEBUG] ([Koin]) |- 'me.jfenn.bingo.common.config.BingoConfig' in 0.002 ms
[19:03:06] [Render thread/DEBUG] ([Koin]) |- 'me.jfenn.bingo.common.chat.ChatCommand' in 0.455 ms
[19:03:06] [Render thread/DEBUG] ([Koin]) |- 'me.jfenn.bingo.common.chat.CoordsCommand'...
[19:03:06] [Render thread/DEBUG] ([Koin]) | (+) '[Singleton: 'me.jfenn.bingo.common.chat.CoordsCommand']'
[19:03:06] [Render thread/DEBUG] ([Koin]) |- 'me.jfenn.bingo.platform.commands.ICommandManager'...
[19:03:06] [Render thread/DEBUG] ([Koin]) |- 'me.jfenn.bingo.platform.commands.ICommandManager' in 0.002 ms
[19:03:06] [Render thread/DEBUG] (bingo) Initialize [CoordsCommand]
[19:03:06] [Render thread/DEBUG] ([Koin]) |- 'me.jfenn.bingo.common.chat.CoordsCommand' in 0.559 ms
[19:03:06] [Render thread/DEBUG] ([Koin]) |- 'me.jfenn.bingo.common.team.JoinCommand'...
[19:03:06] [Render thread/DEBUG] ([Koin]) | (+) '[Singleton: 'me.jfenn.bingo.common.team.JoinCommand']'
[19:03:06] [Render thread/DEBUG] ([Koin]) |- 'me.jfenn.bingo.platform.commands.ICommandManager'...
[19:03:06] [Render thread/DEBUG] ([Koin]) |- 'me.jfenn.bingo.platform.commands.ICommandManager' in 0.003 ms
[19:03:06] [Render thread/DEBUG] ([Koin]) |- 'me.jfenn.bingo.common.text.TextProvider'...
[19:03:06] [Render thread/DEBUG] ([Koin]) |- 'me.jfenn.bingo.common.text.TextProvider' in 0.002 ms
[19:03:06] [Render thread/DEBUG] (bingo) Initialize [JoinCommand]
[19:03:06] [Render thread/DEBUG] ([Koin]) |- 'me.jfenn.bingo.common.team.JoinCommand' in 0.96 ms
[19:03:06] [Render thread/DEBUG] ([Koin]) |- 'me.jfenn.bingo.common.team.ShuffleTeamsCommand'...
[19:03:06] [Render thread/DEBUG] ([Koin]) | (+) '[Singleton: 'me.jfenn.bingo.common.team.ShuffleTeamsCommand']'
[19:03:06] [Render thread/DEBUG] ([Koin]) |- 'me.jfenn.bingo.platform.commands.ICommandManager'...
[19:03:06] [Render thread/DEBUG] ([Koin]) |- 'me.jfenn.bingo.platform.commands.ICommandManager' in 0.002 ms
[19:03:06] [Render thread/DEBUG] ([Koin]) |- 'me.jfenn.bingo.common.text.TextProvider'...
[19:03:06] [Render thread/DEBUG] ([Koin]) |- 'me.jfenn.bingo.common.text.TextProvider' in 0.004 ms
[19:03:06] [Render thread/DEBUG] ([Koin]) |- 'me.jfenn.bingo.common.team.ShuffleTeamsCommand' in 0.494 ms
[19:03:06] [Render thread/DEBUG] ([Koin]) |- 'me.jfenn.bingo.common.commands.SpectatorCommand'...
[19:03:06] [Render thread/DEBUG] ([Koin]) | (+) '[Singleton: 'me.jfenn.bingo.common.commands.SpectatorCommand']'
[19:03:06] [Render thread/DEBUG] ([Koin]) |- 'me.jfenn.bingo.platform.commands.ICommandManager'...
[19:03:06] [Render thread/DEBUG] ([Koin]) |- 'me.jfenn.bingo.platform.commands.ICommandManager' in 0.003 ms
[19:03:06] [Render thread/DEBUG] ([Koin]) |- 'org.slf4j.Logger'...
[19:03:06] [Render thread/DEBUG] ([Koin]) |- 'org.slf4j.Logger' in 0.002 ms
[19:03:06] [Render thread/DEBUG] ([Koin]) |- 'me.jfenn.bingo.common.commands.SpectatorCommand' in 0.292 ms
[19:03:06] [Render thread/DEBUG] ([Koin]) |- 'me.jfenn.bingo.common.ready.ReadyCommand'...
[19:03:06] [Render thread/DEBUG] ([Koin]) | (+) '[Singleton: 'me.jfenn.bingo.common.ready.ReadyCommand']'
[19:03:06] [Render thread/DEBUG] ([Koin]) |- 'me.jfenn.bingo.platform.commands.ICommandManager'...
[19:03:06] [Render thread/DEBUG] ([Koin]) |- 'me.jfenn.bingo.platform.commands.ICommandManager' in 0.002 ms
[19:03:06] [Render thread/DEBUG] ([Koin]) |- 'me.jfenn.bingo.common.text.TextProvider'...
[19:03:06] [Render thread/DEBUG] ([Koin]) |- 'me.jfenn.bingo.common.text.TextProvider' in 0.002 ms
[19:03:06] [Render thread/DEBUG] ([Koin]) |- 'me.jfenn.bingo.platform.event.IEventBus'...
[19:03:06] [Render thread/DEBUG] ([Koin]) |- 'me.jfenn.bingo.platform.event.IEventBus' in 0.002 ms
[19:03:06] [Render thread/DEBUG] ([Koin]) |- 'me.jfenn.bingo.common.ready.ReadyCommand' in 0.44 ms
[19:03:06] [Render thread/DEBUG] ([Koin]) |- 'me.jfenn.bingo.common.stats.StatsCommand'...
[19:03:06] [Render thread/DEBUG] ([Koin]) | (+) '[Singleton: 'me.jfenn.bingo.common.stats.StatsCommand']'
[19:03:06] [Render thread/DEBUG] ([Koin]) |- 'me.jfenn.bingo.platform.commands.ICommandManager'...
[19:03:06] [Render thread/DEBUG] ([Koin]) |- 'me.jfenn.bingo.platform.commands.ICommandManager' in 0.002 ms
[19:03:06] [Render thread/DEBUG] ([Koin]) |- 'me.jfenn.bingo.common.text.TextProvider'...
[19:03:06] [Render thread/DEBUG] ([Koin]) |- 'me.jfenn.bingo.common.text.TextProvider' in 0.002 ms
[19:03:07] [Render thread/DEBUG] ([Koin]) |- 'me.jfenn.bingo.common.stats.StatsCommand' in 0.932 ms
[19:03:07] [Render thread/DEBUG] ([Koin]) |- 'me.jfenn.bingo.common.card.filter.ObjectiveFilterCommand'...
[19:03:07] [Render thread/DEBUG] ([Koin]) | (+) '[Singleton: 'me.jfenn.bingo.common.card.filter.ObjectiveFilterCommand']'
[19:03:07] [Render thread/DEBUG] ([Koin]) |- 'me.jfenn.bingo.platform.commands.ICommandManager'...
[19:03:07] [Render thread/DEBUG] ([Koin]) |- 'me.jfenn.bingo.platform.commands.ICommandManager' in 0.002 ms
[19:03:07] [Render thread/DEBUG] ([Koin]) |- 'me.jfenn.bingo.common.text.TextProvider'...
[19:03:07] [Render thread/DEBUG] ([Koin]) |- 'me.jfenn.bingo.common.text.TextProvider' in 0.002 ms
[19:03:07] [Render thread/DEBUG] ([Koin]) |- 'me.jfenn.bingo.platform.event.IEventBus'...
[19:03:07] [Render thread/DEBUG] ([Koin]) |- 'me.jfenn.bingo.platform.event.IEventBus' in 0.002 ms
[19:03:07] [Render thread/DEBUG] ([Koin]) |- 'me.jfenn.bingo.common.card.filter.ObjectiveFilterCommand' in 0.625 ms
[19:03:07] [Render thread/DEBUG] ([Koin]) |- 'me.jfenn.bingo.common.infobook.InfoBookCommand'...
[19:03:07] [Render thread/DEBUG] ([Koin]) | (+) '[Singleton: 'me.jfenn.bingo.common.infobook.InfoBookCommand']'
[19:03:07] [Render thread/DEBUG] ([Koin]) |- 'me.jfenn.bingo.platform.commands.ICommandManager'...
[19:03:07] [Render thread/DEBUG] ([Koin]) |- 'me.jfenn.bingo.platform.commands.ICommandManager' in 0.002 ms
[19:03:07] [Render thread/DEBUG] ([Koin]) |- 'me.jfenn.bingo.common.config.BingoConfig'...
[19:03:07] [Render thread/DEBUG] ([Koin]) |- 'me.jfenn.bingo.common.config.BingoConfig' in 0.002 ms
[19:03:07] [Render thread/DEBUG] (bingo) Initialize [InfoBookCommand]
[19:03:07] [Render thread/DEBUG] ([Koin]) |- 'me.jfenn.bingo.common.infobook.InfoBookCommand' in 0.413 ms
[19:03:07] [Render thread/DEBUG] ([Koin]) |- 'me.jfenn.bingo.common.data.DataCommands'...
[19:03:07] [Render thread/DEBUG] ([Koin]) | (+) '[Singleton: 'me.jfenn.bingo.common.data.DataCommands']'
[19:03:07] [Render thread/DEBUG] ([Koin]) |- 'me.jfenn.bingo.platform.commands.ICommandManager'...
[19:03:07] [Render thread/DEBUG] ([Koin]) |- 'me.jfenn.bingo.platform.commands.ICommandManager' in 0.002 ms
[19:03:07] [Render thread/DEBUG] ([Koin]) |- 'me.jfenn.bingo.common.text.TextProvider'...
[19:03:07] [Render thread/DEBUG] ([Koin]) |- 'me.jfenn.bingo.common.text.TextProvider' in 0.003 ms
[19:03:07] [Render thread/DEBUG] ([Koin]) |- 'me.jfenn.bingo.common.data.DataCommands' in 1.635 ms
[19:03:07] [Render thread/DEBUG] ([Koin]) |- 'me.jfenn.bingo.common.stats.ConnectionFactory'...
[19:03:07] [Render thread/DEBUG] ([Koin]) |- 'me.jfenn.bingo.common.stats.ConnectionFactory' in 0.005 ms
[19:03:07] [Render thread/DEBUG] ([Koin]) |- 'me.jfenn.bingo.common.stats.StatsService'...
[19:03:07] [Render thread/DEBUG] ([Koin]) |- 'me.jfenn.bingo.common.stats.StatsService' in 0.003 ms
[19:03:07] [Render thread/DEBUG] ([Koin]) |- 'me.jfenn.bingo.integrations.placeholders.PlaceholdersIntegration'...
[19:03:07] [Render thread/DEBUG] ([Koin]) | (+) '[Singleton: 'me.jfenn.bingo.integrations.placeholders.PlaceholdersIntegration']'
[19:03:07] [Render thread/DEBUG] ([Koin]) |- 'me.jfenn.bingo.integrations.placeholders.ITextPlaceholdersApi'...
[19:03:07] [Render thread/DEBUG] ([Koin]) | (+) '[Singleton: 'me.jfenn.bingo.integrations.placeholders.ITextPlaceholdersApi']'
[19:03:07] [Render thread/DEBUG] ([Koin]) |- 'me.jfenn.bingo.platform.IModEnvironment'...
[19:03:07] [Render thread/DEBUG] ([Koin]) |- 'me.jfenn.bingo.platform.IModEnvironment' in 0.005 ms
[19:03:07] [Render thread/DEBUG] ([Koin]) |- 'me.jfenn.bingo.platform.text.ITextFactory'...
[19:03:07] [Render thread/DEBUG] ([Koin]) |- 'me.jfenn.bingo.platform.text.ITextFactory' in 0.003 ms
[19:03:07] [Render thread/DEBUG] ([Koin]) |- 'me.jfenn.bingo.integrations.placeholders.ITextPlaceholdersApi' in 0.747 ms
[19:03:07] [Render thread/DEBUG] ([Koin]) |- 'me.jfenn.bingo.platform.text.ITextFactory'...
[19:03:07] [Render thread/DEBUG] ([Koin]) |- 'me.jfenn.bingo.platform.text.ITextFactory' in 0.004 ms
[19:03:07] [Render thread/DEBUG] ([Koin]) |- 'me.jfenn.bingo.integrations.placeholders.PlaceholdersIntegration' in 1.109 ms
[19:03:07] [Render thread/DEBUG] (FabricLoader/Mixin) Mixing MappedRegistryTagSet2Accessor from fabric-tag-api-v1.mixins.json into net.minecraft.core.MappedRegistry$TagSet$2
[19:03:07] [Render thread/DEBUG] (FabricLoader/Mixin) Mixing OptionsMixin from fabric-resource-loader-v1.client.mixins.json into net.minecraft.client.Options
[19:03:07] [Render thread/DEBUG] (FabricLoader/Mixin) Mixing OptionsMixin from fabric-key-mapping-api-v1.mixins.json into net.minecraft.client.Options
[19:03:07] [Render thread/DEBUG] (FabricLoader/Mixin) fabric-resource-loader-v1.client.mixins.json:OptionsMixin from mod fabric-resource-loader-v1->@Inject::onLoad(Lorg/spongepowered/asm/mixin/injection/callback/CallbackInfo;)V doesn't use it's CallbackInfo
[19:03:07] [Render thread/DEBUG] (FabricLoader/Mixin) fabric-resource-loader-v1.client.mixins.json:OptionsMixin from mod fabric-resource-loader-v1->@Inject::onLoad(Lorg/spongepowered/asm/mixin/injection/callback/CallbackInfo;)V has 0 override(s) in child classes
[19:03:07] [Render thread/DEBUG] (FabricLoader/Mixin) fabric-resource-loader-v1.client.mixins.json:OptionsMixin from mod fabric-resource-loader-v1->@Inject::onLoad(Lorg/spongepowered/asm/mixin/injection/callback/CallbackInfo;)V won't be passed a CallbackInfo as a result
[19:03:07] [Render thread/DEBUG] (FabricLoader/Mixin) fabric-resource-loader-v1.client.mixins.json:OptionsMixin from mod fabric-resource-loader-v1->@Inject::onLoad(Lorg/spongepowered/asm/mixin/injection/callback/CallbackInfo;)V doesn't use it's CallbackInfo
[19:03:07] [Render thread/DEBUG] (FabricLoader/Mixin) fabric-resource-loader-v1.client.mixins.json:OptionsMixin from mod fabric-resource-loader-v1->@Inject::onLoad(Lorg/spongepowered/asm/mixin/injection/callback/CallbackInfo;)V has 0 override(s) in child classes
[19:03:07] [Render thread/DEBUG] (FabricLoader/Mixin) fabric-resource-loader-v1.client.mixins.json:OptionsMixin from mod fabric-resource-loader-v1->@Inject::onLoad(Lorg/spongepowered/asm/mixin/injection/callback/CallbackInfo;)V won't be passed a CallbackInfo as a result
[19:03:07] [Render thread/DEBUG] (FabricLoader/Mixin) fabric-key-mapping-api-v1.mixins.json:OptionsMixin from mod fabric-key-mapping-api-v1->@Inject::loadHook(Lorg/spongepowered/asm/mixin/injection/callback/CallbackInfo;)V doesn't use it's CallbackInfo
[19:03:07] [Render thread/DEBUG] (FabricLoader/Mixin) fabric-key-mapping-api-v1.mixins.json:OptionsMixin from mod fabric-key-mapping-api-v1->@Inject::loadHook(Lorg/spongepowered/asm/mixin/injection/callback/CallbackInfo;)V has 0 override(s) in child classes
[19:03:07] [Render thread/DEBUG] (FabricLoader/Mixin) fabric-key-mapping-api-v1.mixins.json:OptionsMixin from mod fabric-key-mapping-api-v1->@Inject::loadHook(Lorg/spongepowered/asm/mixin/injection/callback/CallbackInfo;)V won't be passed a CallbackInfo as a result
[19:03:07] [Render thread/DEBUG] (FabricLoader/Mixin) Mixing SoundInstanceMixin from fabric-sound-api-v1.mixins.json into net.minecraft.client.resources.sounds.SoundInstance
[19:03:07] [HikariPool-1:housekeeper/DEBUG] (com.zaxxer.hikari.pool.HikariPool) HikariPool-1 - Pool stats (total=1/10, idle=0/10, active=1, waiting=0)
[19:03:07] [HikariPool-1:connection-adder/DEBUG] (com.zaxxer.hikari.pool.PoolBase) HikariPool-1 - Attempting to create/setup new connection (5486378c-06c2-4449-81eb-55515c5d64fc)
[19:03:07] [HikariPool-1:connection-adder/DEBUG] (com.zaxxer.hikari.pool.PoolBase) HikariPool-1 - Established new connection (5486378c-06c2-4449-81eb-55515c5d64fc)
[19:03:07] [HikariPool-1:connection-adder/DEBUG] (com.zaxxer.hikari.pool.HikariPool) HikariPool-1 - Added connection org.sqlite.jdbc4.JDBC4Connection@648fa9e9
[19:03:07] [Render thread/DEBUG] (FabricLoader/Mixin) Mixing PackMixin from fabric-resource-loader-v1.mixins.json into net.minecraft.server.packs.repository.Pack
[19:03:07] [Render thread/DEBUG] (FabricLoader/Mixin) Renaming synthetic method lambda$static$0(Ljava/util/Set;)Z to md726be1$fabric-resource-loader-v1$lambda$static$0$0 in fabric-resource-loader-v1.mixins.json:PackMixin from mod fabric-resource-loader-v1
[19:03:07] [Render thread/DEBUG] (FabricLoader/Mixin) Mixing PackMixin from fabric-resource-conditions-api-v1.mixins.json into net.minecraft.server.packs.repository.Pack
[19:03:07] [Render thread/DEBUG] (FabricLoader/Mixin) fabric-resource-loader-v1.mixins.json:PackMixin from mod fabric-resource-loader-v1->@Inject::onCreateResourcePack(Lorg/spongepowered/asm/mixin/injection/callback/CallbackInfoReturnable;)V does use it's CallbackInfoReturnable
[19:03:07] [HikariPool-1:connection-adder/DEBUG] (com.zaxxer.hikari.pool.HikariPool) HikariPool-1 - After adding stats (total=2/10, idle=1/10, active=1, waiting=0)
[19:03:07] [HikariPool-1:connection-adder/DEBUG] (com.zaxxer.hikari.pool.PoolBase) HikariPool-1 - Attempting to create/setup new connection (c1359675-d836-4b39-ae18-9d013e1e61ca)
[19:03:07] [HikariPool-1:connection-adder/DEBUG] (com.zaxxer.hikari.pool.PoolBase) HikariPool-1 - Established new connection (c1359675-d836-4b39-ae18-9d013e1e61ca)
[19:03:07] [HikariPool-1:connection-adder/DEBUG] (com.zaxxer.hikari.pool.HikariPool) HikariPool-1 - Added connection org.sqlite.jdbc4.JDBC4Connection@6a485b08
[19:03:07] [HikariPool-1:connection-adder/DEBUG] (com.zaxxer.hikari.pool.HikariPool) HikariPool-1 - After adding stats (total=3/10, idle=2/10, active=1, waiting=0)
[19:03:07] [HikariPool-1:connection-adder/DEBUG] (com.zaxxer.hikari.pool.PoolBase) HikariPool-1 - Attempting to create/setup new connection (b229972a-f5f1-42e3-9c45-903af2192f62)
[19:03:07] [HikariPool-1:connection-adder/DEBUG] (com.zaxxer.hikari.pool.PoolBase) HikariPool-1 - Established new connection (b229972a-f5f1-42e3-9c45-903af2192f62)
[19:03:07] [HikariPool-1:connection-adder/DEBUG] (com.zaxxer.hikari.pool.HikariPool) HikariPool-1 - Added connection org.sqlite.jdbc4.JDBC4Connection@6e77c299
[19:03:07] [Render thread/DEBUG] (FabricLoader/Mixin) Mixing GameOptionsWriteVisitorMixin from fabric-resource-loader-v1.client.mixins.json into net.minecraft.client.Options$3
[19:03:07] [Render thread/INFO] (net.minecraft.client.Minecraft) Backend library: LWJGL version 3.4.1-snapshot
[19:03:07] [HikariPool-1:connection-adder/DEBUG] (com.zaxxer.hikari.pool.HikariPool) HikariPool-1 - After adding stats (total=4/10, idle=3/10, active=1, waiting=0)
[19:03:07] [HikariPool-1:connection-adder/DEBUG] (com.zaxxer.hikari.pool.PoolBase) HikariPool-1 - Attempting to create/setup new connection (343bd131-11aa-47bd-a385-b40fdbd982ac)
[19:03:07] [HikariPool-1:connection-adder/DEBUG] (com.zaxxer.hikari.pool.PoolBase) HikariPool-1 - Established new connection (343bd131-11aa-47bd-a385-b40fdbd982ac)
[19:03:07] [HikariPool-1:connection-adder/DEBUG] (com.zaxxer.hikari.pool.HikariPool) HikariPool-1 - Added connection org.sqlite.jdbc4.JDBC4Connection@2b755133
[19:03:07] [HikariPool-1:connection-adder/DEBUG] (com.zaxxer.hikari.pool.HikariPool) HikariPool-1 - After adding stats (total=5/10, idle=4/10, active=1, waiting=0)
[19:03:07] [HikariPool-1:connection-adder/DEBUG] (com.zaxxer.hikari.pool.PoolBase) HikariPool-1 - Attempting to create/setup new connection (e92a5056-903c-400b-9082-b98a48375985)
[19:03:07] [HikariPool-1:connection-adder/DEBUG] (com.zaxxer.hikari.pool.PoolBase) HikariPool-1 - Established new connection (e92a5056-903c-400b-9082-b98a48375985)
[19:03:07] [HikariPool-1:connection-adder/DEBUG] (com.zaxxer.hikari.pool.HikariPool) HikariPool-1 - Added connection org.sqlite.jdbc4.JDBC4Connection@32ac6555
[19:03:07] [HikariPool-1:connection-adder/DEBUG] (com.zaxxer.hikari.pool.HikariPool) HikariPool-1 - After adding stats (total=6/10, idle=5/10, active=1, waiting=0)
[19:03:07] [HikariPool-1:connection-adder/DEBUG] (com.zaxxer.hikari.pool.PoolBase) HikariPool-1 - Attempting to create/setup new connection (4828d142-9712-4026-b9aa-beee79b07e7e)
[19:03:07] [HikariPool-1:connection-adder/DEBUG] (com.zaxxer.hikari.pool.PoolBase) HikariPool-1 - Established new connection (4828d142-9712-4026-b9aa-beee79b07e7e)
[19:03:07] [HikariPool-1:connection-adder/DEBUG] (com.zaxxer.hikari.pool.HikariPool) HikariPool-1 - Added connection org.sqlite.jdbc4.JDBC4Connection@1a94f813
[19:03:07] [HikariPool-1:connection-adder/DEBUG] (com.zaxxer.hikari.pool.HikariPool) HikariPool-1 - After adding stats (total=7/10, idle=6/10, active=1, waiting=0)
[19:03:07] [HikariPool-1:connection-adder/DEBUG] (com.zaxxer.hikari.pool.PoolBase) HikariPool-1 - Attempting to create/setup new connection (4165a01a-493a-419f-a4d3-7b9ac385f6a8)
[19:03:07] [HikariPool-1:connection-adder/DEBUG] (com.zaxxer.hikari.pool.PoolBase) HikariPool-1 - Established new connection (4165a01a-493a-419f-a4d3-7b9ac385f6a8)
[19:03:07] [HikariPool-1:connection-adder/DEBUG] (com.zaxxer.hikari.pool.HikariPool) HikariPool-1 - Added connection org.sqlite.jdbc4.JDBC4Connection@4aa792d2
[19:03:07] [Render thread/DEBUG] (com.mojang.blaze3d.vulkan.VulkanBackend) Device [Intel(R) Iris(R) Xe Graphics (ADL GT2)] is suitable
[19:03:07] [Render thread/DEBUG] (com.mojang.blaze3d.vulkan.VulkanBackend) Device [NVIDIA GeForce RTX 4060 Laptop GPU] is suitable
[19:03:07] [Render thread/INFO] (com.mojang.blaze3d.vulkan.VulkanBackend) Preferring discrete GPU: NVIDIA GeForce RTX 4060 Laptop GPU
[19:03:07] [HikariPool-1:connection-adder/DEBUG] (com.zaxxer.hikari.pool.HikariPool) HikariPool-1 - After adding stats (total=8/10, idle=7/10, active=1, waiting=0)
[19:03:07] [HikariPool-1:connection-adder/DEBUG] (com.zaxxer.hikari.pool.PoolBase) HikariPool-1 - Attempting to create/setup new connection (d649f101-6892-447c-8cf6-f21e152a6db9)
[19:03:07] [HikariPool-1:connection-adder/DEBUG] (com.zaxxer.hikari.pool.PoolBase) HikariPool-1 - Established new connection (d649f101-6892-447c-8cf6-f21e152a6db9)
[19:03:07] [HikariPool-1:connection-adder/DEBUG] (com.zaxxer.hikari.pool.HikariPool) HikariPool-1 - Added connection org.sqlite.jdbc4.JDBC4Connection@4b5aae7c
[19:03:07] [HikariPool-1:connection-adder/DEBUG] (com.zaxxer.hikari.pool.HikariPool) HikariPool-1 - After adding stats (total=9/10, idle=8/10, active=1, waiting=0)
[19:03:07] [HikariPool-1:connection-adder/DEBUG] (com.zaxxer.hikari.pool.PoolBase) HikariPool-1 - Attempting to create/setup new connection (2c4d8d99-89e2-402e-bd4c-d1e9d3ac1b69)
[19:03:07] [HikariPool-1:connection-adder/DEBUG] (com.zaxxer.hikari.pool.PoolBase) HikariPool-1 - Established new connection (2c4d8d99-89e2-402e-bd4c-d1e9d3ac1b69)
[19:03:07] [HikariPool-1:connection-adder/DEBUG] (com.zaxxer.hikari.pool.HikariPool) HikariPool-1 - Added connection org.sqlite.jdbc4.JDBC4Connection@1a0dec8f
[19:03:07] [HikariPool-1:connection-adder/DEBUG] (com.zaxxer.hikari.pool.HikariPool) HikariPool-1 - After adding stats (total=10/10, idle=9/10, active=1, waiting=0)
[19:03:07] [HikariPool-1:connection-adder/DEBUG] (com.zaxxer.hikari.pool.HikariPool) HikariPool-1 - Connection not added, stats (total=10/10, idle=9/10, active=1, waiting=0)
[19:03:07] [Render thread/INFO] (net.minecraft.client.Minecraft) Using graphics backend OpenGL, using drivers: 3.3.0 NVIDIA 550.163.01
[19:03:07] [Render thread/INFO] (net.minecraft.client.Minecraft) Using graphics device: NVIDIA GeForce RTX 4060 Laptop GPU/PCIe/SSE2 (NVIDIA Corporation)
[19:03:07] [Render thread/INFO] (net.minecraft.client.Minecraft) Using graphics device extensions: GL_ARB_multi_draw_indirect, GL_ARB_buffer_storage, GL_ARB_shader_draw_parameters, GL_ARB_base_instance, GL_KHR_debug, GL_ARB_draw_indirect, GL_ARB_clip_control, GL_ARB_vertex_attrib_binding, GL_ARB_direct_state_access, GL_EXT_texture_filter_anisotropic
[19:03:07] [Render thread/DEBUG] (FabricLoader/Mixin) Mixing MouseHandlerMixin from fabric-events-interaction-v0.client.mixins.json into net.minecraft.client.MouseHandler
[19:03:07] [Render thread/DEBUG] (FabricLoader/Mixin) Mixing MouseHandlerMixin from fabric-screen-api-v1.mixins.json into net.minecraft.client.MouseHandler
[19:03:07] [Render thread/DEBUG] (FabricLoader/Mixin) Mixing KeyboardHandlerMixin from fabric-screen-api-v1.mixins.json into net.minecraft.client.KeyboardHandler
[19:03:07] [Render thread/DEBUG] (FabricLoader/Mixin) Mixing MultiPackResourceManagerMixin from fabric-resource-loader-v1.mixins.json into net.minecraft.server.packs.resources.MultiPackResourceManager
[19:03:07] [Render thread/DEBUG] (FabricLoader/Mixin) fabric-resource-loader-v1.mixins.json:MultiPackResourceManagerMixin from mod fabric-resource-loader-v1->@Inject::init(Lnet/minecraft/server/packs/PackType;Ljava/util/List;Lorg/spongepowered/asm/mixin/injection/callback/CallbackInfo;)V doesn't use it's CallbackInfo
[19:03:07] [Render thread/DEBUG] (FabricLoader/Mixin) fabric-resource-loader-v1.mixins.json:MultiPackResourceManagerMixin from mod fabric-resource-loader-v1->@Inject::init(Lnet/minecraft/server/packs/PackType;Ljava/util/List;Lorg/spongepowered/asm/mixin/injection/callback/CallbackInfo;)V has 0 override(s) in child classes
[19:03:07] [Render thread/DEBUG] (FabricLoader/Mixin) fabric-resource-loader-v1.mixins.json:MultiPackResourceManagerMixin from mod fabric-resource-loader-v1->@Inject::init(Lnet/minecraft/server/packs/PackType;Ljava/util/List;Lorg/spongepowered/asm/mixin/injection/callback/CallbackInfo;)V won't be passed a CallbackInfo as a result
[19:03:07] [Render thread/DEBUG] (net.fabricmc.fabric.impl.resource.pack.ModPackResourcesUtil) [Fabric] Starting internal pack sorting with: [vanilla, fabric-api, fabric-api-base, fabric-api-lookup-api-v1, fabric-biome-api-v1, fabric-block-api-v1, fabric-block-getter-api-v2, fabric-client-gametest-api-v1, fabric-command-api-v2, fabric-content-registries-v0, fabric-convention-tags-v2, fabric-crash-report-info-v1, fabric-creative-tab-api-v1, fabric-creative-tab-api-v1_programmer_art, fabric-data-attachment-api-v1, fabric-data-generation-api-v1, fabric-debug-api-v1, fabric-dimensions-v1, fabric-entity-events-v1, fabric-events-interaction-v0, fabric-game-rule-api-v1, fabric-gametest-api-v1, fabric-item-api-v1, fabric-key-mapping-api-v1, fabric-language-kotlin, fabric-lifecycle-events-v1, fabric-loot-api-v3, fabric-menu-api-v1, fabric-message-api-v1, fabric-model-loading-api-v1, fabric-networking-api-v1, fabric-object-builder-api-v1, fabric-particles-v1, fabric-permission-api-v1, fabric-recipe-api-v1, fabric-registry-sync-v0, fabric-renderer-api-v1, fabric-renderer-indigo, fabric-rendering-fluids-v1, fabric-rendering-v1, fabric-resource-conditions-api-v1, fabric-resource-loader-v0, fabric-resource-loader-v1, fabric-screen-api-v1, fabric-serialization-api-v1, fabric-sound-api-v1, fabric-tag-api-v1, fabric-transfer-api-v1, fabric-transitive-access-wideners-v1, fabricloader, yabranked-client, yet-another-minecraft-bingo]
[19:03:07] [Render thread/DEBUG] (net.fabricmc.fabric.impl.resource.pack.ModPackResourcesUtil) [Fabric] Removed all internal packs, result: [vanilla]
[19:03:07] [Render thread/DEBUG] (net.fabricmc.fabric.impl.resource.pack.ModPackResourcesUtil) [Fabric] cur @ vanilla, auto-enabled fabric-api, currently enabled: [vanilla, fabric-api]
[19:03:07] [Render thread/DEBUG] (net.fabricmc.fabric.impl.resource.pack.ModPackResourcesUtil) [Fabric] cur @ vanilla, auto-enabled fabric-api-base, currently enabled: [vanilla, fabric-api, fabric-api-base]
[19:03:07] [Render thread/DEBUG] (net.fabricmc.fabric.impl.resource.pack.ModPackResourcesUtil) [Fabric] cur @ vanilla, auto-enabled fabric-api-lookup-api-v1, currently enabled: [vanilla, fabric-api, fabric-api-base, fabric-api-lookup-api-v1]
[19:03:07] [Render thread/DEBUG] (net.fabricmc.fabric.impl.resource.pack.ModPackResourcesUtil) [Fabric] cur @ vanilla, auto-enabled fabric-biome-api-v1, currently enabled: [vanilla, fabric-api, fabric-api-base, fabric-api-lookup-api-v1, fabric-biome-api-v1]
[19:03:07] [Render thread/DEBUG] (net.fabricmc.fabric.impl.resource.pack.ModPackResourcesUtil) [Fabric] cur @ vanilla, auto-enabled fabric-block-api-v1, currently enabled: [vanilla, fabric-api, fabric-api-base, fabric-api-lookup-api-v1, fabric-biome-api-v1, fabric-block-api-v1]
[19:03:07] [Render thread/DEBUG] (net.fabricmc.fabric.impl.resource.pack.ModPackResourcesUtil) [Fabric] cur @ vanilla, auto-enabled fabric-block-getter-api-v2, currently enabled: [vanilla, fabric-api, fabric-api-base, fabric-api-lookup-api-v1, fabric-biome-api-v1, fabric-block-api-v1, fabric-block-getter-api-v2]
[19:03:07] [Render thread/DEBUG] (net.fabricmc.fabric.impl.resource.pack.ModPackResourcesUtil) [Fabric] cur @ vanilla, auto-enabled fabric-client-gametest-api-v1, currently enabled: [vanilla, fabric-api, fabric-api-base, fabric-api-lookup-api-v1, fabric-biome-api-v1, fabric-block-api-v1, fabric-block-getter-api-v2, fabric-client-gametest-api-v1]
[19:03:07] [Render thread/DEBUG] (net.fabricmc.fabric.impl.resource.pack.ModPackResourcesUtil) [Fabric] cur @ vanilla, auto-enabled fabric-command-api-v2, currently enabled: [vanilla, fabric-api, fabric-api-base, fabric-api-lookup-api-v1, fabric-biome-api-v1, fabric-block-api-v1, fabric-block-getter-api-v2, fabric-client-gametest-api-v1, fabric-command-api-v2]
[19:03:07] [Render thread/DEBUG] (net.fabricmc.fabric.impl.resource.pack.ModPackResourcesUtil) [Fabric] cur @ vanilla, auto-enabled fabric-content-registries-v0, currently enabled: [vanilla, fabric-api, fabric-api-base, fabric-api-lookup-api-v1, fabric-biome-api-v1, fabric-block-api-v1, fabric-block-getter-api-v2, fabric-client-gametest-api-v1, fabric-command-api-v2, fabric-content-registries-v0]
[19:03:07] [Render thread/DEBUG] (net.fabricmc.fabric.impl.resource.pack.ModPackResourcesUtil) [Fabric] cur @ vanilla, auto-enabled fabric-convention-tags-v2, currently enabled: [vanilla, fabric-api, fabric-api-base, fabric-api-lookup-api-v1, fabric-biome-api-v1, fabric-block-api-v1, fabric-block-getter-api-v2, fabric-client-gametest-api-v1, fabric-command-api-v2, fabric-content-registries-v0, fabric-convention-tags-v2]
[19:03:07] [Render thread/DEBUG] (net.fabricmc.fabric.impl.resource.pack.ModPackResourcesUtil) [Fabric] cur @ vanilla, auto-enabled fabric-crash-report-info-v1, currently enabled: [vanilla, fabric-api, fabric-api-base, fabric-api-lookup-api-v1, fabric-biome-api-v1, fabric-block-api-v1, fabric-block-getter-api-v2, fabric-client-gametest-api-v1, fabric-command-api-v2, fabric-content-registries-v0, fabric-convention-tags-v2, fabric-crash-report-info-v1]
[19:03:07] [Render thread/DEBUG] (net.fabricmc.fabric.impl.resource.pack.ModPackResourcesUtil) [Fabric] cur @ vanilla, auto-enabled fabric-creative-tab-api-v1, currently enabled: [vanilla, fabric-api, fabric-api-base, fabric-api-lookup-api-v1, fabric-biome-api-v1, fabric-block-api-v1, fabric-block-getter-api-v2, fabric-client-gametest-api-v1, fabric-command-api-v2, fabric-content-registries-v0, fabric-convention-tags-v2, fabric-crash-report-info-v1, fabric-creative-tab-api-v1]
[19:03:07] [Render thread/DEBUG] (net.fabricmc.fabric.impl.resource.pack.ModPackResourcesUtil) [Fabric] cur @ vanilla, auto-enabled fabric-data-attachment-api-v1, currently enabled: [vanilla, fabric-api, fabric-api-base, fabric-api-lookup-api-v1, fabric-biome-api-v1, fabric-block-api-v1, fabric-block-getter-api-v2, fabric-client-gametest-api-v1, fabric-command-api-v2, fabric-content-registries-v0, fabric-convention-tags-v2, fabric-crash-report-info-v1, fabric-creative-tab-api-v1, fabric-data-attachment-api-v1]
[19:03:07] [Render thread/DEBUG] (net.fabricmc.fabric.impl.resource.pack.ModPackResourcesUtil) [Fabric] cur @ vanilla, auto-enabled fabric-data-generation-api-v1, currently enabled: [vanilla, fabric-api, fabric-api-base, fabric-api-lookup-api-v1, fabric-biome-api-v1, fabric-block-api-v1, fabric-block-getter-api-v2, fabric-client-gametest-api-v1, fabric-command-api-v2, fabric-content-registries-v0, fabric-convention-tags-v2, fabric-crash-report-info-v1, fabric-creative-tab-api-v1, fabric-data-attachment-api-v1, fabric-data-generation-api-v1]
[19:03:07] [Render thread/DEBUG] (net.fabricmc.fabric.impl.resource.pack.ModPackResourcesUtil) [Fabric] cur @ vanilla, auto-enabled fabric-debug-api-v1, currently enabled: [vanilla, fabric-api, fabric-api-base, fabric-api-lookup-api-v1, fabric-biome-api-v1, fabric-block-api-v1, fabric-block-getter-api-v2, fabric-client-gametest-api-v1, fabric-command-api-v2, fabric-content-registries-v0, fabric-convention-tags-v2, fabric-crash-report-info-v1, fabric-creative-tab-api-v1, fabric-data-attachment-api-v1, fabric-data-generation-api-v1, fabric-debug-api-v1]
[19:03:07] [Render thread/DEBUG] (net.fabricmc.fabric.impl.resource.pack.ModPackResourcesUtil) [Fabric] cur @ vanilla, auto-enabled fabric-dimensions-v1, currently enabled: [vanilla, fabric-api, fabric-api-base, fabric-api-lookup-api-v1, fabric-biome-api-v1, fabric-block-api-v1, fabric-block-getter-api-v2, fabric-client-gametest-api-v1, fabric-command-api-v2, fabric-content-registries-v0, fabric-convention-tags-v2, fabric-crash-report-info-v1, fabric-creative-tab-api-v1, fabric-data-attachment-api-v1, fabric-data-generation-api-v1, fabric-debug-api-v1, fabric-dimensions-v1]
[19:03:07] [Render thread/DEBUG] (net.fabricmc.fabric.impl.resource.pack.ModPackResourcesUtil) [Fabric] cur @ vanilla, auto-enabled fabric-entity-events-v1, currently enabled: [vanilla, fabric-api, fabric-api-base, fabric-api-lookup-api-v1, fabric-biome-api-v1, fabric-block-api-v1, fabric-block-getter-api-v2, fabric-client-gametest-api-v1, fabric-command-api-v2, fabric-content-registries-v0, fabric-convention-tags-v2, fabric-crash-report-info-v1, fabric-creative-tab-api-v1, fabric-data-attachment-api-v1, fabric-data-generation-api-v1, fabric-debug-api-v1, fabric-dimensions-v1, fabric-entity-events-v1]
[19:03:07] [Render thread/DEBUG] (net.fabricmc.fabric.impl.resource.pack.ModPackResourcesUtil) [Fabric] cur @ vanilla, auto-enabled fabric-events-interaction-v0, currently enabled: [vanilla, fabric-api, fabric-api-base, fabric-api-lookup-api-v1, fabric-biome-api-v1, fabric-block-api-v1, fabric-block-getter-api-v2, fabric-client-gametest-api-v1, fabric-command-api-v2, fabric-content-registries-v0, fabric-convention-tags-v2, fabric-crash-report-info-v1, fabric-creative-tab-api-v1, fabric-data-attachment-api-v1, fabric-data-generation-api-v1, fabric-debug-api-v1, fabric-dimensions-v1, fabric-entity-events-v1, fabric-events-interaction-v0]
[19:03:07] [Render thread/DEBUG] (net.fabricmc.fabric.impl.resource.pack.ModPackResourcesUtil) [Fabric] cur @ vanilla, auto-enabled fabric-game-rule-api-v1, currently enabled: [vanilla, fabric-api, fabric-api-base, fabric-api-lookup-api-v1, fabric-biome-api-v1, fabric-block-api-v1, fabric-block-getter-api-v2, fabric-client-gametest-api-v1, fabric-command-api-v2, fabric-content-registries-v0, fabric-convention-tags-v2, fabric-crash-report-info-v1, fabric-creative-tab-api-v1, fabric-data-attachment-api-v1, fabric-data-generation-api-v1, fabric-debug-api-v1, fabric-dimensions-v1, fabric-entity-events-v1, fabric-events-interaction-v0, fabric-game-rule-api-v1]
[19:03:07] [Render thread/DEBUG] (net.fabricmc.fabric.impl.resource.pack.ModPackResourcesUtil) [Fabric] cur @ vanilla, auto-enabled fabric-gametest-api-v1, currently enabled: [vanilla, fabric-api, fabric-api-base, fabric-api-lookup-api-v1, fabric-biome-api-v1, fabric-block-api-v1, fabric-block-getter-api-v2, fabric-client-gametest-api-v1, fabric-command-api-v2, fabric-content-registries-v0, fabric-convention-tags-v2, fabric-crash-report-info-v1, fabric-creative-tab-api-v1, fabric-data-attachment-api-v1, fabric-data-generation-api-v1, fabric-debug-api-v1, fabric-dimensions-v1, fabric-entity-events-v1, fabric-events-interaction-v0, fabric-game-rule-api-v1, fabric-gametest-api-v1]
[19:03:07] [Render thread/DEBUG] (net.fabricmc.fabric.impl.resource.pack.ModPackResourcesUtil) [Fabric] cur @ vanilla, auto-enabled fabric-item-api-v1, currently enabled: [vanilla, fabric-api, fabric-api-base, fabric-api-lookup-api-v1, fabric-biome-api-v1, fabric-block-api-v1, fabric-block-getter-api-v2, fabric-client-gametest-api-v1, fabric-command-api-v2, fabric-content-registries-v0, fabric-convention-tags-v2, fabric-crash-report-info-v1, fabric-creative-tab-api-v1, fabric-data-attachment-api-v1, fabric-data-generation-api-v1, fabric-debug-api-v1, fabric-dimensions-v1, fabric-entity-events-v1, fabric-events-interaction-v0, fabric-game-rule-api-v1, fabric-gametest-api-v1, fabric-item-api-v1]
[19:03:07] [Render thread/DEBUG] (net.fabricmc.fabric.impl.resource.pack.ModPackResourcesUtil) [Fabric] cur @ vanilla, auto-enabled fabric-key-mapping-api-v1, currently enabled: [vanilla, fabric-api, fabric-api-base, fabric-api-lookup-api-v1, fabric-biome-api-v1, fabric-block-api-v1, fabric-block-getter-api-v2, fabric-client-gametest-api-v1, fabric-command-api-v2, fabric-content-registries-v0, fabric-convention-tags-v2, fabric-crash-report-info-v1, fabric-creative-tab-api-v1, fabric-data-attachment-api-v1, fabric-data-generation-api-v1, fabric-debug-api-v1, fabric-dimensions-v1, fabric-entity-events-v1, fabric-events-interaction-v0, fabric-game-rule-api-v1, fabric-gametest-api-v1, fabric-item-api-v1, fabric-key-mapping-api-v1]
[19:03:07] [Render thread/DEBUG] (net.fabricmc.fabric.impl.resource.pack.ModPackResourcesUtil) [Fabric] cur @ vanilla, auto-enabled fabric-language-kotlin, currently enabled: [vanilla, fabric-api, fabric-api-base, fabric-api-lookup-api-v1, fabric-biome-api-v1, fabric-block-api-v1, fabric-block-getter-api-v2, fabric-client-gametest-api-v1, fabric-command-api-v2, fabric-content-registries-v0, fabric-convention-tags-v2, fabric-crash-report-info-v1, fabric-creative-tab-api-v1, fabric-data-attachment-api-v1, fabric-data-generation-api-v1, fabric-debug-api-v1, fabric-dimensions-v1, fabric-entity-events-v1, fabric-events-interaction-v0, fabric-game-rule-api-v1, fabric-gametest-api-v1, fabric-item-api-v1, fabric-key-mapping-api-v1, fabric-language-kotlin]
[19:03:07] [Render thread/DEBUG] (net.fabricmc.fabric.impl.resource.pack.ModPackResourcesUtil) [Fabric] cur @ vanilla, auto-enabled fabric-lifecycle-events-v1, currently enabled: [vanilla, fabric-api, fabric-api-base, fabric-api-lookup-api-v1, fabric-biome-api-v1, fabric-block-api-v1, fabric-block-getter-api-v2, fabric-client-gametest-api-v1, fabric-command-api-v2, fabric-content-registries-v0, fabric-convention-tags-v2, fabric-crash-report-info-v1, fabric-creative-tab-api-v1, fabric-data-attachment-api-v1, fabric-data-generation-api-v1, fabric-debug-api-v1, fabric-dimensions-v1, fabric-entity-events-v1, fabric-events-interaction-v0, fabric-game-rule-api-v1, fabric-gametest-api-v1, fabric-item-api-v1, fabric-key-mapping-api-v1, fabric-language-kotlin, fabric-lifecycle-events-v1]
[19:03:07] [Render thread/DEBUG] (net.fabricmc.fabric.impl.resource.pack.ModPackResourcesUtil) [Fabric] cur @ vanilla, auto-enabled fabric-loot-api-v3, currently enabled: [vanilla, fabric-api, fabric-api-base, fabric-api-lookup-api-v1, fabric-biome-api-v1, fabric-block-api-v1, fabric-block-getter-api-v2, fabric-client-gametest-api-v1, fabric-command-api-v2, fabric-content-registries-v0, fabric-convention-tags-v2, fabric-crash-report-info-v1, fabric-creative-tab-api-v1, fabric-data-attachment-api-v1, fabric-data-generation-api-v1, fabric-debug-api-v1, fabric-dimensions-v1, fabric-entity-events-v1, fabric-events-interaction-v0, fabric-game-rule-api-v1, fabric-gametest-api-v1, fabric-item-api-v1, fabric-key-mapping-api-v1, fabric-language-kotlin, fabric-lifecycle-events-v1, fabric-loot-api-v3]
[19:03:07] [Render thread/DEBUG] (net.fabricmc.fabric.impl.resource.pack.ModPackResourcesUtil) [Fabric] cur @ vanilla, auto-enabled fabric-menu-api-v1, currently enabled: [vanilla, fabric-api, fabric-api-base, fabric-api-lookup-api-v1, fabric-biome-api-v1, fabric-block-api-v1, fabric-block-getter-api-v2, fabric-client-gametest-api-v1, fabric-command-api-v2, fabric-content-registries-v0, fabric-convention-tags-v2, fabric-crash-report-info-v1, fabric-creative-tab-api-v1, fabric-data-attachment-api-v1, fabric-data-generation-api-v1, fabric-debug-api-v1, fabric-dimensions-v1, fabric-entity-events-v1, fabric-events-interaction-v0, fabric-game-rule-api-v1, fabric-gametest-api-v1, fabric-item-api-v1, fabric-key-mapping-api-v1, fabric-language-kotlin, fabric-lifecycle-events-v1, fabric-loot-api-v3, fabric-menu-api-v1]
[19:03:07] [Render thread/DEBUG] (net.fabricmc.fabric.impl.resource.pack.ModPackResourcesUtil) [Fabric] cur @ vanilla, auto-enabled fabric-message-api-v1, currently enabled: [vanilla, fabric-api, fabric-api-base, fabric-api-lookup-api-v1, fabric-biome-api-v1, fabric-block-api-v1, fabric-block-getter-api-v2, fabric-client-gametest-api-v1, fabric-command-api-v2, fabric-content-registries-v0, fabric-convention-tags-v2, fabric-crash-report-info-v1, fabric-creative-tab-api-v1, fabric-data-attachment-api-v1, fabric-data-generation-api-v1, fabric-debug-api-v1, fabric-dimensions-v1, fabric-entity-events-v1, fabric-events-interaction-v0, fabric-game-rule-api-v1, fabric-gametest-api-v1, fabric-item-api-v1, fabric-key-mapping-api-v1, fabric-language-kotlin, fabric-lifecycle-events-v1, fabric-loot-api-v3, fabric-menu-api-v1, fabric-message-api-v1]
[19:03:07] [Render thread/DEBUG] (net.fabricmc.fabric.impl.resource.pack.ModPackResourcesUtil) [Fabric] cur @ vanilla, auto-enabled fabric-model-loading-api-v1, currently enabled: [vanilla, fabric-api, fabric-api-base, fabric-api-lookup-api-v1, fabric-biome-api-v1, fabric-block-api-v1, fabric-block-getter-api-v2, fabric-client-gametest-api-v1, fabric-command-api-v2, fabric-content-registries-v0, fabric-convention-tags-v2, fabric-crash-report-info-v1, fabric-creative-tab-api-v1, fabric-data-attachment-api-v1, fabric-data-generation-api-v1, fabric-debug-api-v1, fabric-dimensions-v1, fabric-entity-events-v1, fabric-events-interaction-v0, fabric-game-rule-api-v1, fabric-gametest-api-v1, fabric-item-api-v1, fabric-key-mapping-api-v1, fabric-language-kotlin, fabric-lifecycle-events-v1, fabric-loot-api-v3, fabric-menu-api-v1, fabric-message-api-v1, fabric-model-loading-api-v1]
[19:03:07] [Render thread/DEBUG] (net.fabricmc.fabric.impl.resource.pack.ModPackResourcesUtil) [Fabric] cur @ vanilla, auto-enabled fabric-networking-api-v1, currently enabled: [vanilla, fabric-api, fabric-api-base, fabric-api-lookup-api-v1, fabric-biome-api-v1, fabric-block-api-v1, fabric-block-getter-api-v2, fabric-client-gametest-api-v1, fabric-command-api-v2, fabric-content-registries-v0, fabric-convention-tags-v2, fabric-crash-report-info-v1, fabric-creative-tab-api-v1, fabric-data-attachment-api-v1, fabric-data-generation-api-v1, fabric-debug-api-v1, fabric-dimensions-v1, fabric-entity-events-v1, fabric-events-interaction-v0, fabric-game-rule-api-v1, fabric-gametest-api-v1, fabric-item-api-v1, fabric-key-mapping-api-v1, fabric-language-kotlin, fabric-lifecycle-events-v1, fabric-loot-api-v3, fabric-menu-api-v1, fabric-message-api-v1, fabric-model-loading-api-v1, fabric-networking-api-v1]
[19:03:07] [Render thread/DEBUG] (net.fabricmc.fabric.impl.resource.pack.ModPackResourcesUtil) [Fabric] cur @ vanilla, auto-enabled fabric-object-builder-api-v1, currently enabled: [vanilla, fabric-api, fabric-api-base, fabric-api-lookup-api-v1, fabric-biome-api-v1, fabric-block-api-v1, fabric-block-getter-api-v2, fabric-client-gametest-api-v1, fabric-command-api-v2, fabric-content-registries-v0, fabric-convention-tags-v2, fabric-crash-report-info-v1, fabric-creative-tab-api-v1, fabric-data-attachment-api-v1, fabric-data-generation-api-v1, fabric-debug-api-v1, fabric-dimensions-v1, fabric-entity-events-v1, fabric-events-interaction-v0, fabric-game-rule-api-v1, fabric-gametest-api-v1, fabric-item-api-v1, fabric-key-mapping-api-v1, fabric-language-kotlin, fabric-lifecycle-events-v1, fabric-loot-api-v3, fabric-menu-api-v1, fabric-message-api-v1, fabric-model-loading-api-v1, fabric-networking-api-v1, fabric-object-builder-api-v1]
[19:03:07] [Render thread/DEBUG] (net.fabricmc.fabric.impl.resource.pack.ModPackResourcesUtil) [Fabric] cur @ vanilla, auto-enabled fabric-particles-v1, currently enabled: [vanilla, fabric-api, fabric-api-base, fabric-api-lookup-api-v1, fabric-biome-api-v1, fabric-block-api-v1, fabric-block-getter-api-v2, fabric-client-gametest-api-v1, fabric-command-api-v2, fabric-content-registries-v0, fabric-convention-tags-v2, fabric-crash-report-info-v1, fabric-creative-tab-api-v1, fabric-data-attachment-api-v1, fabric-data-generation-api-v1, fabric-debug-api-v1, fabric-dimensions-v1, fabric-entity-events-v1, fabric-events-interaction-v0, fabric-game-rule-api-v1, fabric-gametest-api-v1, fabric-item-api-v1, fabric-key-mapping-api-v1, fabric-language-kotlin, fabric-lifecycle-events-v1, fabric-loot-api-v3, fabric-menu-api-v1, fabric-message-api-v1, fabric-model-loading-api-v1, fabric-networking-api-v1, fabric-object-builder-api-v1, fabric-particles-v1]
[19:03:07] [Render thread/DEBUG] (net.fabricmc.fabric.impl.resource.pack.ModPackResourcesUtil) [Fabric] cur @ vanilla, auto-enabled fabric-permission-api-v1, currently enabled: [vanilla, fabric-api, fabric-api-base, fabric-api-lookup-api-v1, fabric-biome-api-v1, fabric-block-api-v1, fabric-block-getter-api-v2, fabric-client-gametest-api-v1, fabric-command-api-v2, fabric-content-registries-v0, fabric-convention-tags-v2, fabric-crash-report-info-v1, fabric-creative-tab-api-v1, fabric-data-attachment-api-v1, fabric-data-generation-api-v1, fabric-debug-api-v1, fabric-dimensions-v1, fabric-entity-events-v1, fabric-events-interaction-v0, fabric-game-rule-api-v1, fabric-gametest-api-v1, fabric-item-api-v1, fabric-key-mapping-api-v1, fabric-language-kotlin, fabric-lifecycle-events-v1, fabric-loot-api-v3, fabric-menu-api-v1, fabric-message-api-v1, fabric-model-loading-api-v1, fabric-networking-api-v1, fabric-object-builder-api-v1, fabric-particles-v1, fabric-permission-api-v1]
[19:03:07] [Render thread/DEBUG] (net.fabricmc.fabric.impl.resource.pack.ModPackResourcesUtil) [Fabric] cur @ vanilla, auto-enabled fabric-recipe-api-v1, currently enabled: [vanilla, fabric-api, fabric-api-base, fabric-api-lookup-api-v1, fabric-biome-api-v1, fabric-block-api-v1, fabric-block-getter-api-v2, fabric-client-gametest-api-v1, fabric-command-api-v2, fabric-content-registries-v0, fabric-convention-tags-v2, fabric-crash-report-info-v1, fabric-creative-tab-api-v1, fabric-data-attachment-api-v1, fabric-data-generation-api-v1, fabric-debug-api-v1, fabric-dimensions-v1, fabric-entity-events-v1, fabric-events-interaction-v0, fabric-game-rule-api-v1, fabric-gametest-api-v1, fabric-item-api-v1, fabric-key-mapping-api-v1, fabric-language-kotlin, fabric-lifecycle-events-v1, fabric-loot-api-v3, fabric-menu-api-v1, fabric-message-api-v1, fabric-model-loading-api-v1, fabric-networking-api-v1, fabric-object-builder-api-v1, fabric-particles-v1, fabric-permission-api-v1, fabric-recipe-api-v1]
[19:03:07] [Render thread/DEBUG] (net.fabricmc.fabric.impl.resource.pack.ModPackResourcesUtil) [Fabric] cur @ vanilla, auto-enabled fabric-registry-sync-v0, currently enabled: [vanilla, fabric-api, fabric-api-base, fabric-api-lookup-api-v1, fabric-biome-api-v1, fabric-block-api-v1, fabric-block-getter-api-v2, fabric-client-gametest-api-v1, fabric-command-api-v2, fabric-content-registries-v0, fabric-convention-tags-v2, fabric-crash-report-info-v1, fabric-creative-tab-api-v1, fabric-data-attachment-api-v1, fabric-data-generation-api-v1, fabric-debug-api-v1, fabric-dimensions-v1, fabric-entity-events-v1, fabric-events-interaction-v0, fabric-game-rule-api-v1, fabric-gametest-api-v1, fabric-item-api-v1, fabric-key-mapping-api-v1, fabric-language-kotlin, fabric-lifecycle-events-v1, fabric-loot-api-v3, fabric-menu-api-v1, fabric-message-api-v1, fabric-model-loading-api-v1, fabric-networking-api-v1, fabric-object-builder-api-v1, fabric-particles-v1, fabric-permission-api-v1, fabric-recipe-api-v1, fabric-registry-sync-v0]
[19:03:07] [Render thread/DEBUG] (net.fabricmc.fabric.impl.resource.pack.ModPackResourcesUtil) [Fabric] cur @ vanilla, auto-enabled fabric-renderer-api-v1, currently enabled: [vanilla, fabric-api, fabric-api-base, fabric-api-lookup-api-v1, fabric-biome-api-v1, fabric-block-api-v1, fabric-block-getter-api-v2, fabric-client-gametest-api-v1, fabric-command-api-v2, fabric-content-registries-v0, fabric-convention-tags-v2, fabric-crash-report-info-v1, fabric-creative-tab-api-v1, fabric-data-attachment-api-v1, fabric-data-generation-api-v1, fabric-debug-api-v1, fabric-dimensions-v1, fabric-entity-events-v1, fabric-events-interaction-v0, fabric-game-rule-api-v1, fabric-gametest-api-v1, fabric-item-api-v1, fabric-key-mapping-api-v1, fabric-language-kotlin, fabric-lifecycle-events-v1, fabric-loot-api-v3, fabric-menu-api-v1, fabric-message-api-v1, fabric-model-loading-api-v1, fabric-networking-api-v1, fabric-object-builder-api-v1, fabric-particles-v1, fabric-permission-api-v1, fabric-recipe-api-v1, fabric-registry-sync-v0, fabric-renderer-api-v1]
[19:03:07] [Render thread/DEBUG] (net.fabricmc.fabric.impl.resource.pack.ModPackResourcesUtil) [Fabric] cur @ vanilla, auto-enabled fabric-renderer-indigo, currently enabled: [vanilla, fabric-api, fabric-api-base, fabric-api-lookup-api-v1, fabric-biome-api-v1, fabric-block-api-v1, fabric-block-getter-api-v2, fabric-client-gametest-api-v1, fabric-command-api-v2, fabric-content-registries-v0, fabric-convention-tags-v2, fabric-crash-report-info-v1, fabric-creative-tab-api-v1, fabric-data-attachment-api-v1, fabric-data-generation-api-v1, fabric-debug-api-v1, fabric-dimensions-v1, fabric-entity-events-v1, fabric-events-interaction-v0, fabric-game-rule-api-v1, fabric-gametest-api-v1, fabric-item-api-v1, fabric-key-mapping-api-v1, fabric-language-kotlin, fabric-lifecycle-events-v1, fabric-loot-api-v3, fabric-menu-api-v1, fabric-message-api-v1, fabric-model-loading-api-v1, fabric-networking-api-v1, fabric-object-builder-api-v1, fabric-particles-v1, fabric-permission-api-v1, fabric-recipe-api-v1, fabric-registry-sync-v0, fabric-renderer-api-v1, fabric-renderer-indigo]
[19:03:07] [Render thread/DEBUG] (net.fabricmc.fabric.impl.resource.pack.ModPackResourcesUtil) [Fabric] cur @ vanilla, auto-enabled fabric-rendering-fluids-v1, currently enabled: [vanilla, fabric-api, fabric-api-base, fabric-api-lookup-api-v1, fabric-biome-api-v1, fabric-block-api-v1, fabric-block-getter-api-v2, fabric-client-gametest-api-v1, fabric-command-api-v2, fabric-content-registries-v0, fabric-convention-tags-v2, fabric-crash-report-info-v1, fabric-creative-tab-api-v1, fabric-data-attachment-api-v1, fabric-data-generation-api-v1, fabric-debug-api-v1, fabric-dimensions-v1, fabric-entity-events-v1, fabric-events-interaction-v0, fabric-game-rule-api-v1, fabric-gametest-api-v1, fabric-item-api-v1, fabric-key-mapping-api-v1, fabric-language-kotlin, fabric-lifecycle-events-v1, fabric-loot-api-v3, fabric-menu-api-v1, fabric-message-api-v1, fabric-model-loading-api-v1, fabric-networking-api-v1, fabric-object-builder-api-v1, fabric-particles-v1, fabric-permission-api-v1, fabric-recipe-api-v1, fabric-registry-sync-v0, fabric-renderer-api-v1, fabric-renderer-indigo, fabric-rendering-fluids-v1]
[19:03:07] [Render thread/DEBUG] (net.fabricmc.fabric.impl.resource.pack.ModPackResourcesUtil) [Fabric] cur @ vanilla, auto-enabled fabric-rendering-v1, currently enabled: [vanilla, fabric-api, fabric-api-base, fabric-api-lookup-api-v1, fabric-biome-api-v1, fabric-block-api-v1, fabric-block-getter-api-v2, fabric-client-gametest-api-v1, fabric-command-api-v2, fabric-content-registries-v0, fabric-convention-tags-v2, fabric-crash-report-info-v1, fabric-creative-tab-api-v1, fabric-data-attachment-api-v1, fabric-data-generation-api-v1, fabric-debug-api-v1, fabric-dimensions-v1, fabric-entity-events-v1, fabric-events-interaction-v0, fabric-game-rule-api-v1, fabric-gametest-api-v1, fabric-item-api-v1, fabric-key-mapping-api-v1, fabric-language-kotlin, fabric-lifecycle-events-v1, fabric-loot-api-v3, fabric-menu-api-v1, fabric-message-api-v1, fabric-model-loading-api-v1, fabric-networking-api-v1, fabric-object-builder-api-v1, fabric-particles-v1, fabric-permission-api-v1, fabric-recipe-api-v1, fabric-registry-sync-v0, fabric-renderer-api-v1, fabric-renderer-indigo, fabric-rendering-fluids-v1, fabric-rendering-v1]
[19:03:07] [Render thread/DEBUG] (net.fabricmc.fabric.impl.resource.pack.ModPackResourcesUtil) [Fabric] cur @ vanilla, auto-enabled fabric-resource-conditions-api-v1, currently enabled: [vanilla, fabric-api, fabric-api-base, fabric-api-lookup-api-v1, fabric-biome-api-v1, fabric-block-api-v1, fabric-block-getter-api-v2, fabric-client-gametest-api-v1, fabric-command-api-v2, fabric-content-registries-v0, fabric-convention-tags-v2, fabric-crash-report-info-v1, fabric-creative-tab-api-v1, fabric-data-attachment-api-v1, fabric-data-generation-api-v1, fabric-debug-api-v1, fabric-dimensions-v1, fabric-entity-events-v1, fabric-events-interaction-v0, fabric-game-rule-api-v1, fabric-gametest-api-v1, fabric-item-api-v1, fabric-key-mapping-api-v1, fabric-language-kotlin, fabric-lifecycle-events-v1, fabric-loot-api-v3, fabric-menu-api-v1, fabric-message-api-v1, fabric-model-loading-api-v1, fabric-networking-api-v1, fabric-object-builder-api-v1, fabric-particles-v1, fabric-permission-api-v1, fabric-recipe-api-v1, fabric-registry-sync-v0, fabric-renderer-api-v1, fabric-renderer-indigo, fabric-rendering-fluids-v1, fabric-rendering-v1, fabric-resource-conditions-api-v1]
[19:03:07] [Render thread/DEBUG] (net.fabricmc.fabric.impl.resource.pack.ModPackResourcesUtil) [Fabric] cur @ vanilla, auto-enabled fabric-resource-loader-v0, currently enabled: [vanilla, fabric-api, fabric-api-base, fabric-api-lookup-api-v1, fabric-biome-api-v1, fabric-block-api-v1, fabric-block-getter-api-v2, fabric-client-gametest-api-v1, fabric-command-api-v2, fabric-content-registries-v0, fabric-convention-tags-v2, fabric-crash-report-info-v1, fabric-creative-tab-api-v1, fabric-data-attachment-api-v1, fabric-data-generation-api-v1, fabric-debug-api-v1, fabric-dimensions-v1, fabric-entity-events-v1, fabric-events-interaction-v0, fabric-game-rule-api-v1, fabric-gametest-api-v1, fabric-item-api-v1, fabric-key-mapping-api-v1, fabric-language-kotlin, fabric-lifecycle-events-v1, fabric-loot-api-v3, fabric-menu-api-v1, fabric-message-api-v1, fabric-model-loading-api-v1, fabric-networking-api-v1, fabric-object-builder-api-v1, fabric-particles-v1, fabric-permission-api-v1, fabric-recipe-api-v1, fabric-registry-sync-v0, fabric-renderer-api-v1, fabric-renderer-indigo, fabric-rendering-fluids-v1, fabric-rendering-v1, fabric-resource-conditions-api-v1, fabric-resource-loader-v0]
[19:03:07] [Render thread/DEBUG] (net.fabricmc.fabric.impl.resource.pack.ModPackResourcesUtil) [Fabric] cur @ vanilla, auto-enabled fabric-resource-loader-v1, currently enabled: [vanilla, fabric-api, fabric-api-base, fabric-api-lookup-api-v1, fabric-biome-api-v1, fabric-block-api-v1, fabric-block-getter-api-v2, fabric-client-gametest-api-v1, fabric-command-api-v2, fabric-content-registries-v0, fabric-convention-tags-v2, fabric-crash-report-info-v1, fabric-creative-tab-api-v1, fabric-data-attachment-api-v1, fabric-data-generation-api-v1, fabric-debug-api-v1, fabric-dimensions-v1, fabric-entity-events-v1, fabric-events-interaction-v0, fabric-game-rule-api-v1, fabric-gametest-api-v1, fabric-item-api-v1, fabric-key-mapping-api-v1, fabric-language-kotlin, fabric-lifecycle-events-v1, fabric-loot-api-v3, fabric-menu-api-v1, fabric-message-api-v1, fabric-model-loading-api-v1, fabric-networking-api-v1, fabric-object-builder-api-v1, fabric-particles-v1, fabric-permission-api-v1, fabric-recipe-api-v1, fabric-registry-sync-v0, fabric-renderer-api-v1, fabric-renderer-indigo, fabric-rendering-fluids-v1, fabric-rendering-v1, fabric-resource-conditions-api-v1, fabric-resource-loader-v0, fabric-resource-loader-v1]
[19:03:07] [Render thread/DEBUG] (net.fabricmc.fabric.impl.resource.pack.ModPackResourcesUtil) [Fabric] cur @ vanilla, auto-enabled fabric-screen-api-v1, currently enabled: [vanilla, fabric-api, fabric-api-base, fabric-api-lookup-api-v1, fabric-biome-api-v1, fabric-block-api-v1, fabric-block-getter-api-v2, fabric-client-gametest-api-v1, fabric-command-api-v2, fabric-content-registries-v0, fabric-convention-tags-v2, fabric-crash-report-info-v1, fabric-creative-tab-api-v1, fabric-data-attachment-api-v1, fabric-data-generation-api-v1, fabric-debug-api-v1, fabric-dimensions-v1, fabric-entity-events-v1, fabric-events-interaction-v0, fabric-game-rule-api-v1, fabric-gametest-api-v1, fabric-item-api-v1, fabric-key-mapping-api-v1, fabric-language-kotlin, fabric-lifecycle-events-v1, fabric-loot-api-v3, fabric-menu-api-v1, fabric-message-api-v1, fabric-model-loading-api-v1, fabric-networking-api-v1, fabric-object-builder-api-v1, fabric-particles-v1, fabric-permission-api-v1, fabric-recipe-api-v1, fabric-registry-sync-v0, fabric-renderer-api-v1, fabric-renderer-indigo, fabric-rendering-fluids-v1, fabric-rendering-v1, fabric-resource-conditions-api-v1, fabric-resource-loader-v0, fabric-resource-loader-v1, fabric-screen-api-v1]
[19:03:07] [Render thread/DEBUG] (net.fabricmc.fabric.impl.resource.pack.ModPackResourcesUtil) [Fabric] cur @ vanilla, auto-enabled fabric-serialization-api-v1, currently enabled: [vanilla, fabric-api, fabric-api-base, fabric-api-lookup-api-v1, fabric-biome-api-v1, fabric-block-api-v1, fabric-block-getter-api-v2, fabric-client-gametest-api-v1, fabric-command-api-v2, fabric-content-registries-v0, fabric-convention-tags-v2, fabric-crash-report-info-v1, fabric-creative-tab-api-v1, fabric-data-attachment-api-v1, fabric-data-generation-api-v1, fabric-debug-api-v1, fabric-dimensions-v1, fabric-entity-events-v1, fabric-events-interaction-v0, fabric-game-rule-api-v1, fabric-gametest-api-v1, fabric-item-api-v1, fabric-key-mapping-api-v1, fabric-language-kotlin, fabric-lifecycle-events-v1, fabric-loot-api-v3, fabric-menu-api-v1, fabric-message-api-v1, fabric-model-loading-api-v1, fabric-networking-api-v1, fabric-object-builder-api-v1, fabric-particles-v1, fabric-permission-api-v1, fabric-recipe-api-v1, fabric-registry-sync-v0, fabric-renderer-api-v1, fabric-renderer-indigo, fabric-rendering-fluids-v1, fabric-rendering-v1, fabric-resource-conditions-api-v1, fabric-resource-loader-v0, fabric-resource-loader-v1, fabric-screen-api-v1, fabric-serialization-api-v1]
[19:03:07] [Render thread/DEBUG] (net.fabricmc.fabric.impl.resource.pack.ModPackResourcesUtil) [Fabric] cur @ vanilla, auto-enabled fabric-sound-api-v1, currently enabled: [vanilla, fabric-api, fabric-api-base, fabric-api-lookup-api-v1, fabric-biome-api-v1, fabric-block-api-v1, fabric-block-getter-api-v2, fabric-client-gametest-api-v1, fabric-command-api-v2, fabric-content-registries-v0, fabric-convention-tags-v2, fabric-crash-report-info-v1, fabric-creative-tab-api-v1, fabric-data-attachment-api-v1, fabric-data-generation-api-v1, fabric-debug-api-v1, fabric-dimensions-v1, fabric-entity-events-v1, fabric-events-interaction-v0, fabric-game-rule-api-v1, fabric-gametest-api-v1, fabric-item-api-v1, fabric-key-mapping-api-v1, fabric-language-kotlin, fabric-lifecycle-events-v1, fabric-loot-api-v3, fabric-menu-api-v1, fabric-message-api-v1, fabric-model-loading-api-v1, fabric-networking-api-v1, fabric-object-builder-api-v1, fabric-particles-v1, fabric-permission-api-v1, fabric-recipe-api-v1, fabric-registry-sync-v0, fabric-renderer-api-v1, fabric-renderer-indigo, fabric-rendering-fluids-v1, fabric-rendering-v1, fabric-resource-conditions-api-v1, fabric-resource-loader-v0, fabric-resource-loader-v1, fabric-screen-api-v1, fabric-serialization-api-v1, fabric-sound-api-v1]
[19:03:07] [Render thread/DEBUG] (net.fabricmc.fabric.impl.resource.pack.ModPackResourcesUtil) [Fabric] cur @ vanilla, auto-enabled fabric-tag-api-v1, currently enabled: [vanilla, fabric-api, fabric-api-base, fabric-api-lookup-api-v1, fabric-biome-api-v1, fabric-block-api-v1, fabric-block-getter-api-v2, fabric-client-gametest-api-v1, fabric-command-api-v2, fabric-content-registries-v0, fabric-convention-tags-v2, fabric-crash-report-info-v1, fabric-creative-tab-api-v1, fabric-data-attachment-api-v1, fabric-data-generation-api-v1, fabric-debug-api-v1, fabric-dimensions-v1, fabric-entity-events-v1, fabric-events-interaction-v0, fabric-game-rule-api-v1, fabric-gametest-api-v1, fabric-item-api-v1, fabric-key-mapping-api-v1, fabric-language-kotlin, fabric-lifecycle-events-v1, fabric-loot-api-v3, fabric-menu-api-v1, fabric-message-api-v1, fabric-model-loading-api-v1, fabric-networking-api-v1, fabric-object-builder-api-v1, fabric-particles-v1, fabric-permission-api-v1, fabric-recipe-api-v1, fabric-registry-sync-v0, fabric-renderer-api-v1, fabric-renderer-indigo, fabric-rendering-fluids-v1, fabric-rendering-v1, fabric-resource-conditions-api-v1, fabric-resource-loader-v0, fabric-resource-loader-v1, fabric-screen-api-v1, fabric-serialization-api-v1, fabric-sound-api-v1, fabric-tag-api-v1]
[19:03:07] [Render thread/DEBUG] (net.fabricmc.fabric.impl.resource.pack.ModPackResourcesUtil) [Fabric] cur @ vanilla, auto-enabled fabric-transfer-api-v1, currently enabled: [vanilla, fabric-api, fabric-api-base, fabric-api-lookup-api-v1, fabric-biome-api-v1, fabric-block-api-v1, fabric-block-getter-api-v2, fabric-client-gametest-api-v1, fabric-command-api-v2, fabric-content-registries-v0, fabric-convention-tags-v2, fabric-crash-report-info-v1, fabric-creative-tab-api-v1, fabric-data-attachment-api-v1, fabric-data-generation-api-v1, fabric-debug-api-v1, fabric-dimensions-v1, fabric-entity-events-v1, fabric-events-interaction-v0, fabric-game-rule-api-v1, fabric-gametest-api-v1, fabric-item-api-v1, fabric-key-mapping-api-v1, fabric-language-kotlin, fabric-lifecycle-events-v1, fabric-loot-api-v3, fabric-menu-api-v1, fabric-message-api-v1, fabric-model-loading-api-v1, fabric-networking-api-v1, fabric-object-builder-api-v1, fabric-particles-v1, fabric-permission-api-v1, fabric-recipe-api-v1, fabric-registry-sync-v0, fabric-renderer-api-v1, fabric-renderer-indigo, fabric-rendering-fluids-v1, fabric-rendering-v1, fabric-resource-conditions-api-v1, fabric-resource-loader-v0, fabric-resource-loader-v1, fabric-screen-api-v1, fabric-serialization-api-v1, fabric-sound-api-v1, fabric-tag-api-v1, fabric-transfer-api-v1]
[19:03:07] [Render thread/DEBUG] (net.fabricmc.fabric.impl.resource.pack.ModPackResourcesUtil) [Fabric] cur @ vanilla, auto-enabled fabric-transitive-access-wideners-v1, currently enabled: [vanilla, fabric-api, fabric-api-base, fabric-api-lookup-api-v1, fabric-biome-api-v1, fabric-block-api-v1, fabric-block-getter-api-v2, fabric-client-gametest-api-v1, fabric-command-api-v2, fabric-content-registries-v0, fabric-convention-tags-v2, fabric-crash-report-info-v1, fabric-creative-tab-api-v1, fabric-data-attachment-api-v1, fabric-data-generation-api-v1, fabric-debug-api-v1, fabric-dimensions-v1, fabric-entity-events-v1, fabric-events-interaction-v0, fabric-game-rule-api-v1, fabric-gametest-api-v1, fabric-item-api-v1, fabric-key-mapping-api-v1, fabric-language-kotlin, fabric-lifecycle-events-v1, fabric-loot-api-v3, fabric-menu-api-v1, fabric-message-api-v1, fabric-model-loading-api-v1, fabric-networking-api-v1, fabric-object-builder-api-v1, fabric-particles-v1, fabric-permission-api-v1, fabric-recipe-api-v1, fabric-registry-sync-v0, fabric-renderer-api-v1, fabric-renderer-indigo, fabric-rendering-fluids-v1, fabric-rendering-v1, fabric-resource-conditions-api-v1, fabric-resource-loader-v0, fabric-resource-loader-v1, fabric-screen-api-v1, fabric-serialization-api-v1, fabric-sound-api-v1, fabric-tag-api-v1, fabric-transfer-api-v1, fabric-transitive-access-wideners-v1]
[19:03:07] [Render thread/DEBUG] (net.fabricmc.fabric.impl.resource.pack.ModPackResourcesUtil) [Fabric] cur @ vanilla, auto-enabled fabricloader, currently enabled: [vanilla, fabric-api, fabric-api-base, fabric-api-lookup-api-v1, fabric-biome-api-v1, fabric-block-api-v1, fabric-block-getter-api-v2, fabric-client-gametest-api-v1, fabric-command-api-v2, fabric-content-registries-v0, fabric-convention-tags-v2, fabric-crash-report-info-v1, fabric-creative-tab-api-v1, fabric-data-attachment-api-v1, fabric-data-generation-api-v1, fabric-debug-api-v1, fabric-dimensions-v1, fabric-entity-events-v1, fabric-events-interaction-v0, fabric-game-rule-api-v1, fabric-gametest-api-v1, fabric-item-api-v1, fabric-key-mapping-api-v1, fabric-language-kotlin, fabric-lifecycle-events-v1, fabric-loot-api-v3, fabric-menu-api-v1, fabric-message-api-v1, fabric-model-loading-api-v1, fabric-networking-api-v1, fabric-object-builder-api-v1, fabric-particles-v1, fabric-permission-api-v1, fabric-recipe-api-v1, fabric-registry-sync-v0, fabric-renderer-api-v1, fabric-renderer-indigo, fabric-rendering-fluids-v1, fabric-rendering-v1, fabric-resource-conditions-api-v1, fabric-resource-loader-v0, fabric-resource-loader-v1, fabric-screen-api-v1, fabric-serialization-api-v1, fabric-sound-api-v1, fabric-tag-api-v1, fabric-transfer-api-v1, fabric-transitive-access-wideners-v1, fabricloader]
[19:03:07] [Render thread/DEBUG] (net.fabricmc.fabric.impl.resource.pack.ModPackResourcesUtil) [Fabric] cur @ vanilla, auto-enabled yabranked-client, currently enabled: [vanilla, fabric-api, fabric-api-base, fabric-api-lookup-api-v1, fabric-biome-api-v1, fabric-block-api-v1, fabric-block-getter-api-v2, fabric-client-gametest-api-v1, fabric-command-api-v2, fabric-content-registries-v0, fabric-convention-tags-v2, fabric-crash-report-info-v1, fabric-creative-tab-api-v1, fabric-data-attachment-api-v1, fabric-data-generation-api-v1, fabric-debug-api-v1, fabric-dimensions-v1, fabric-entity-events-v1, fabric-events-interaction-v0, fabric-game-rule-api-v1, fabric-gametest-api-v1, fabric-item-api-v1, fabric-key-mapping-api-v1, fabric-language-kotlin, fabric-lifecycle-events-v1, fabric-loot-api-v3, fabric-menu-api-v1, fabric-message-api-v1, fabric-model-loading-api-v1, fabric-networking-api-v1, fabric-object-builder-api-v1, fabric-particles-v1, fabric-permission-api-v1, fabric-recipe-api-v1, fabric-registry-sync-v0, fabric-renderer-api-v1, fabric-renderer-indigo, fabric-rendering-fluids-v1, fabric-rendering-v1, fabric-resource-conditions-api-v1, fabric-resource-loader-v0, fabric-resource-loader-v1, fabric-screen-api-v1, fabric-serialization-api-v1, fabric-sound-api-v1, fabric-tag-api-v1, fabric-transfer-api-v1, fabric-transitive-access-wideners-v1, fabricloader, yabranked-client]
[19:03:07] [Render thread/DEBUG] (net.fabricmc.fabric.impl.resource.pack.ModPackResourcesUtil) [Fabric] cur @ vanilla, auto-enabled yet-another-minecraft-bingo, currently enabled: [vanilla, fabric-api, fabric-api-base, fabric-api-lookup-api-v1, fabric-biome-api-v1, fabric-block-api-v1, fabric-block-getter-api-v2, fabric-client-gametest-api-v1, fabric-command-api-v2, fabric-content-registries-v0, fabric-convention-tags-v2, fabric-crash-report-info-v1, fabric-creative-tab-api-v1, fabric-data-attachment-api-v1, fabric-data-generation-api-v1, fabric-debug-api-v1, fabric-dimensions-v1, fabric-entity-events-v1, fabric-events-interaction-v0, fabric-game-rule-api-v1, fabric-gametest-api-v1, fabric-item-api-v1, fabric-key-mapping-api-v1, fabric-language-kotlin, fabric-lifecycle-events-v1, fabric-loot-api-v3, fabric-menu-api-v1, fabric-message-api-v1, fabric-model-loading-api-v1, fabric-networking-api-v1, fabric-object-builder-api-v1, fabric-particles-v1, fabric-permission-api-v1, fabric-recipe-api-v1, fabric-registry-sync-v0, fabric-renderer-api-v1, fabric-renderer-indigo, fabric-rendering-fluids-v1, fabric-rendering-v1, fabric-resource-conditions-api-v1, fabric-resource-loader-v0, fabric-resource-loader-v1, fabric-screen-api-v1, fabric-serialization-api-v1, fabric-sound-api-v1, fabric-tag-api-v1, fabric-transfer-api-v1, fabric-transitive-access-wideners-v1, fabricloader, yabranked-client, yet-another-minecraft-bingo]
[19:03:07] [Render thread/DEBUG] (net.fabricmc.fabric.impl.resource.pack.ModPackResourcesUtil) [Fabric] Final sorting result: [vanilla, fabric-api, fabric-api-base, fabric-api-lookup-api-v1, fabric-biome-api-v1, fabric-block-api-v1, fabric-block-getter-api-v2, fabric-client-gametest-api-v1, fabric-command-api-v2, fabric-content-registries-v0, fabric-convention-tags-v2, fabric-crash-report-info-v1, fabric-creative-tab-api-v1, fabric-data-attachment-api-v1, fabric-data-generation-api-v1, fabric-debug-api-v1, fabric-dimensions-v1, fabric-entity-events-v1, fabric-events-interaction-v0, fabric-game-rule-api-v1, fabric-gametest-api-v1, fabric-item-api-v1, fabric-key-mapping-api-v1, fabric-language-kotlin, fabric-lifecycle-events-v1, fabric-loot-api-v3, fabric-menu-api-v1, fabric-message-api-v1, fabric-model-loading-api-v1, fabric-networking-api-v1, fabric-object-builder-api-v1, fabric-particles-v1, fabric-permission-api-v1, fabric-recipe-api-v1, fabric-registry-sync-v0, fabric-renderer-api-v1, fabric-renderer-indigo, fabric-rendering-fluids-v1, fabric-rendering-v1, fabric-resource-conditions-api-v1, fabric-resource-loader-v0, fabric-resource-loader-v1, fabric-screen-api-v1, fabric-serialization-api-v1, fabric-sound-api-v1, fabric-tag-api-v1, fabric-transfer-api-v1, fabric-transitive-access-wideners-v1, fabricloader, yabranked-client, yet-another-minecraft-bingo]
[19:03:07] [Render thread/DEBUG] (net.fabricmc.fabric.impl.resource.pack.ModPackResourcesUtil) [Fabric] Starting internal pack sorting with: [vanilla, fabric-api, fabric-api-base, fabric-api-lookup-api-v1, fabric-biome-api-v1, fabric-block-api-v1, fabric-block-getter-api-v2, fabric-client-gametest-api-v1, fabric-command-api-v2, fabric-content-registries-v0, fabric-convention-tags-v2, fabric-crash-report-info-v1, fabric-creative-tab-api-v1, fabric-creative-tab-api-v1_programmer_art, fabric-data-attachment-api-v1, fabric-data-generation-api-v1, fabric-debug-api-v1, fabric-dimensions-v1, fabric-entity-events-v1, fabric-events-interaction-v0, fabric-game-rule-api-v1, fabric-gametest-api-v1, fabric-item-api-v1, fabric-key-mapping-api-v1, fabric-language-kotlin, fabric-lifecycle-events-v1, fabric-loot-api-v3, fabric-menu-api-v1, fabric-message-api-v1, fabric-model-loading-api-v1, fabric-networking-api-v1, fabric-object-builder-api-v1, fabric-particles-v1, fabric-permission-api-v1, fabric-recipe-api-v1, fabric-registry-sync-v0, fabric-renderer-api-v1, fabric-renderer-indigo, fabric-rendering-fluids-v1, fabric-rendering-v1, fabric-resource-conditions-api-v1, fabric-resource-loader-v0, fabric-resource-loader-v1, fabric-screen-api-v1, fabric-serialization-api-v1, fabric-sound-api-v1, fabric-tag-api-v1, fabric-transfer-api-v1, fabric-transitive-access-wideners-v1, fabricloader, yabranked-client, yet-another-minecraft-bingo]
[19:03:07] [Render thread/DEBUG] (net.fabricmc.fabric.impl.resource.pack.ModPackResourcesUtil) [Fabric] Removed all internal packs, result: [vanilla]
[19:03:07] [Render thread/DEBUG] (net.fabricmc.fabric.impl.resource.pack.ModPackResourcesUtil) [Fabric] cur @ vanilla, auto-enabled fabric-api, currently enabled: [vanilla, fabric-api]
[19:03:07] [Render thread/DEBUG] (net.fabricmc.fabric.impl.resource.pack.ModPackResourcesUtil) [Fabric] cur @ vanilla, auto-enabled fabric-api-base, currently enabled: [vanilla, fabric-api, fabric-api-base]
[19:03:07] [Render thread/DEBUG] (net.fabricmc.fabric.impl.resource.pack.ModPackResourcesUtil) [Fabric] cur @ vanilla, auto-enabled fabric-api-lookup-api-v1, currently enabled: [vanilla, fabric-api, fabric-api-base, fabric-api-lookup-api-v1]
[19:03:07] [Render thread/DEBUG] (net.fabricmc.fabric.impl.resource.pack.ModPackResourcesUtil) [Fabric] cur @ vanilla, auto-enabled fabric-biome-api-v1, currently enabled: [vanilla, fabric-api, fabric-api-base, fabric-api-lookup-api-v1, fabric-biome-api-v1]
[19:03:07] [Render thread/DEBUG] (net.fabricmc.fabric.impl.resource.pack.ModPackResourcesUtil) [Fabric] cur @ vanilla, auto-enabled fabric-block-api-v1, currently enabled: [vanilla, fabric-api, fabric-api-base, fabric-api-lookup-api-v1, fabric-biome-api-v1, fabric-block-api-v1]
[19:03:07] [Render thread/DEBUG] (net.fabricmc.fabric.impl.resource.pack.ModPackResourcesUtil) [Fabric] cur @ vanilla, auto-enabled fabric-block-getter-api-v2, currently enabled: [vanilla, fabric-api, fabric-api-base, fabric-api-lookup-api-v1, fabric-biome-api-v1, fabric-block-api-v1, fabric-block-getter-api-v2]
[19:03:07] [Render thread/DEBUG] (net.fabricmc.fabric.impl.resource.pack.ModPackResourcesUtil) [Fabric] cur @ vanilla, auto-enabled fabric-client-gametest-api-v1, currently enabled: [vanilla, fabric-api, fabric-api-base, fabric-api-lookup-api-v1, fabric-biome-api-v1, fabric-block-api-v1, fabric-block-getter-api-v2, fabric-client-gametest-api-v1]
[19:03:07] [Render thread/DEBUG] (net.fabricmc.fabric.impl.resource.pack.ModPackResourcesUtil) [Fabric] cur @ vanilla, auto-enabled fabric-command-api-v2, currently enabled: [vanilla, fabric-api, fabric-api-base, fabric-api-lookup-api-v1, fabric-biome-api-v1, fabric-block-api-v1, fabric-block-getter-api-v2, fabric-client-gametest-api-v1, fabric-command-api-v2]
[19:03:07] [Render thread/DEBUG] (net.fabricmc.fabric.impl.resource.pack.ModPackResourcesUtil) [Fabric] cur @ vanilla, auto-enabled fabric-content-registries-v0, currently enabled: [vanilla, fabric-api, fabric-api-base, fabric-api-lookup-api-v1, fabric-biome-api-v1, fabric-block-api-v1, fabric-block-getter-api-v2, fabric-client-gametest-api-v1, fabric-command-api-v2, fabric-content-registries-v0]
[19:03:07] [Render thread/DEBUG] (net.fabricmc.fabric.impl.resource.pack.ModPackResourcesUtil) [Fabric] cur @ vanilla, auto-enabled fabric-convention-tags-v2, currently enabled: [vanilla, fabric-api, fabric-api-base, fabric-api-lookup-api-v1, fabric-biome-api-v1, fabric-block-api-v1, fabric-block-getter-api-v2, fabric-client-gametest-api-v1, fabric-command-api-v2, fabric-content-registries-v0, fabric-convention-tags-v2]
[19:03:07] [Render thread/DEBUG] (net.fabricmc.fabric.impl.resource.pack.ModPackResourcesUtil) [Fabric] cur @ vanilla, auto-enabled fabric-crash-report-info-v1, currently enabled: [vanilla, fabric-api, fabric-api-base, fabric-api-lookup-api-v1, fabric-biome-api-v1, fabric-block-api-v1, fabric-block-getter-api-v2, fabric-client-gametest-api-v1, fabric-command-api-v2, fabric-content-registries-v0, fabric-convention-tags-v2, fabric-crash-report-info-v1]
[19:03:07] [Render thread/DEBUG] (net.fabricmc.fabric.impl.resource.pack.ModPackResourcesUtil) [Fabric] cur @ vanilla, auto-enabled fabric-creative-tab-api-v1, currently enabled: [vanilla, fabric-api, fabric-api-base, fabric-api-lookup-api-v1, fabric-biome-api-v1, fabric-block-api-v1, fabric-block-getter-api-v2, fabric-client-gametest-api-v1, fabric-command-api-v2, fabric-content-registries-v0, fabric-convention-tags-v2, fabric-crash-report-info-v1, fabric-creative-tab-api-v1]
[19:03:07] [Render thread/DEBUG] (net.fabricmc.fabric.impl.resource.pack.ModPackResourcesUtil) [Fabric] cur @ vanilla, auto-enabled fabric-data-attachment-api-v1, currently enabled: [vanilla, fabric-api, fabric-api-base, fabric-api-lookup-api-v1, fabric-biome-api-v1, fabric-block-api-v1, fabric-block-getter-api-v2, fabric-client-gametest-api-v1, fabric-command-api-v2, fabric-content-registries-v0, fabric-convention-tags-v2, fabric-crash-report-info-v1, fabric-creative-tab-api-v1, fabric-data-attachment-api-v1]
[19:03:07] [Render thread/DEBUG] (net.fabricmc.fabric.impl.resource.pack.ModPackResourcesUtil) [Fabric] cur @ vanilla, auto-enabled fabric-data-generation-api-v1, currently enabled: [vanilla, fabric-api, fabric-api-base, fabric-api-lookup-api-v1, fabric-biome-api-v1, fabric-block-api-v1, fabric-block-getter-api-v2, fabric-client-gametest-api-v1, fabric-command-api-v2, fabric-content-registries-v0, fabric-convention-tags-v2, fabric-crash-report-info-v1, fabric-creative-tab-api-v1, fabric-data-attachment-api-v1, fabric-data-generation-api-v1]
[19:03:07] [Render thread/DEBUG] (net.fabricmc.fabric.impl.resource.pack.ModPackResourcesUtil) [Fabric] cur @ vanilla, auto-enabled fabric-debug-api-v1, currently enabled: [vanilla, fabric-api, fabric-api-base, fabric-api-lookup-api-v1, fabric-biome-api-v1, fabric-block-api-v1, fabric-block-getter-api-v2, fabric-client-gametest-api-v1, fabric-command-api-v2, fabric-content-registries-v0, fabric-convention-tags-v2, fabric-crash-report-info-v1, fabric-creative-tab-api-v1, fabric-data-attachment-api-v1, fabric-data-generation-api-v1, fabric-debug-api-v1]
[19:03:07] [Render thread/DEBUG] (net.fabricmc.fabric.impl.resource.pack.ModPackResourcesUtil) [Fabric] cur @ vanilla, auto-enabled fabric-dimensions-v1, currently enabled: [vanilla, fabric-api, fabric-api-base, fabric-api-lookup-api-v1, fabric-biome-api-v1, fabric-block-api-v1, fabric-block-getter-api-v2, fabric-client-gametest-api-v1, fabric-command-api-v2, fabric-content-registries-v0, fabric-convention-tags-v2, fabric-crash-report-info-v1, fabric-creative-tab-api-v1, fabric-data-attachment-api-v1, fabric-data-generation-api-v1, fabric-debug-api-v1, fabric-dimensions-v1]
[19:03:07] [Render thread/DEBUG] (net.fabricmc.fabric.impl.resource.pack.ModPackResourcesUtil) [Fabric] cur @ vanilla, auto-enabled fabric-entity-events-v1, currently enabled: [vanilla, fabric-api, fabric-api-base, fabric-api-lookup-api-v1, fabric-biome-api-v1, fabric-block-api-v1, fabric-block-getter-api-v2, fabric-client-gametest-api-v1, fabric-command-api-v2, fabric-content-registries-v0, fabric-convention-tags-v2, fabric-crash-report-info-v1, fabric-creative-tab-api-v1, fabric-data-attachment-api-v1, fabric-data-generation-api-v1, fabric-debug-api-v1, fabric-dimensions-v1, fabric-entity-events-v1]
[19:03:07] [Render thread/DEBUG] (net.fabricmc.fabric.impl.resource.pack.ModPackResourcesUtil) [Fabric] cur @ vanilla, auto-enabled fabric-events-interaction-v0, currently enabled: [vanilla, fabric-api, fabric-api-base, fabric-api-lookup-api-v1, fabric-biome-api-v1, fabric-block-api-v1, fabric-block-getter-api-v2, fabric-client-gametest-api-v1, fabric-command-api-v2, fabric-content-registries-v0, fabric-convention-tags-v2, fabric-crash-report-info-v1, fabric-creative-tab-api-v1, fabric-data-attachment-api-v1, fabric-data-generation-api-v1, fabric-debug-api-v1, fabric-dimensions-v1, fabric-entity-events-v1, fabric-events-interaction-v0]
[19:03:07] [Render thread/DEBUG] (net.fabricmc.fabric.impl.resource.pack.ModPackResourcesUtil) [Fabric] cur @ vanilla, auto-enabled fabric-game-rule-api-v1, currently enabled: [vanilla, fabric-api, fabric-api-base, fabric-api-lookup-api-v1, fabric-biome-api-v1, fabric-block-api-v1, fabric-block-getter-api-v2, fabric-client-gametest-api-v1, fabric-command-api-v2, fabric-content-registries-v0, fabric-convention-tags-v2, fabric-crash-report-info-v1, fabric-creative-tab-api-v1, fabric-data-attachment-api-v1, fabric-data-generation-api-v1, fabric-debug-api-v1, fabric-dimensions-v1, fabric-entity-events-v1, fabric-events-interaction-v0, fabric-game-rule-api-v1]
[19:03:07] [Render thread/DEBUG] (net.fabricmc.fabric.impl.resource.pack.ModPackResourcesUtil) [Fabric] cur @ vanilla, auto-enabled fabric-gametest-api-v1, currently enabled: [vanilla, fabric-api, fabric-api-base, fabric-api-lookup-api-v1, fabric-biome-api-v1, fabric-block-api-v1, fabric-block-getter-api-v2, fabric-client-gametest-api-v1, fabric-command-api-v2, fabric-content-registries-v0, fabric-convention-tags-v2, fabric-crash-report-info-v1, fabric-creative-tab-api-v1, fabric-data-attachment-api-v1, fabric-data-generation-api-v1, fabric-debug-api-v1, fabric-dimensions-v1, fabric-entity-events-v1, fabric-events-interaction-v0, fabric-game-rule-api-v1, fabric-gametest-api-v1]
[19:03:07] [Render thread/DEBUG] (net.fabricmc.fabric.impl.resource.pack.ModPackResourcesUtil) [Fabric] cur @ vanilla, auto-enabled fabric-item-api-v1, currently enabled: [vanilla, fabric-api, fabric-api-base, fabric-api-lookup-api-v1, fabric-biome-api-v1, fabric-block-api-v1, fabric-block-getter-api-v2, fabric-client-gametest-api-v1, fabric-command-api-v2, fabric-content-registries-v0, fabric-convention-tags-v2, fabric-crash-report-info-v1, fabric-creative-tab-api-v1, fabric-data-attachment-api-v1, fabric-data-generation-api-v1, fabric-debug-api-v1, fabric-dimensions-v1, fabric-entity-events-v1, fabric-events-interaction-v0, fabric-game-rule-api-v1, fabric-gametest-api-v1, fabric-item-api-v1]
[19:03:07] [Render thread/DEBUG] (net.fabricmc.fabric.impl.resource.pack.ModPackResourcesUtil) [Fabric] cur @ vanilla, auto-enabled fabric-key-mapping-api-v1, currently enabled: [vanilla, fabric-api, fabric-api-base, fabric-api-lookup-api-v1, fabric-biome-api-v1, fabric-block-api-v1, fabric-block-getter-api-v2, fabric-client-gametest-api-v1, fabric-command-api-v2, fabric-content-registries-v0, fabric-convention-tags-v2, fabric-crash-report-info-v1, fabric-creative-tab-api-v1, fabric-data-attachment-api-v1, fabric-data-generation-api-v1, fabric-debug-api-v1, fabric-dimensions-v1, fabric-entity-events-v1, fabric-events-interaction-v0, fabric-game-rule-api-v1, fabric-gametest-api-v1, fabric-item-api-v1, fabric-key-mapping-api-v1]
[19:03:07] [Render thread/DEBUG] (net.fabricmc.fabric.impl.resource.pack.ModPackResourcesUtil) [Fabric] cur @ vanilla, auto-enabled fabric-language-kotlin, currently enabled: [vanilla, fabric-api, fabric-api-base, fabric-api-lookup-api-v1, fabric-biome-api-v1, fabric-block-api-v1, fabric-block-getter-api-v2, fabric-client-gametest-api-v1, fabric-command-api-v2, fabric-content-registries-v0, fabric-convention-tags-v2, fabric-crash-report-info-v1, fabric-creative-tab-api-v1, fabric-data-attachment-api-v1, fabric-data-generation-api-v1, fabric-debug-api-v1, fabric-dimensions-v1, fabric-entity-events-v1, fabric-events-interaction-v0, fabric-game-rule-api-v1, fabric-gametest-api-v1, fabric-item-api-v1, fabric-key-mapping-api-v1, fabric-language-kotlin]
[19:03:07] [Render thread/DEBUG] (net.fabricmc.fabric.impl.resource.pack.ModPackResourcesUtil) [Fabric] cur @ vanilla, auto-enabled fabric-lifecycle-events-v1, currently enabled: [vanilla, fabric-api, fabric-api-base, fabric-api-lookup-api-v1, fabric-biome-api-v1, fabric-block-api-v1, fabric-block-getter-api-v2, fabric-client-gametest-api-v1, fabric-command-api-v2, fabric-content-registries-v0, fabric-convention-tags-v2, fabric-crash-report-info-v1, fabric-creative-tab-api-v1, fabric-data-attachment-api-v1, fabric-data-generation-api-v1, fabric-debug-api-v1, fabric-dimensions-v1, fabric-entity-events-v1, fabric-events-interaction-v0, fabric-game-rule-api-v1, fabric-gametest-api-v1, fabric-item-api-v1, fabric-key-mapping-api-v1, fabric-language-kotlin, fabric-lifecycle-events-v1]
[19:03:07] [Render thread/DEBUG] (net.fabricmc.fabric.impl.resource.pack.ModPackResourcesUtil) [Fabric] cur @ vanilla, auto-enabled fabric-loot-api-v3, currently enabled: [vanilla, fabric-api, fabric-api-base, fabric-api-lookup-api-v1, fabric-biome-api-v1, fabric-block-api-v1, fabric-block-getter-api-v2, fabric-client-gametest-api-v1, fabric-command-api-v2, fabric-content-registries-v0, fabric-convention-tags-v2, fabric-crash-report-info-v1, fabric-creative-tab-api-v1, fabric-data-attachment-api-v1, fabric-data-generation-api-v1, fabric-debug-api-v1, fabric-dimensions-v1, fabric-entity-events-v1, fabric-events-interaction-v0, fabric-game-rule-api-v1, fabric-gametest-api-v1, fabric-item-api-v1, fabric-key-mapping-api-v1, fabric-language-kotlin, fabric-lifecycle-events-v1, fabric-loot-api-v3]
[19:03:07] [Render thread/DEBUG] (net.fabricmc.fabric.impl.resource.pack.ModPackResourcesUtil) [Fabric] cur @ vanilla, auto-enabled fabric-menu-api-v1, currently enabled: [vanilla, fabric-api, fabric-api-base, fabric-api-lookup-api-v1, fabric-biome-api-v1, fabric-block-api-v1, fabric-block-getter-api-v2, fabric-client-gametest-api-v1, fabric-command-api-v2, fabric-content-registries-v0, fabric-convention-tags-v2, fabric-crash-report-info-v1, fabric-creative-tab-api-v1, fabric-data-attachment-api-v1, fabric-data-generation-api-v1, fabric-debug-api-v1, fabric-dimensions-v1, fabric-entity-events-v1, fabric-events-interaction-v0, fabric-game-rule-api-v1, fabric-gametest-api-v1, fabric-item-api-v1, fabric-key-mapping-api-v1, fabric-language-kotlin, fabric-lifecycle-events-v1, fabric-loot-api-v3, fabric-menu-api-v1]
[19:03:07] [Render thread/DEBUG] (net.fabricmc.fabric.impl.resource.pack.ModPackResourcesUtil) [Fabric] cur @ vanilla, auto-enabled fabric-message-api-v1, currently enabled: [vanilla, fabric-api, fabric-api-base, fabric-api-lookup-api-v1, fabric-biome-api-v1, fabric-block-api-v1, fabric-block-getter-api-v2, fabric-client-gametest-api-v1, fabric-command-api-v2, fabric-content-registries-v0, fabric-convention-tags-v2, fabric-crash-report-info-v1, fabric-creative-tab-api-v1, fabric-data-attachment-api-v1, fabric-data-generation-api-v1, fabric-debug-api-v1, fabric-dimensions-v1, fabric-entity-events-v1, fabric-events-interaction-v0, fabric-game-rule-api-v1, fabric-gametest-api-v1, fabric-item-api-v1, fabric-key-mapping-api-v1, fabric-language-kotlin, fabric-lifecycle-events-v1, fabric-loot-api-v3, fabric-menu-api-v1, fabric-message-api-v1]
[19:03:07] [Render thread/DEBUG] (net.fabricmc.fabric.impl.resource.pack.ModPackResourcesUtil) [Fabric] cur @ vanilla, auto-enabled fabric-model-loading-api-v1, currently enabled: [vanilla, fabric-api, fabric-api-base, fabric-api-lookup-api-v1, fabric-biome-api-v1, fabric-block-api-v1, fabric-block-getter-api-v2, fabric-client-gametest-api-v1, fabric-command-api-v2, fabric-content-registries-v0, fabric-convention-tags-v2, fabric-crash-report-info-v1, fabric-creative-tab-api-v1, fabric-data-attachment-api-v1, fabric-data-generation-api-v1, fabric-debug-api-v1, fabric-dimensions-v1, fabric-entity-events-v1, fabric-events-interaction-v0, fabric-game-rule-api-v1, fabric-gametest-api-v1, fabric-item-api-v1, fabric-key-mapping-api-v1, fabric-language-kotlin, fabric-lifecycle-events-v1, fabric-loot-api-v3, fabric-menu-api-v1, fabric-message-api-v1, fabric-model-loading-api-v1]
[19:03:07] [Render thread/DEBUG] (net.fabricmc.fabric.impl.resource.pack.ModPackResourcesUtil) [Fabric] cur @ vanilla, auto-enabled fabric-networking-api-v1, currently enabled: [vanilla, fabric-api, fabric-api-base, fabric-api-lookup-api-v1, fabric-biome-api-v1, fabric-block-api-v1, fabric-block-getter-api-v2, fabric-client-gametest-api-v1, fabric-command-api-v2, fabric-content-registries-v0, fabric-convention-tags-v2, fabric-crash-report-info-v1, fabric-creative-tab-api-v1, fabric-data-attachment-api-v1, fabric-data-generation-api-v1, fabric-debug-api-v1, fabric-dimensions-v1, fabric-entity-events-v1, fabric-events-interaction-v0, fabric-game-rule-api-v1, fabric-gametest-api-v1, fabric-item-api-v1, fabric-key-mapping-api-v1, fabric-language-kotlin, fabric-lifecycle-events-v1, fabric-loot-api-v3, fabric-menu-api-v1, fabric-message-api-v1, fabric-model-loading-api-v1, fabric-networking-api-v1]
[19:03:07] [Render thread/DEBUG] (net.fabricmc.fabric.impl.resource.pack.ModPackResourcesUtil) [Fabric] cur @ vanilla, auto-enabled fabric-object-builder-api-v1, currently enabled: [vanilla, fabric-api, fabric-api-base, fabric-api-lookup-api-v1, fabric-biome-api-v1, fabric-block-api-v1, fabric-block-getter-api-v2, fabric-client-gametest-api-v1, fabric-command-api-v2, fabric-content-registries-v0, fabric-convention-tags-v2, fabric-crash-report-info-v1, fabric-creative-tab-api-v1, fabric-data-attachment-api-v1, fabric-data-generation-api-v1, fabric-debug-api-v1, fabric-dimensions-v1, fabric-entity-events-v1, fabric-events-interaction-v0, fabric-game-rule-api-v1, fabric-gametest-api-v1, fabric-item-api-v1, fabric-key-mapping-api-v1, fabric-language-kotlin, fabric-lifecycle-events-v1, fabric-loot-api-v3, fabric-menu-api-v1, fabric-message-api-v1, fabric-model-loading-api-v1, fabric-networking-api-v1, fabric-object-builder-api-v1]
[19:03:07] [Render thread/DEBUG] (net.fabricmc.fabric.impl.resource.pack.ModPackResourcesUtil) [Fabric] cur @ vanilla, auto-enabled fabric-particles-v1, currently enabled: [vanilla, fabric-api, fabric-api-base, fabric-api-lookup-api-v1, fabric-biome-api-v1, fabric-block-api-v1, fabric-block-getter-api-v2, fabric-client-gametest-api-v1, fabric-command-api-v2, fabric-content-registries-v0, fabric-convention-tags-v2, fabric-crash-report-info-v1, fabric-creative-tab-api-v1, fabric-data-attachment-api-v1, fabric-data-generation-api-v1, fabric-debug-api-v1, fabric-dimensions-v1, fabric-entity-events-v1, fabric-events-interaction-v0, fabric-game-rule-api-v1, fabric-gametest-api-v1, fabric-item-api-v1, fabric-key-mapping-api-v1, fabric-language-kotlin, fabric-lifecycle-events-v1, fabric-loot-api-v3, fabric-menu-api-v1, fabric-message-api-v1, fabric-model-loading-api-v1, fabric-networking-api-v1, fabric-object-builder-api-v1, fabric-particles-v1]
[19:03:07] [Render thread/DEBUG] (net.fabricmc.fabric.impl.resource.pack.ModPackResourcesUtil) [Fabric] cur @ vanilla, auto-enabled fabric-permission-api-v1, currently enabled: [vanilla, fabric-api, fabric-api-base, fabric-api-lookup-api-v1, fabric-biome-api-v1, fabric-block-api-v1, fabric-block-getter-api-v2, fabric-client-gametest-api-v1, fabric-command-api-v2, fabric-content-registries-v0, fabric-convention-tags-v2, fabric-crash-report-info-v1, fabric-creative-tab-api-v1, fabric-data-attachment-api-v1, fabric-data-generation-api-v1, fabric-debug-api-v1, fabric-dimensions-v1, fabric-entity-events-v1, fabric-events-interaction-v0, fabric-game-rule-api-v1, fabric-gametest-api-v1, fabric-item-api-v1, fabric-key-mapping-api-v1, fabric-language-kotlin, fabric-lifecycle-events-v1, fabric-loot-api-v3, fabric-menu-api-v1, fabric-message-api-v1, fabric-model-loading-api-v1, fabric-networking-api-v1, fabric-object-builder-api-v1, fabric-particles-v1, fabric-permission-api-v1]
[19:03:07] [Render thread/DEBUG] (net.fabricmc.fabric.impl.resource.pack.ModPackResourcesUtil) [Fabric] cur @ vanilla, auto-enabled fabric-recipe-api-v1, currently enabled: [vanilla, fabric-api, fabric-api-base, fabric-api-lookup-api-v1, fabric-biome-api-v1, fabric-block-api-v1, fabric-block-getter-api-v2, fabric-client-gametest-api-v1, fabric-command-api-v2, fabric-content-registries-v0, fabric-convention-tags-v2, fabric-crash-report-info-v1, fabric-creative-tab-api-v1, fabric-data-attachment-api-v1, fabric-data-generation-api-v1, fabric-debug-api-v1, fabric-dimensions-v1, fabric-entity-events-v1, fabric-events-interaction-v0, fabric-game-rule-api-v1, fabric-gametest-api-v1, fabric-item-api-v1, fabric-key-mapping-api-v1, fabric-language-kotlin, fabric-lifecycle-events-v1, fabric-loot-api-v3, fabric-menu-api-v1, fabric-message-api-v1, fabric-model-loading-api-v1, fabric-networking-api-v1, fabric-object-builder-api-v1, fabric-particles-v1, fabric-permission-api-v1, fabric-recipe-api-v1]
[19:03:07] [Render thread/DEBUG] (net.fabricmc.fabric.impl.resource.pack.ModPackResourcesUtil) [Fabric] cur @ vanilla, auto-enabled fabric-registry-sync-v0, currently enabled: [vanilla, fabric-api, fabric-api-base, fabric-api-lookup-api-v1, fabric-biome-api-v1, fabric-block-api-v1, fabric-block-getter-api-v2, fabric-client-gametest-api-v1, fabric-command-api-v2, fabric-content-registries-v0, fabric-convention-tags-v2, fabric-crash-report-info-v1, fabric-creative-tab-api-v1, fabric-data-attachment-api-v1, fabric-data-generation-api-v1, fabric-debug-api-v1, fabric-dimensions-v1, fabric-entity-events-v1, fabric-events-interaction-v0, fabric-game-rule-api-v1, fabric-gametest-api-v1, fabric-item-api-v1, fabric-key-mapping-api-v1, fabric-language-kotlin, fabric-lifecycle-events-v1, fabric-loot-api-v3, fabric-menu-api-v1, fabric-message-api-v1, fabric-model-loading-api-v1, fabric-networking-api-v1, fabric-object-builder-api-v1, fabric-particles-v1, fabric-permission-api-v1, fabric-recipe-api-v1, fabric-registry-sync-v0]
[19:03:07] [Render thread/DEBUG] (net.fabricmc.fabric.impl.resource.pack.ModPackResourcesUtil) [Fabric] cur @ vanilla, auto-enabled fabric-renderer-api-v1, currently enabled: [vanilla, fabric-api, fabric-api-base, fabric-api-lookup-api-v1, fabric-biome-api-v1, fabric-block-api-v1, fabric-block-getter-api-v2, fabric-client-gametest-api-v1, fabric-command-api-v2, fabric-content-registries-v0, fabric-convention-tags-v2, fabric-crash-report-info-v1, fabric-creative-tab-api-v1, fabric-data-attachment-api-v1, fabric-data-generation-api-v1, fabric-debug-api-v1, fabric-dimensions-v1, fabric-entity-events-v1, fabric-events-interaction-v0, fabric-game-rule-api-v1, fabric-gametest-api-v1, fabric-item-api-v1, fabric-key-mapping-api-v1, fabric-language-kotlin, fabric-lifecycle-events-v1, fabric-loot-api-v3, fabric-menu-api-v1, fabric-message-api-v1, fabric-model-loading-api-v1, fabric-networking-api-v1, fabric-object-builder-api-v1, fabric-particles-v1, fabric-permission-api-v1, fabric-recipe-api-v1, fabric-registry-sync-v0, fabric-renderer-api-v1]
[19:03:07] [Render thread/DEBUG] (net.fabricmc.fabric.impl.resource.pack.ModPackResourcesUtil) [Fabric] cur @ vanilla, auto-enabled fabric-renderer-indigo, currently enabled: [vanilla, fabric-api, fabric-api-base, fabric-api-lookup-api-v1, fabric-biome-api-v1, fabric-block-api-v1, fabric-block-getter-api-v2, fabric-client-gametest-api-v1, fabric-command-api-v2, fabric-content-registries-v0, fabric-convention-tags-v2, fabric-crash-report-info-v1, fabric-creative-tab-api-v1, fabric-data-attachment-api-v1, fabric-data-generation-api-v1, fabric-debug-api-v1, fabric-dimensions-v1, fabric-entity-events-v1, fabric-events-interaction-v0, fabric-game-rule-api-v1, fabric-gametest-api-v1, fabric-item-api-v1, fabric-key-mapping-api-v1, fabric-language-kotlin, fabric-lifecycle-events-v1, fabric-loot-api-v3, fabric-menu-api-v1, fabric-message-api-v1, fabric-model-loading-api-v1, fabric-networking-api-v1, fabric-object-builder-api-v1, fabric-particles-v1, fabric-permission-api-v1, fabric-recipe-api-v1, fabric-registry-sync-v0, fabric-renderer-api-v1, fabric-renderer-indigo]
[19:03:07] [Render thread/DEBUG] (net.fabricmc.fabric.impl.resource.pack.ModPackResourcesUtil) [Fabric] cur @ vanilla, auto-enabled fabric-rendering-fluids-v1, currently enabled: [vanilla, fabric-api, fabric-api-base, fabric-api-lookup-api-v1, fabric-biome-api-v1, fabric-block-api-v1, fabric-block-getter-api-v2, fabric-client-gametest-api-v1, fabric-command-api-v2, fabric-content-registries-v0, fabric-convention-tags-v2, fabric-crash-report-info-v1, fabric-creative-tab-api-v1, fabric-data-attachment-api-v1, fabric-data-generation-api-v1, fabric-debug-api-v1, fabric-dimensions-v1, fabric-entity-events-v1, fabric-events-interaction-v0, fabric-game-rule-api-v1, fabric-gametest-api-v1, fabric-item-api-v1, fabric-key-mapping-api-v1, fabric-language-kotlin, fabric-lifecycle-events-v1, fabric-loot-api-v3, fabric-menu-api-v1, fabric-message-api-v1, fabric-model-loading-api-v1, fabric-networking-api-v1, fabric-object-builder-api-v1, fabric-particles-v1, fabric-permission-api-v1, fabric-recipe-api-v1, fabric-registry-sync-v0, fabric-renderer-api-v1, fabric-renderer-indigo, fabric-rendering-fluids-v1]
[19:03:07] [Render thread/DEBUG] (net.fabricmc.fabric.impl.resource.pack.ModPackResourcesUtil) [Fabric] cur @ vanilla, auto-enabled fabric-rendering-v1, currently enabled: [vanilla, fabric-api, fabric-api-base, fabric-api-lookup-api-v1, fabric-biome-api-v1, fabric-block-api-v1, fabric-block-getter-api-v2, fabric-client-gametest-api-v1, fabric-command-api-v2, fabric-content-registries-v0, fabric-convention-tags-v2, fabric-crash-report-info-v1, fabric-creative-tab-api-v1, fabric-data-attachment-api-v1, fabric-data-generation-api-v1, fabric-debug-api-v1, fabric-dimensions-v1, fabric-entity-events-v1, fabric-events-interaction-v0, fabric-game-rule-api-v1, fabric-gametest-api-v1, fabric-item-api-v1, fabric-key-mapping-api-v1, fabric-language-kotlin, fabric-lifecycle-events-v1, fabric-loot-api-v3, fabric-menu-api-v1, fabric-message-api-v1, fabric-model-loading-api-v1, fabric-networking-api-v1, fabric-object-builder-api-v1, fabric-particles-v1, fabric-permission-api-v1, fabric-recipe-api-v1, fabric-registry-sync-v0, fabric-renderer-api-v1, fabric-renderer-indigo, fabric-rendering-fluids-v1, fabric-rendering-v1]
[19:03:07] [Render thread/DEBUG] (net.fabricmc.fabric.impl.resource.pack.ModPackResourcesUtil) [Fabric] cur @ vanilla, auto-enabled fabric-resource-conditions-api-v1, currently enabled: [vanilla, fabric-api, fabric-api-base, fabric-api-lookup-api-v1, fabric-biome-api-v1, fabric-block-api-v1, fabric-block-getter-api-v2, fabric-client-gametest-api-v1, fabric-command-api-v2, fabric-content-registries-v0, fabric-convention-tags-v2, fabric-crash-report-info-v1, fabric-creative-tab-api-v1, fabric-data-attachment-api-v1, fabric-data-generation-api-v1, fabric-debug-api-v1, fabric-dimensions-v1, fabric-entity-events-v1, fabric-events-interaction-v0, fabric-game-rule-api-v1, fabric-gametest-api-v1, fabric-item-api-v1, fabric-key-mapping-api-v1, fabric-language-kotlin, fabric-lifecycle-events-v1, fabric-loot-api-v3, fabric-menu-api-v1, fabric-message-api-v1, fabric-model-loading-api-v1, fabric-networking-api-v1, fabric-object-builder-api-v1, fabric-particles-v1, fabric-permission-api-v1, fabric-recipe-api-v1, fabric-registry-sync-v0, fabric-renderer-api-v1, fabric-renderer-indigo, fabric-rendering-fluids-v1, fabric-rendering-v1, fabric-resource-conditions-api-v1]
[19:03:07] [Render thread/DEBUG] (net.fabricmc.fabric.impl.resource.pack.ModPackResourcesUtil) [Fabric] cur @ vanilla, auto-enabled fabric-resource-loader-v0, currently enabled: [vanilla, fabric-api, fabric-api-base, fabric-api-lookup-api-v1, fabric-biome-api-v1, fabric-block-api-v1, fabric-block-getter-api-v2, fabric-client-gametest-api-v1, fabric-command-api-v2, fabric-content-registries-v0, fabric-convention-tags-v2, fabric-crash-report-info-v1, fabric-creative-tab-api-v1, fabric-data-attachment-api-v1, fabric-data-generation-api-v1, fabric-debug-api-v1, fabric-dimensions-v1, fabric-entity-events-v1, fabric-events-interaction-v0, fabric-game-rule-api-v1, fabric-gametest-api-v1, fabric-item-api-v1, fabric-key-mapping-api-v1, fabric-language-kotlin, fabric-lifecycle-events-v1, fabric-loot-api-v3, fabric-menu-api-v1, fabric-message-api-v1, fabric-model-loading-api-v1, fabric-networking-api-v1, fabric-object-builder-api-v1, fabric-particles-v1, fabric-permission-api-v1, fabric-recipe-api-v1, fabric-registry-sync-v0, fabric-renderer-api-v1, fabric-renderer-indigo, fabric-rendering-fluids-v1, fabric-rendering-v1, fabric-resource-conditions-api-v1, fabric-resource-loader-v0]
[19:03:07] [Render thread/DEBUG] (net.fabricmc.fabric.impl.resource.pack.ModPackResourcesUtil) [Fabric] cur @ vanilla, auto-enabled fabric-resource-loader-v1, currently enabled: [vanilla, fabric-api, fabric-api-base, fabric-api-lookup-api-v1, fabric-biome-api-v1, fabric-block-api-v1, fabric-block-getter-api-v2, fabric-client-gametest-api-v1, fabric-command-api-v2, fabric-content-registries-v0, fabric-convention-tags-v2, fabric-crash-report-info-v1, fabric-creative-tab-api-v1, fabric-data-attachment-api-v1, fabric-data-generation-api-v1, fabric-debug-api-v1, fabric-dimensions-v1, fabric-entity-events-v1, fabric-events-interaction-v0, fabric-game-rule-api-v1, fabric-gametest-api-v1, fabric-item-api-v1, fabric-key-mapping-api-v1, fabric-language-kotlin, fabric-lifecycle-events-v1, fabric-loot-api-v3, fabric-menu-api-v1, fabric-message-api-v1, fabric-model-loading-api-v1, fabric-networking-api-v1, fabric-object-builder-api-v1, fabric-particles-v1, fabric-permission-api-v1, fabric-recipe-api-v1, fabric-registry-sync-v0, fabric-renderer-api-v1, fabric-renderer-indigo, fabric-rendering-fluids-v1, fabric-rendering-v1, fabric-resource-conditions-api-v1, fabric-resource-loader-v0, fabric-resource-loader-v1]
[19:03:07] [Render thread/DEBUG] (net.fabricmc.fabric.impl.resource.pack.ModPackResourcesUtil) [Fabric] cur @ vanilla, auto-enabled fabric-screen-api-v1, currently enabled: [vanilla, fabric-api, fabric-api-base, fabric-api-lookup-api-v1, fabric-biome-api-v1, fabric-block-api-v1, fabric-block-getter-api-v2, fabric-client-gametest-api-v1, fabric-command-api-v2, fabric-content-registries-v0, fabric-convention-tags-v2, fabric-crash-report-info-v1, fabric-creative-tab-api-v1, fabric-data-attachment-api-v1, fabric-data-generation-api-v1, fabric-debug-api-v1, fabric-dimensions-v1, fabric-entity-events-v1, fabric-events-interaction-v0, fabric-game-rule-api-v1, fabric-gametest-api-v1, fabric-item-api-v1, fabric-key-mapping-api-v1, fabric-language-kotlin, fabric-lifecycle-events-v1, fabric-loot-api-v3, fabric-menu-api-v1, fabric-message-api-v1, fabric-model-loading-api-v1, fabric-networking-api-v1, fabric-object-builder-api-v1, fabric-particles-v1, fabric-permission-api-v1, fabric-recipe-api-v1, fabric-registry-sync-v0, fabric-renderer-api-v1, fabric-renderer-indigo, fabric-rendering-fluids-v1, fabric-rendering-v1, fabric-resource-conditions-api-v1, fabric-resource-loader-v0, fabric-resource-loader-v1, fabric-screen-api-v1]
[19:03:07] [Render thread/DEBUG] (net.fabricmc.fabric.impl.resource.pack.ModPackResourcesUtil) [Fabric] cur @ vanilla, auto-enabled fabric-serialization-api-v1, currently enabled: [vanilla, fabric-api, fabric-api-base, fabric-api-lookup-api-v1, fabric-biome-api-v1, fabric-block-api-v1, fabric-block-getter-api-v2, fabric-client-gametest-api-v1, fabric-command-api-v2, fabric-content-registries-v0, fabric-convention-tags-v2, fabric-crash-report-info-v1, fabric-creative-tab-api-v1, fabric-data-attachment-api-v1, fabric-data-generation-api-v1, fabric-debug-api-v1, fabric-dimensions-v1, fabric-entity-events-v1, fabric-events-interaction-v0, fabric-game-rule-api-v1, fabric-gametest-api-v1, fabric-item-api-v1, fabric-key-mapping-api-v1, fabric-language-kotlin, fabric-lifecycle-events-v1, fabric-loot-api-v3, fabric-menu-api-v1, fabric-message-api-v1, fabric-model-loading-api-v1, fabric-networking-api-v1, fabric-object-builder-api-v1, fabric-particles-v1, fabric-permission-api-v1, fabric-recipe-api-v1, fabric-registry-sync-v0, fabric-renderer-api-v1, fabric-renderer-indigo, fabric-rendering-fluids-v1, fabric-rendering-v1, fabric-resource-conditions-api-v1, fabric-resource-loader-v0, fabric-resource-loader-v1, fabric-screen-api-v1, fabric-serialization-api-v1]
[19:03:07] [Render thread/DEBUG] (net.fabricmc.fabric.impl.resource.pack.ModPackResourcesUtil) [Fabric] cur @ vanilla, auto-enabled fabric-sound-api-v1, currently enabled: [vanilla, fabric-api, fabric-api-base, fabric-api-lookup-api-v1, fabric-biome-api-v1, fabric-block-api-v1, fabric-block-getter-api-v2, fabric-client-gametest-api-v1, fabric-command-api-v2, fabric-content-registries-v0, fabric-convention-tags-v2, fabric-crash-report-info-v1, fabric-creative-tab-api-v1, fabric-data-attachment-api-v1, fabric-data-generation-api-v1, fabric-debug-api-v1, fabric-dimensions-v1, fabric-entity-events-v1, fabric-events-interaction-v0, fabric-game-rule-api-v1, fabric-gametest-api-v1, fabric-item-api-v1, fabric-key-mapping-api-v1, fabric-language-kotlin, fabric-lifecycle-events-v1, fabric-loot-api-v3, fabric-menu-api-v1, fabric-message-api-v1, fabric-model-loading-api-v1, fabric-networking-api-v1, fabric-object-builder-api-v1, fabric-particles-v1, fabric-permission-api-v1, fabric-recipe-api-v1, fabric-registry-sync-v0, fabric-renderer-api-v1, fabric-renderer-indigo, fabric-rendering-fluids-v1, fabric-rendering-v1, fabric-resource-conditions-api-v1, fabric-resource-loader-v0, fabric-resource-loader-v1, fabric-screen-api-v1, fabric-serialization-api-v1, fabric-sound-api-v1]
[19:03:07] [Render thread/DEBUG] (net.fabricmc.fabric.impl.resource.pack.ModPackResourcesUtil) [Fabric] cur @ vanilla, auto-enabled fabric-tag-api-v1, currently enabled: [vanilla, fabric-api, fabric-api-base, fabric-api-lookup-api-v1, fabric-biome-api-v1, fabric-block-api-v1, fabric-block-getter-api-v2, fabric-client-gametest-api-v1, fabric-command-api-v2, fabric-content-registries-v0, fabric-convention-tags-v2, fabric-crash-report-info-v1, fabric-creative-tab-api-v1, fabric-data-attachment-api-v1, fabric-data-generation-api-v1, fabric-debug-api-v1, fabric-dimensions-v1, fabric-entity-events-v1, fabric-events-interaction-v0, fabric-game-rule-api-v1, fabric-gametest-api-v1, fabric-item-api-v1, fabric-key-mapping-api-v1, fabric-language-kotlin, fabric-lifecycle-events-v1, fabric-loot-api-v3, fabric-menu-api-v1, fabric-message-api-v1, fabric-model-loading-api-v1, fabric-networking-api-v1, fabric-object-builder-api-v1, fabric-particles-v1, fabric-permission-api-v1, fabric-recipe-api-v1, fabric-registry-sync-v0, fabric-renderer-api-v1, fabric-renderer-indigo, fabric-rendering-fluids-v1, fabric-rendering-v1, fabric-resource-conditions-api-v1, fabric-resource-loader-v0, fabric-resource-loader-v1, fabric-screen-api-v1, fabric-serialization-api-v1, fabric-sound-api-v1, fabric-tag-api-v1]
[19:03:07] [Render thread/DEBUG] (net.fabricmc.fabric.impl.resource.pack.ModPackResourcesUtil) [Fabric] cur @ vanilla, auto-enabled fabric-transfer-api-v1, currently enabled: [vanilla, fabric-api, fabric-api-base, fabric-api-lookup-api-v1, fabric-biome-api-v1, fabric-block-api-v1, fabric-block-getter-api-v2, fabric-client-gametest-api-v1, fabric-command-api-v2, fabric-content-registries-v0, fabric-convention-tags-v2, fabric-crash-report-info-v1, fabric-creative-tab-api-v1, fabric-data-attachment-api-v1, fabric-data-generation-api-v1, fabric-debug-api-v1, fabric-dimensions-v1, fabric-entity-events-v1, fabric-events-interaction-v0, fabric-game-rule-api-v1, fabric-gametest-api-v1, fabric-item-api-v1, fabric-key-mapping-api-v1, fabric-language-kotlin, fabric-lifecycle-events-v1, fabric-loot-api-v3, fabric-menu-api-v1, fabric-message-api-v1, fabric-model-loading-api-v1, fabric-networking-api-v1, fabric-object-builder-api-v1, fabric-particles-v1, fabric-permission-api-v1, fabric-recipe-api-v1, fabric-registry-sync-v0, fabric-renderer-api-v1, fabric-renderer-indigo, fabric-rendering-fluids-v1, fabric-rendering-v1, fabric-resource-conditions-api-v1, fabric-resource-loader-v0, fabric-resource-loader-v1, fabric-screen-api-v1, fabric-serialization-api-v1, fabric-sound-api-v1, fabric-tag-api-v1, fabric-transfer-api-v1]
[19:03:07] [Render thread/DEBUG] (net.fabricmc.fabric.impl.resource.pack.ModPackResourcesUtil) [Fabric] cur @ vanilla, auto-enabled fabric-transitive-access-wideners-v1, currently enabled: [vanilla, fabric-api, fabric-api-base, fabric-api-lookup-api-v1, fabric-biome-api-v1, fabric-block-api-v1, fabric-block-getter-api-v2, fabric-client-gametest-api-v1, fabric-command-api-v2, fabric-content-registries-v0, fabric-convention-tags-v2, fabric-crash-report-info-v1, fabric-creative-tab-api-v1, fabric-data-attachment-api-v1, fabric-data-generation-api-v1, fabric-debug-api-v1, fabric-dimensions-v1, fabric-entity-events-v1, fabric-events-interaction-v0, fabric-game-rule-api-v1, fabric-gametest-api-v1, fabric-item-api-v1, fabric-key-mapping-api-v1, fabric-language-kotlin, fabric-lifecycle-events-v1, fabric-loot-api-v3, fabric-menu-api-v1, fabric-message-api-v1, fabric-model-loading-api-v1, fabric-networking-api-v1, fabric-object-builder-api-v1, fabric-particles-v1, fabric-permission-api-v1, fabric-recipe-api-v1, fabric-registry-sync-v0, fabric-renderer-api-v1, fabric-renderer-indigo, fabric-rendering-fluids-v1, fabric-rendering-v1, fabric-resource-conditions-api-v1, fabric-resource-loader-v0, fabric-resource-loader-v1, fabric-screen-api-v1, fabric-serialization-api-v1, fabric-sound-api-v1, fabric-tag-api-v1, fabric-transfer-api-v1, fabric-transitive-access-wideners-v1]
[19:03:07] [Render thread/DEBUG] (net.fabricmc.fabric.impl.resource.pack.ModPackResourcesUtil) [Fabric] cur @ vanilla, auto-enabled fabricloader, currently enabled: [vanilla, fabric-api, fabric-api-base, fabric-api-lookup-api-v1, fabric-biome-api-v1, fabric-block-api-v1, fabric-block-getter-api-v2, fabric-client-gametest-api-v1, fabric-command-api-v2, fabric-content-registries-v0, fabric-convention-tags-v2, fabric-crash-report-info-v1, fabric-creative-tab-api-v1, fabric-data-attachment-api-v1, fabric-data-generation-api-v1, fabric-debug-api-v1, fabric-dimensions-v1, fabric-entity-events-v1, fabric-events-interaction-v0, fabric-game-rule-api-v1, fabric-gametest-api-v1, fabric-item-api-v1, fabric-key-mapping-api-v1, fabric-language-kotlin, fabric-lifecycle-events-v1, fabric-loot-api-v3, fabric-menu-api-v1, fabric-message-api-v1, fabric-model-loading-api-v1, fabric-networking-api-v1, fabric-object-builder-api-v1, fabric-particles-v1, fabric-permission-api-v1, fabric-recipe-api-v1, fabric-registry-sync-v0, fabric-renderer-api-v1, fabric-renderer-indigo, fabric-rendering-fluids-v1, fabric-rendering-v1, fabric-resource-conditions-api-v1, fabric-resource-loader-v0, fabric-resource-loader-v1, fabric-screen-api-v1, fabric-serialization-api-v1, fabric-sound-api-v1, fabric-tag-api-v1, fabric-transfer-api-v1, fabric-transitive-access-wideners-v1, fabricloader]
[19:03:07] [Render thread/DEBUG] (net.fabricmc.fabric.impl.resource.pack.ModPackResourcesUtil) [Fabric] cur @ vanilla, auto-enabled yabranked-client, currently enabled: [vanilla, fabric-api, fabric-api-base, fabric-api-lookup-api-v1, fabric-biome-api-v1, fabric-block-api-v1, fabric-block-getter-api-v2, fabric-client-gametest-api-v1, fabric-command-api-v2, fabric-content-registries-v0, fabric-convention-tags-v2, fabric-crash-report-info-v1, fabric-creative-tab-api-v1, fabric-data-attachment-api-v1, fabric-data-generation-api-v1, fabric-debug-api-v1, fabric-dimensions-v1, fabric-entity-events-v1, fabric-events-interaction-v0, fabric-game-rule-api-v1, fabric-gametest-api-v1, fabric-item-api-v1, fabric-key-mapping-api-v1, fabric-language-kotlin, fabric-lifecycle-events-v1, fabric-loot-api-v3, fabric-menu-api-v1, fabric-message-api-v1, fabric-model-loading-api-v1, fabric-networking-api-v1, fabric-object-builder-api-v1, fabric-particles-v1, fabric-permission-api-v1, fabric-recipe-api-v1, fabric-registry-sync-v0, fabric-renderer-api-v1, fabric-renderer-indigo, fabric-rendering-fluids-v1, fabric-rendering-v1, fabric-resource-conditions-api-v1, fabric-resource-loader-v0, fabric-resource-loader-v1, fabric-screen-api-v1, fabric-serialization-api-v1, fabric-sound-api-v1, fabric-tag-api-v1, fabric-transfer-api-v1, fabric-transitive-access-wideners-v1, fabricloader, yabranked-client]
[19:03:07] [Render thread/DEBUG] (net.fabricmc.fabric.impl.resource.pack.ModPackResourcesUtil) [Fabric] cur @ vanilla, auto-enabled yet-another-minecraft-bingo, currently enabled: [vanilla, fabric-api, fabric-api-base, fabric-api-lookup-api-v1, fabric-biome-api-v1, fabric-block-api-v1, fabric-block-getter-api-v2, fabric-client-gametest-api-v1, fabric-command-api-v2, fabric-content-registries-v0, fabric-convention-tags-v2, fabric-crash-report-info-v1, fabric-creative-tab-api-v1, fabric-data-attachment-api-v1, fabric-data-generation-api-v1, fabric-debug-api-v1, fabric-dimensions-v1, fabric-entity-events-v1, fabric-events-interaction-v0, fabric-game-rule-api-v1, fabric-gametest-api-v1, fabric-item-api-v1, fabric-key-mapping-api-v1, fabric-language-kotlin, fabric-lifecycle-events-v1, fabric-loot-api-v3, fabric-menu-api-v1, fabric-message-api-v1, fabric-model-loading-api-v1, fabric-networking-api-v1, fabric-object-builder-api-v1, fabric-particles-v1, fabric-permission-api-v1, fabric-recipe-api-v1, fabric-registry-sync-v0, fabric-renderer-api-v1, fabric-renderer-indigo, fabric-rendering-fluids-v1, fabric-rendering-v1, fabric-resource-conditions-api-v1, fabric-resource-loader-v0, fabric-resource-loader-v1, fabric-screen-api-v1, fabric-serialization-api-v1, fabric-sound-api-v1, fabric-tag-api-v1, fabric-transfer-api-v1, fabric-transitive-access-wideners-v1, fabricloader, yabranked-client, yet-another-minecraft-bingo]
[19:03:07] [Render thread/DEBUG] (net.fabricmc.fabric.impl.resource.pack.ModPackResourcesUtil) [Fabric] Final sorting result: [vanilla, fabric-api, fabric-api-base, fabric-api-lookup-api-v1, fabric-biome-api-v1, fabric-block-api-v1, fabric-block-getter-api-v2, fabric-client-gametest-api-v1, fabric-command-api-v2, fabric-content-registries-v0, fabric-convention-tags-v2, fabric-crash-report-info-v1, fabric-creative-tab-api-v1, fabric-data-attachment-api-v1, fabric-data-generation-api-v1, fabric-debug-api-v1, fabric-dimensions-v1, fabric-entity-events-v1, fabric-events-interaction-v0, fabric-game-rule-api-v1, fabric-gametest-api-v1, fabric-item-api-v1, fabric-key-mapping-api-v1, fabric-language-kotlin, fabric-lifecycle-events-v1, fabric-loot-api-v3, fabric-menu-api-v1, fabric-message-api-v1, fabric-model-loading-api-v1, fabric-networking-api-v1, fabric-object-builder-api-v1, fabric-particles-v1, fabric-permission-api-v1, fabric-recipe-api-v1, fabric-registry-sync-v0, fabric-renderer-api-v1, fabric-renderer-indigo, fabric-rendering-fluids-v1, fabric-rendering-v1, fabric-resource-conditions-api-v1, fabric-resource-loader-v0, fabric-resource-loader-v1, fabric-screen-api-v1, fabric-serialization-api-v1, fabric-sound-api-v1, fabric-tag-api-v1, fabric-transfer-api-v1, fabric-transitive-access-wideners-v1, fabricloader, yabranked-client, yet-another-minecraft-bingo]
[19:03:07] [Render thread/DEBUG] (FabricLoader/Mixin) Mixing KeyedClientResourceReloadListenerMixin from fabric-resource-loader-v1.client.mixins.json into net.minecraft.client.resources.language.LanguageManager
[19:03:07] [Render thread/DEBUG] (FabricLoader/Mixin) Mixing KeyedClientResourceReloadListenerMixin from fabric-resource-loader-v1.client.mixins.json into net.minecraft.client.renderer.texture.TextureManager
[19:03:07] [Render thread/DEBUG] (FabricLoader/Mixin) Mixing KeyedClientResourceReloadListenerMixin from fabric-resource-loader-v1.client.mixins.json into net.minecraft.client.renderer.ShaderManager
[19:03:07] [Render thread/DEBUG] (FabricLoader/Mixin) Mixing KeyedClientResourceReloadListenerMixin from fabric-resource-loader-v1.client.mixins.json into net.minecraft.client.sounds.SoundManager
[19:03:07] [Render thread/DEBUG] (FabricLoader/Mixin) Mixing SoundEngineMixin from fabric-sound-api-v1.mixins.json into net.minecraft.client.sounds.SoundEngine
[19:03:07] [Render thread/DEBUG] (com.mojang.blaze3d.audio.Library) Using SOFT_system_events callback for tracking audio device changes
[19:03:07] [Render thread/DEBUG] (FabricLoader/Mixin) Mixing KeyedClientResourceReloadListenerMixin from fabric-resource-loader-v1.client.mixins.json into net.minecraft.client.resources.model.sprite.AtlasManager
[19:03:07] [Render thread/DEBUG] (FabricLoader/Mixin) Mixing sprite.TextureAtlasMixin from fabric-renderer-api-v1.mixins.json into net.minecraft.client.renderer.texture.TextureAtlas
[19:03:07] [Render thread/DEBUG] (FabricLoader/Mixin) fabric-renderer-api-v1.mixins.json:sprite.TextureAtlasMixin from mod fabric-renderer-api-v1->@Inject::uploadHook(Lnet/minecraft/client/renderer/texture/SpriteLoader$Preparations;Lorg/spongepowered/asm/mixin/injection/callback/CallbackInfo;)V doesn't use it's CallbackInfo
[19:03:07] [Render thread/DEBUG] (FabricLoader/Mixin) fabric-renderer-api-v1.mixins.json:sprite.TextureAtlasMixin from mod fabric-renderer-api-v1->@Inject::uploadHook(Lnet/minecraft/client/renderer/texture/SpriteLoader$Preparations;Lorg/spongepowered/asm/mixin/injection/callback/CallbackInfo;)V has 0 override(s) in child classes
[19:03:07] [Render thread/DEBUG] (FabricLoader/Mixin) fabric-renderer-api-v1.mixins.json:sprite.TextureAtlasMixin from mod fabric-renderer-api-v1->@Inject::uploadHook(Lnet/minecraft/client/renderer/texture/SpriteLoader$Preparations;Lorg/spongepowered/asm/mixin/injection/callback/CallbackInfo;)V won't be passed a CallbackInfo as a result
[19:03:07] [Render thread/DEBUG] (FabricLoader/Mixin) Mixing RenderPipelineSnippetMixin from fabric-rendering-v1.mixins.json into com.mojang.blaze3d.pipeline.RenderPipeline$Snippet
[19:03:07] [Render thread/DEBUG] (FabricLoader/Mixin) Mixing RenderPipelineMixin from fabric-rendering-v1.mixins.json into com.mojang.blaze3d.pipeline.RenderPipeline
[19:03:07] [Render thread/DEBUG] (FabricLoader/Mixin) Mixing RenderPipelineBuilderMixin from fabric-rendering-v1.mixins.json into com.mojang.blaze3d.pipeline.RenderPipeline$Builder
[19:03:07] [Render thread/DEBUG] (FabricLoader/Mixin) Renaming synthetic method lambda$copyUsePipelineDrawModeForGuiToSnippet$0(Lcom/llamalad7/mixinextras/injector/wrapoperation/Operation;Ljava/util/Optional;Ljava/util/Optional;Ljava/util/Optional;Ljava/util/Optional;[Lcom/mojang/blaze3d/pipeline/ColorTargetState;ILjava/util/Optional;Ljava/util/Optional;Ljava/util/Optional;[Lcom/mojang/blaze3d/vertex/VertexFormat;Ljava/util/Optional;)Lcom/mojang/blaze3d/pipeline/RenderPipeline$Snippet; to md726be1$fabric-rendering-v1$lambda$copyUsePipelineDrawModeForGuiToSnippet$0$0 in fabric-rendering-v1.mixins.json:RenderPipelineBuilderMixin from mod fabric-rendering-v1
[19:03:07] [Render thread/DEBUG] (FabricLoader/Mixin) Renaming synthetic method lambda$copyUsePipelineDrawModeForGuiFromSnippet$0(Ljava/lang/Boolean;)V to md726be1$fabric-rendering-v1$lambda$copyUsePipelineDrawModeForGuiFromSnippet$0$1 in fabric-rendering-v1.mixins.json:RenderPipelineBuilderMixin from mod fabric-rendering-v1
[19:03:07] [Render thread/DEBUG] (FabricLoader/Mixin) fabric-rendering-v1.mixins.json:RenderPipelineBuilderMixin from mod fabric-rendering-v1->@Inject::copyUsePipelineDrawModeForGuiFromSnippet(Lcom/mojang/blaze3d/pipeline/RenderPipeline$Snippet;Lorg/spongepowered/asm/mixin/injection/callback/CallbackInfo;)V doesn't use it's CallbackInfo
[19:03:07] [Render thread/DEBUG] (FabricLoader/Mixin) fabric-rendering-v1.mixins.json:RenderPipelineBuilderMixin from mod fabric-rendering-v1->@Inject::copyUsePipelineDrawModeForGuiFromSnippet(Lcom/mojang/blaze3d/pipeline/RenderPipeline$Snippet;Lorg/spongepowered/asm/mixin/injection/callback/CallbackInfo;)V has 0 override(s) in child classes
[19:03:07] [Render thread/DEBUG] (FabricLoader/Mixin) fabric-rendering-v1.mixins.json:RenderPipelineBuilderMixin from mod fabric-rendering-v1->@Inject::copyUsePipelineDrawModeForGuiFromSnippet(Lcom/mojang/blaze3d/pipeline/RenderPipeline$Snippet;Lorg/spongepowered/asm/mixin/injection/callback/CallbackInfo;)V won't be passed a CallbackInfo as a result
[19:03:07] [Render thread/DEBUG] (FabricLoader/Mixin) Mixing ItemFeatureRendererAccessor from fabric-renderer-indigo.mixins.json into net.minecraft.client.renderer.feature.ItemFeatureRenderer
[19:03:07] [Render thread/DEBUG] (FabricLoader/Mixin) Renaming @Invoker method fabric_computeFoilDecalPose(Lnet/minecraft/world/item/ItemDisplayContext;Lcom/mojang/blaze3d/vertex/PoseStack$Pose;)Lcom/mojang/blaze3d/vertex/PoseStack$Pose; to fabric_computeFoilDecalPose$fabric-renderer-indigo_$md$726be1$0 in fabric-renderer-indigo.mixins.json:ItemFeatureRendererAccessor from mod fabric-renderer-indigo
[19:03:07] [Render thread/DEBUG] (FabricLoader/Mixin) Renaming @Invoker method fabric_useTransparentGlint(Lnet/minecraft/client/renderer/rendertype/RenderType;)Z to fabric_useTransparentGlint$fabric-renderer-indigo_$md$726be1$1 in fabric-renderer-indigo.mixins.json:ItemFeatureRendererAccessor from mod fabric-renderer-indigo
[19:03:07] [Render thread/DEBUG] (FabricLoader/Mixin) Mixing renderstate.RenderStateMixin from fabric-rendering-v1.mixins.json into net.minecraft.client.renderer.blockentity.state.BlockEntityRenderState
[19:03:07] [Render thread/DEBUG] (FabricLoader/Mixin) Mixing KeyedClientResourceReloadListenerMixin from fabric-resource-loader-v1.client.mixins.json into net.minecraft.client.gui.font.FontManager
[19:03:07] [Render thread/DEBUG] (FabricLoader/Mixin) Mixing KeyedClientResourceReloadListenerMixin from fabric-resource-loader-v1.client.mixins.json into net.minecraft.client.resources.GrassColorReloadListener
[19:03:07] [Render thread/DEBUG] (FabricLoader/Mixin) Mixing KeyedClientResourceReloadListenerMixin from fabric-resource-loader-v1.client.mixins.json into net.minecraft.client.resources.FoliageColorReloadListener
[19:03:07] [Render thread/DEBUG] (FabricLoader/Mixin) Mixing KeyedClientResourceReloadListenerMixin from fabric-resource-loader-v1.client.mixins.json into net.minecraft.client.resources.DryFoliageColorReloadListener
[19:03:07] [Render thread/DEBUG] (FabricLoader/Mixin) Mixing BlockColorsMixin from fabric-rendering-v1.mixins.json into net.minecraft.client.color.block.BlockColors
[19:03:07] [Render thread/DEBUG] (FabricLoader/Mixin) fabric-rendering-v1.mixins.json:BlockColorsMixin from mod fabric-rendering-v1->@Inject::create(Lorg/spongepowered/asm/mixin/injection/callback/CallbackInfoReturnable;)V does use it's CallbackInfoReturnable
[19:03:07] [Render thread/DEBUG] (FabricLoader/Mixin) Mixing KeyedClientResourceReloadListenerMixin from fabric-resource-loader-v1.client.mixins.json into net.minecraft.client.resources.model.ModelManager
[19:03:07] [Render thread/DEBUG] (FabricLoader/Mixin) Mixing ModelManagerMixin from fabric-model-loading-api-v1.mixins.json into net.minecraft.client.resources.model.ModelManager
[19:03:07] [Render thread/DEBUG] (FabricLoader/Mixin) Renaming synthetic method lambda$withModelDispatcher$0(Ljava/util/concurrent/CompletableFuture;Ljava/util/function/Function;Ljava/lang/Object;)Ljava/lang/Object; to md726be1$fabric-model-loading-api-v1$lambda$withModelDispatcher$0$0 in fabric-model-loading-api-v1.mixins.json:ModelManagerMixin from mod fabric-model-loading-api-v1
[19:03:07] [Render thread/DEBUG] (FabricLoader/Mixin) Renaming synthetic method lambda$hookBlockStateModels$0(Lnet/minecraft/client/resources/model/BlockStateModelLoader$LoadedModels;Lnet/fabricmc/fabric/impl/client/model/loading/ModelLoadingEventDispatcher;)Lnet/minecraft/client/resources/model/BlockStateModelLoader$LoadedModels; to md726be1$fabric-model-loading-api-v1$lambda$hookBlockStateModels$0$1 in fabric-model-loading-api-v1.mixins.json:ModelManagerMixin from mod fabric-model-loading-api-v1
[19:03:07] [Render thread/DEBUG] (FabricLoader/Mixin) Renaming synthetic method lambda$hookModels$0(Ljava/util/Map;Lnet/fabricmc/fabric/impl/client/model/loading/ModelLoadingEventDispatcher;)Ljava/util/Map; to md726be1$fabric-model-loading-api-v1$lambda$hookModels$0$2 in fabric-model-loading-api-v1.mixins.json:ModelManagerMixin from mod fabric-model-loading-api-v1
[19:03:07] [Render thread/DEBUG] (FabricLoader/Mixin) Renaming synthetic method lambda$resetEventDispatcherFuture$0(Ljava/lang/Void;)Ljava/lang/Void; to md726be1$fabric-model-loading-api-v1$lambda$resetEventDispatcherFuture$0$3 in fabric-model-loading-api-v1.mixins.json:ModelManagerMixin from mod fabric-model-loading-api-v1
[19:03:07] [Render thread/DEBUG] (FabricLoader/Mixin) fabric-model-loading-api-v1.mixins.json:ModelManagerMixin from mod fabric-model-loading-api-v1->@Inject::onHeadReload(Lnet/minecraft/server/packs/resources/PreparableReloadListener$SharedState;Ljava/util/concurrent/Executor;Lnet/minecraft/server/packs/resources/PreparableReloadListener$PreparationBarrier;Ljava/util/concurrent/Executor;Lorg/spongepowered/asm/mixin/injection/callback/CallbackInfoReturnable;)V doesn't use it's CallbackInfoReturnable
[19:03:07] [Render thread/DEBUG] (FabricLoader/Mixin) fabric-model-loading-api-v1.mixins.json:ModelManagerMixin from mod fabric-model-loading-api-v1->@Inject::onHeadReload(Lnet/minecraft/server/packs/resources/PreparableReloadListener$SharedState;Ljava/util/concurrent/Executor;Lnet/minecraft/server/packs/resources/PreparableReloadListener$PreparationBarrier;Ljava/util/concurrent/Executor;Lorg/spongepowered/asm/mixin/injection/callback/CallbackInfoReturnable;)V has 0 override(s) in child classes
[19:03:07] [Render thread/DEBUG] (FabricLoader/Mixin) fabric-model-loading-api-v1.mixins.json:ModelManagerMixin from mod fabric-model-loading-api-v1->@Inject::onHeadReload(Lnet/minecraft/server/packs/resources/PreparableReloadListener$SharedState;Ljava/util/concurrent/Executor;Lnet/minecraft/server/packs/resources/PreparableReloadListener$PreparationBarrier;Ljava/util/concurrent/Executor;Lorg/spongepowered/asm/mixin/injection/callback/CallbackInfoReturnable;)V won't be passed a CallbackInfoReturnable as a result
[19:03:07] [Render thread/DEBUG] (FabricLoader/Mixin) fabric-model-loading-api-v1.mixins.json:ModelManagerMixin from mod fabric-model-loading-api-v1->@Inject::resolveExtraModels(Ljava/util/Map;Lnet/minecraft/client/resources/model/BlockStateModelLoader$LoadedModels;Lnet/minecraft/client/resources/model/ClientItemInfoLoader$LoadedClientInfos;Lorg/spongepowered/asm/mixin/injection/callback/CallbackInfoReturnable;)V doesn't use it's CallbackInfoReturnable
[19:03:07] [Render thread/DEBUG] (FabricLoader/Mixin) fabric-model-loading-api-v1.mixins.json:ModelManagerMixin from mod fabric-model-loading-api-v1->@Inject::onReturnUpload(Lorg/spongepowered/asm/mixin/injection/callback/CallbackInfo;)V doesn't use it's CallbackInfo
[19:03:07] [Render thread/DEBUG] (FabricLoader/Mixin) fabric-model-loading-api-v1.mixins.json:ModelManagerMixin from mod fabric-model-loading-api-v1->@Inject::onReturnUpload(Lorg/spongepowered/asm/mixin/injection/callback/CallbackInfo;)V has 0 override(s) in child classes
[19:03:07] [Render thread/DEBUG] (FabricLoader/Mixin) fabric-model-loading-api-v1.mixins.json:ModelManagerMixin from mod fabric-model-loading-api-v1->@Inject::onReturnUpload(Lorg/spongepowered/asm/mixin/injection/callback/CallbackInfo;)V won't be passed a CallbackInfo as a result
[19:03:07] [Render thread/DEBUG] (FabricLoader/Mixin) Mixing sprite.MaterialBakerMixin from fabric-renderer-api-v1.mixins.json into net.minecraft.client.resources.model.sprite.MaterialBaker
[19:03:07] [Render thread/DEBUG] (FabricLoader/Mixin) Mixing sprite.ModelManagerCombinedBlockItemMaterialBakerMixin from fabric-renderer-api-v1.mixins.json into net.minecraft.client.resources.model.ModelManager$CombinedBlockItemMaterialBaker
[19:03:07] [Render thread/DEBUG] (FabricLoader/Mixin) Mixing sprite.ModelManagerBlockOnlyMaterialBakerMixin from fabric-renderer-api-v1.mixins.json into net.minecraft.client.resources.model.ModelManager$BlockOnlyMaterialBaker
[19:03:07] [Render thread/DEBUG] (FabricLoader/Mixin) Mixing KeyedClientResourceReloadListenerMixin from fabric-resource-loader-v1.client.mixins.json into net.minecraft.client.resources.model.EquipmentAssetManager
[19:03:07] [Render thread/DEBUG] (FabricLoader/Mixin) Mixing SimpleJsonResourceReloadListenerMixin from fabric-loot-api-v3.mixins.json into net.minecraft.server.packs.resources.SimpleJsonResourceReloadListener
[19:03:07] [Render thread/DEBUG] (FabricLoader/Mixin) Mixing SimpleJsonResourceReloadListenerMixin from fabric-resource-conditions-api-v1.mixins.json into net.minecraft.server.packs.resources.SimpleJsonResourceReloadListener
[19:03:07] [Render thread/DEBUG] (FabricLoader/Mixin) fabric-loot-api-v3.mixins.json:SimpleJsonResourceReloadListenerMixin from mod fabric-loot-api-v3->@Inject::fillSourceMap(Lnet/minecraft/server/packs/resources/ResourceManager;Lnet/minecraft/resources/FileToIdConverter;Lcom/mojang/serialization/DynamicOps;Lcom/mojang/serialization/Codec;Ljava/util/Map;Lorg/spongepowered/asm/mixin/injection/callback/CallbackInfo;)V doesn't use it's CallbackInfo
[19:03:07] [Render thread/DEBUG] (FabricLoader/Mixin) fabric-resource-conditions-api-v1.mixins.json:SimpleJsonResourceReloadListenerMixin from mod fabric-resource-conditions-api-v1->@Inject::skipData(Ljava/util/Map;Lnet/minecraft/resources/Identifier;Ljava/lang/Object;Lorg/spongepowered/asm/mixin/injection/callback/CallbackInfo;)V does use it's CallbackInfo
[19:03:07] [Render thread/DEBUG] (FabricLoader/Mixin) Mixing KeyedClientResourceReloadListenerMixin from fabric-resource-loader-v1.client.mixins.json into net.minecraft.client.renderer.entity.EntityRenderDispatcher
[19:03:07] [Render thread/DEBUG] (FabricLoader/Mixin) Mixing EntityRenderDispatcherMixin from fabric-rendering-v1.mixins.json into net.minecraft.client.renderer.entity.EntityRenderDispatcher
[19:03:07] [Render thread/DEBUG] (FabricLoader/Mixin) fabric-rendering-v1.mixins.json:EntityRenderDispatcherMixin from mod fabric-rendering-v1->@Inject::createArmorRenderers(Lnet/minecraft/server/packs/resources/ResourceManager;Lorg/spongepowered/asm/mixin/injection/callback/CallbackInfo;)V doesn't use it's CallbackInfo
[19:03:07] [Render thread/DEBUG] (FabricLoader/Mixin) fabric-rendering-v1.mixins.json:EntityRenderDispatcherMixin from mod fabric-rendering-v1->@Inject::createArmorRenderers(Lnet/minecraft/server/packs/resources/ResourceManager;Lorg/spongepowered/asm/mixin/injection/callback/CallbackInfo;)V has 0 override(s) in child classes
[19:03:07] [Render thread/DEBUG] (FabricLoader/Mixin) fabric-rendering-v1.mixins.json:EntityRenderDispatcherMixin from mod fabric-rendering-v1->@Inject::createArmorRenderers(Lnet/minecraft/server/packs/resources/ResourceManager;Lorg/spongepowered/asm/mixin/injection/callback/CallbackInfo;)V won't be passed a CallbackInfo as a result
[19:03:07] [Render thread/DEBUG] (FabricLoader/Mixin) Mixing LivingEntityRendererAccessor from fabric-rendering-v1.mixins.json into net.minecraft.client.renderer.entity.LivingEntityRenderer
[19:03:07] [Render thread/DEBUG] (FabricLoader/Mixin) Mixing LivingEntityRendererMixin from fabric-rendering-v1.mixins.json into net.minecraft.client.renderer.entity.LivingEntityRenderer
[19:03:07] [Render thread/DEBUG] (FabricLoader/Mixin) Mixing ItemInHandRendererMixin from fabric-item-api-v1.client.mixins.json into net.minecraft.client.renderer.ItemInHandRenderer
[19:03:07] [Render thread/DEBUG] (FabricLoader/Mixin) fabric-item-api-v1.client.mixins.json:ItemInHandRendererMixin from mod fabric-item-api-v1->@Inject::modifyProgressAnimation(Lorg/spongepowered/asm/mixin/injection/callback/CallbackInfo;)V doesn't use it's CallbackInfo
[19:03:07] [Render thread/DEBUG] (FabricLoader/Mixin) fabric-item-api-v1.client.mixins.json:ItemInHandRendererMixin from mod fabric-item-api-v1->@Inject::modifyProgressAnimation(Lorg/spongepowered/asm/mixin/injection/callback/CallbackInfo;)V has 0 override(s) in child classes
[19:03:07] [Render thread/DEBUG] (FabricLoader/Mixin) fabric-item-api-v1.client.mixins.json:ItemInHandRendererMixin from mod fabric-item-api-v1->@Inject::modifyProgressAnimation(Lorg/spongepowered/asm/mixin/injection/callback/CallbackInfo;)V won't be passed a CallbackInfo as a result
[19:03:07] [Render thread/DEBUG] (FabricLoader/Mixin) Mixing renderstate.RenderStateMixin from fabric-rendering-v1.mixins.json into net.minecraft.client.renderer.state.MapRenderState
[19:03:07] [Render thread/DEBUG] (FabricLoader/Mixin) Mixing KeyedClientResourceReloadListenerMixin from fabric-resource-loader-v1.client.mixins.json into net.minecraft.client.renderer.blockentity.BlockEntityRenderDispatcher
[19:03:07] [Render thread/DEBUG] (FabricLoader/Mixin) Mixing KeyedClientResourceReloadListenerMixin from fabric-resource-loader-v1.client.mixins.json into net.minecraft.client.particle.ParticleResources
[19:03:07] [Render thread/DEBUG] (FabricLoader/Mixin) Mixing ParticleResourcesMixin from fabric-registry-sync-v0.client.mixins.json into net.minecraft.client.particle.ParticleResources
[19:03:07] [Render thread/DEBUG] (FabricLoader/Mixin) Mixing ParticleResourcesMixin from fabric-particles-v1.client.mixins.json into net.minecraft.client.particle.ParticleResources
[19:03:07] [Render thread/DEBUG] (FabricLoader/Mixin) fabric-registry-sync-v0.client.mixins.json:ParticleResourcesMixin from mod fabric-registry-sync-v0->@Inject::onInit(Lorg/spongepowered/asm/mixin/injection/callback/CallbackInfo;)V doesn't use it's CallbackInfo
[19:03:07] [Render thread/DEBUG] (FabricLoader/Mixin) fabric-registry-sync-v0.client.mixins.json:ParticleResourcesMixin from mod fabric-registry-sync-v0->@Inject::onInit(Lorg/spongepowered/asm/mixin/injection/callback/CallbackInfo;)V has 0 override(s) in child classes
[19:03:07] [Render thread/DEBUG] (FabricLoader/Mixin) fabric-registry-sync-v0.client.mixins.json:ParticleResourcesMixin from mod fabric-registry-sync-v0->@Inject::onInit(Lorg/spongepowered/asm/mixin/injection/callback/CallbackInfo;)V won't be passed a CallbackInfo as a result
[19:03:07] [Render thread/DEBUG] (FabricLoader/Mixin) fabric-particles-v1.client.mixins.json:ParticleResourcesMixin from mod fabric-particles-v1->@Inject::onRegisterDefaultFactories(Lorg/spongepowered/asm/mixin/injection/callback/CallbackInfo;)V doesn't use it's CallbackInfo
[19:03:07] [Render thread/DEBUG] (FabricLoader/Mixin) fabric-particles-v1.client.mixins.json:ParticleResourcesMixin from mod fabric-particles-v1->@Inject::onRegisterDefaultFactories(Lorg/spongepowered/asm/mixin/injection/callback/CallbackInfo;)V has 0 override(s) in child classes
[19:03:07] [Render thread/DEBUG] (FabricLoader/Mixin) fabric-particles-v1.client.mixins.json:ParticleResourcesMixin from mod fabric-particles-v1->@Inject::onRegisterDefaultFactories(Lorg/spongepowered/asm/mixin/injection/callback/CallbackInfo;)V won't be passed a CallbackInfo as a result
[19:03:07] [Render thread/DEBUG] (FabricLoader/Mixin) Mixing block.particle.BlockMarkerMixin from fabric-renderer-api-v1.mixins.json into net.minecraft.client.particle.BlockMarker
[19:03:07] [Render thread/DEBUG] (FabricLoader/Mixin) Mixing block.particle.TerrainParticleMixin from fabric-renderer-api-v1.mixins.json into net.minecraft.client.particle.TerrainParticle
[19:03:07] [Render thread/DEBUG] (FabricLoader/Mixin) Mixing TerrainParticleMixin from fabric-particles-v1.client.mixins.json into net.minecraft.client.particle.TerrainParticle
[19:03:07] [Render thread/DEBUG] (FabricLoader/Mixin) Mixing item.ItemStackRenderStateMixin from fabric-renderer-api-v1.mixins.json into net.minecraft.client.renderer.item.ItemStackRenderState
[19:03:07] [Render thread/DEBUG] (FabricLoader/Mixin) Mixing renderstate.ItemStackRenderStateMixin from fabric-rendering-v1.mixins.json into net.minecraft.client.renderer.item.ItemStackRenderState
[19:03:07] [Render thread/DEBUG] (FabricLoader/Mixin) Mixing renderstate.RenderStateMixin from fabric-rendering-v1.mixins.json into net.minecraft.client.renderer.item.ItemStackRenderState
[19:03:07] [Render thread/DEBUG] (FabricLoader/Mixin) fabric-renderer-api-v1.mixins.json:item.ItemStackRenderStateMixin from mod fabric-renderer-api-v1->@Inject::afterInitVecLoad(Ljava/util/function/Consumer;Lorg/spongepowered/asm/mixin/injection/callback/CallbackInfo;)V doesn't use it's CallbackInfo
[19:03:07] [Render thread/DEBUG] (FabricLoader/Mixin) fabric-renderer-api-v1.mixins.json:item.ItemStackRenderStateMixin from mod fabric-renderer-api-v1->@Inject::afterInitVecLoad(Ljava/util/function/Consumer;Lorg/spongepowered/asm/mixin/injection/callback/CallbackInfo;)V has 0 override(s) in child classes
[19:03:07] [Render thread/DEBUG] (FabricLoader/Mixin) fabric-renderer-api-v1.mixins.json:item.ItemStackRenderStateMixin from mod fabric-renderer-api-v1->@Inject::afterInitVecLoad(Ljava/util/function/Consumer;Lorg/spongepowered/asm/mixin/injection/callback/CallbackInfo;)V won't be passed a CallbackInfo as a result
[19:03:07] [Render thread/DEBUG] (FabricLoader/Mixin) fabric-renderer-api-v1.mixins.json:item.ItemStackRenderStateMixin from mod fabric-renderer-api-v1->@Inject::afterLayerLoad(Ljava/util/function/Consumer;Lorg/spongepowered/asm/mixin/injection/callback/CallbackInfo;)V doesn't use it's CallbackInfo
[19:03:07] [Render thread/DEBUG] (FabricLoader/Mixin) fabric-renderer-api-v1.mixins.json:item.ItemStackRenderStateMixin from mod fabric-renderer-api-v1->@Inject::afterLayerLoad(Ljava/util/function/Consumer;Lorg/spongepowered/asm/mixin/injection/callback/CallbackInfo;)V has 0 override(s) in child classes
[19:03:07] [Render thread/DEBUG] (FabricLoader/Mixin) fabric-renderer-api-v1.mixins.json:item.ItemStackRenderStateMixin from mod fabric-renderer-api-v1->@Inject::afterLayerLoad(Ljava/util/function/Consumer;Lorg/spongepowered/asm/mixin/injection/callback/CallbackInfo;)V won't be passed a CallbackInfo as a result
[19:03:07] [Render thread/DEBUG] (FabricLoader/Mixin) fabric-rendering-v1.mixins.json:renderstate.ItemStackRenderStateMixin from mod fabric-rendering-v1->@Inject::clearExtraRenderData(Lorg/spongepowered/asm/mixin/injection/callback/CallbackInfo;)V doesn't use it's CallbackInfo
[19:03:07] [Render thread/DEBUG] (FabricLoader/Mixin) fabric-rendering-v1.mixins.json:renderstate.ItemStackRenderStateMixin from mod fabric-rendering-v1->@Inject::clearExtraRenderData(Lorg/spongepowered/asm/mixin/injection/callback/CallbackInfo;)V has 0 override(s) in child classes
[19:03:07] [Render thread/DEBUG] (FabricLoader/Mixin) fabric-rendering-v1.mixins.json:renderstate.ItemStackRenderStateMixin from mod fabric-rendering-v1->@Inject::clearExtraRenderData(Lorg/spongepowered/asm/mixin/injection/callback/CallbackInfo;)V won't be passed a CallbackInfo as a result
[19:03:07] [Render thread/DEBUG] (FabricLoader/Mixin) Mixing item.ItemStackRenderStateLayerRenderStateMixin from fabric-renderer-api-v1.mixins.json into net.minecraft.client.renderer.item.ItemStackRenderState$LayerRenderState
[19:03:07] [Render thread/DEBUG] (FabricLoader/Mixin) Mixing renderstate.ItemStackRenderStateLayerRenderStateMixin from fabric-rendering-v1.mixins.json into net.minecraft.client.renderer.item.ItemStackRenderState$LayerRenderState
[19:03:07] [Render thread/DEBUG] (FabricLoader/Mixin) Mixing renderstate.RenderStateMixin from fabric-rendering-v1.mixins.json into net.minecraft.client.renderer.item.ItemStackRenderState$LayerRenderState
[19:03:07] [Render thread/DEBUG] (FabricLoader/Mixin) fabric-renderer-api-v1.mixins.json:item.ItemStackRenderStateLayerRenderStateMixin from mod fabric-renderer-api-v1->@Inject::onReturnClear(Lorg/spongepowered/asm/mixin/injection/callback/CallbackInfo;)V doesn't use it's CallbackInfo
[19:03:07] [Render thread/DEBUG] (FabricLoader/Mixin) fabric-renderer-api-v1.mixins.json:item.ItemStackRenderStateLayerRenderStateMixin from mod fabric-renderer-api-v1->@Inject::onReturnClear(Lorg/spongepowered/asm/mixin/injection/callback/CallbackInfo;)V has 0 override(s) in child classes
[19:03:07] [Render thread/DEBUG] (FabricLoader/Mixin) fabric-renderer-api-v1.mixins.json:item.ItemStackRenderStateLayerRenderStateMixin from mod fabric-renderer-api-v1->@Inject::onReturnClear(Lorg/spongepowered/asm/mixin/injection/callback/CallbackInfo;)V won't be passed a CallbackInfo as a result
[19:03:07] [Render thread/DEBUG] (FabricLoader/Mixin) fabric-rendering-v1.mixins.json:renderstate.ItemStackRenderStateLayerRenderStateMixin from mod fabric-rendering-v1->@Inject::clearExtraRenderData(Lorg/spongepowered/asm/mixin/injection/callback/CallbackInfo;)V doesn't use it's CallbackInfo
[19:03:07] [Render thread/DEBUG] (FabricLoader/Mixin) fabric-rendering-v1.mixins.json:renderstate.ItemStackRenderStateLayerRenderStateMixin from mod fabric-rendering-v1->@Inject::clearExtraRenderData(Lorg/spongepowered/asm/mixin/injection/callback/CallbackInfo;)V has 0 override(s) in child classes
[19:03:07] [Render thread/DEBUG] (FabricLoader/Mixin) fabric-rendering-v1.mixins.json:renderstate.ItemStackRenderStateLayerRenderStateMixin from mod fabric-rendering-v1->@Inject::clearExtraRenderData(Lorg/spongepowered/asm/mixin/injection/callback/CallbackInfo;)V won't be passed a CallbackInfo as a result
[19:03:07] [Render thread/DEBUG] (FabricLoader/Mixin) Mixing ParticleEngineAccessor from fabric-particles-v1.client.mixins.json into net.minecraft.client.particle.ParticleEngine
[19:03:07] [Render thread/DEBUG] (FabricLoader/Mixin) Renaming @Accessor method getParticleRenderTypes()Ljava/util/List; to getParticleRenderTypes$fabric-particles-v1_$md$726be1$0 in fabric-particles-v1.client.mixins.json:ParticleEngineAccessor from mod fabric-particles-v1
[19:03:07] [Render thread/DEBUG] (FabricLoader/Mixin) Mixing ParticleEngineMixin from fabric-particles-v1.client.mixins.json into net.minecraft.client.particle.ParticleEngine
[19:03:07] [Render thread/DEBUG] (FabricLoader/Mixin) fabric-particles-v1.client.mixins.json:ParticleEngineMixin from mod fabric-particles-v1->@Inject::classInit(Lorg/spongepowered/asm/mixin/injection/callback/CallbackInfo;)V doesn't use it's CallbackInfo
[19:03:07] [Render thread/DEBUG] (FabricLoader/Mixin) fabric-particles-v1.client.mixins.json:ParticleEngineMixin from mod fabric-particles-v1->@Inject::createParticleGroup(Lnet/minecraft/client/particle/ParticleRenderType;Lorg/spongepowered/asm/mixin/injection/callback/CallbackInfoReturnable;)V does use it's CallbackInfoReturnable
[19:03:07] [Render thread/DEBUG] (FabricLoader/Mixin) Mixing GameRendererMixin from fabric-rendering-v1.mixins.json into net.minecraft.client.renderer.GameRenderer
[19:03:07] [Render thread/DEBUG] (FabricLoader/Mixin) fabric-rendering-v1.mixins.json:GameRendererMixin from mod fabric-rendering-v1->@Inject::guiRendererReady(Lnet/minecraft/client/Minecraft;Lnet/minecraft/client/renderer/ItemInHandRenderer;Lnet/minecraft/client/resources/model/ModelManager;Lorg/spongepowered/asm/mixin/injection/callback/CallbackInfo;)V doesn't use it's CallbackInfo
[19:03:07] [Render thread/DEBUG] (FabricLoader/Mixin) fabric-rendering-v1.mixins.json:GameRendererMixin from mod fabric-rendering-v1->@Inject::guiRendererReady(Lnet/minecraft/client/Minecraft;Lnet/minecraft/client/renderer/ItemInHandRenderer;Lnet/minecraft/client/resources/model/ModelManager;Lorg/spongepowered/asm/mixin/injection/callback/CallbackInfo;)V has 0 override(s) in child classes
[19:03:07] [Render thread/DEBUG] (FabricLoader/Mixin) fabric-rendering-v1.mixins.json:GameRendererMixin from mod fabric-rendering-v1->@Inject::guiRendererReady(Lnet/minecraft/client/Minecraft;Lnet/minecraft/client/renderer/ItemInHandRenderer;Lnet/minecraft/client/resources/model/ModelManager;Lorg/spongepowered/asm/mixin/injection/callback/CallbackInfo;)V won't be passed a CallbackInfo as a result
[19:03:07] [Render thread/DEBUG] (FabricLoader/Mixin) fabric-rendering-v1.mixins.json:GameRendererMixin from mod fabric-rendering-v1->@Inject::beforeExtract(Lnet/minecraft/client/DeltaTracker;ZLorg/spongepowered/asm/mixin/injection/callback/CallbackInfo;)V doesn't use it's CallbackInfo
[19:03:07] [Render thread/DEBUG] (FabricLoader/Mixin) fabric-rendering-v1.mixins.json:GameRendererMixin from mod fabric-rendering-v1->@Inject::beforeExtract(Lnet/minecraft/client/DeltaTracker;ZLorg/spongepowered/asm/mixin/injection/callback/CallbackInfo;)V has 0 override(s) in child classes
[19:03:07] [Render thread/DEBUG] (FabricLoader/Mixin) fabric-rendering-v1.mixins.json:GameRendererMixin from mod fabric-rendering-v1->@Inject::beforeExtract(Lnet/minecraft/client/DeltaTracker;ZLorg/spongepowered/asm/mixin/injection/callback/CallbackInfo;)V won't be passed a CallbackInfo as a result
[19:03:07] [Render thread/DEBUG] (FabricLoader/Mixin) Mixing submit.OrderedSubmitNodeCollectorMixin from fabric-renderer-api-v1.mixins.json into net.minecraft.client.renderer.OrderedSubmitNodeCollector
[19:03:07] [Render thread/DEBUG] (FabricLoader/Mixin) Mixing renderstate.RenderStateMixin from fabric-rendering-v1.mixins.json into net.minecraft.client.renderer.state.GameRenderState
[19:03:07] [Render thread/DEBUG] (FabricLoader/Mixin) Mixing renderstate.LevelRenderStateMixin from fabric-rendering-v1.mixins.json into net.minecraft.client.renderer.state.level.LevelRenderState
[19:03:07] [Render thread/DEBUG] (FabricLoader/Mixin) Mixing renderstate.RenderStateMixin from fabric-rendering-v1.mixins.json into net.minecraft.client.renderer.state.level.LevelRenderState
[19:03:07] [Render thread/DEBUG] (FabricLoader/Mixin) fabric-rendering-v1.mixins.json:renderstate.LevelRenderStateMixin from mod fabric-rendering-v1->@Inject::clearExtraRenderData(Lorg/spongepowered/asm/mixin/injection/callback/CallbackInfo;)V doesn't use it's CallbackInfo
[19:03:07] [Render thread/DEBUG] (FabricLoader/Mixin) fabric-rendering-v1.mixins.json:renderstate.LevelRenderStateMixin from mod fabric-rendering-v1->@Inject::clearExtraRenderData(Lorg/spongepowered/asm/mixin/injection/callback/CallbackInfo;)V has 0 override(s) in child classes
[19:03:07] [Render thread/DEBUG] (FabricLoader/Mixin) fabric-rendering-v1.mixins.json:renderstate.LevelRenderStateMixin from mod fabric-rendering-v1->@Inject::clearExtraRenderData(Lorg/spongepowered/asm/mixin/injection/callback/CallbackInfo;)V won't be passed a CallbackInfo as a result
[19:03:07] [Render thread/DEBUG] (FabricLoader/Mixin) Mixing renderstate.RenderStateMixin from fabric-rendering-v1.mixins.json into net.minecraft.client.renderer.state.level.CameraRenderState
[19:03:07] [Render thread/DEBUG] (FabricLoader/Mixin) Mixing renderstate.RenderStateMixin from fabric-rendering-v1.mixins.json into net.minecraft.client.renderer.fog.FogData
[19:03:07] [Render thread/DEBUG] (FabricLoader/Mixin) Mixing renderstate.RenderStateMixin from fabric-rendering-v1.mixins.json into net.minecraft.client.renderer.state.level.CameraEntityRenderState
[19:03:07] [Render thread/DEBUG] (FabricLoader/Mixin) Mixing renderstate.RenderStateMixin from fabric-rendering-v1.mixins.json into net.minecraft.client.renderer.state.level.WeatherRenderState
[19:03:07] [Render thread/DEBUG] (FabricLoader/Mixin) Mixing renderstate.WeatherRenderStateMixin from fabric-rendering-v1.mixins.json into net.minecraft.client.renderer.state.level.WeatherRenderState
[19:03:07] [Render thread/DEBUG] (FabricLoader/Mixin) fabric-rendering-v1.mixins.json:renderstate.WeatherRenderStateMixin from mod fabric-rendering-v1->@Inject::clearExtraRenderData(Lorg/spongepowered/asm/mixin/injection/callback/CallbackInfo;)V doesn't use it's CallbackInfo
[19:03:07] [Render thread/DEBUG] (FabricLoader/Mixin) fabric-rendering-v1.mixins.json:renderstate.WeatherRenderStateMixin from mod fabric-rendering-v1->@Inject::clearExtraRenderData(Lorg/spongepowered/asm/mixin/injection/callback/CallbackInfo;)V has 0 override(s) in child classes
[19:03:07] [Render thread/DEBUG] (FabricLoader/Mixin) fabric-rendering-v1.mixins.json:renderstate.WeatherRenderStateMixin from mod fabric-rendering-v1->@Inject::clearExtraRenderData(Lorg/spongepowered/asm/mixin/injection/callback/CallbackInfo;)V won't be passed a CallbackInfo as a result
[19:03:07] [Render thread/DEBUG] (FabricLoader/Mixin) Mixing renderstate.RenderStateMixin from fabric-rendering-v1.mixins.json into net.minecraft.client.renderer.state.level.WorldBorderRenderState
[19:03:07] [Render thread/DEBUG] (FabricLoader/Mixin) Mixing renderstate.WorldBorderRenderStateMixin from fabric-rendering-v1.mixins.json into net.minecraft.client.renderer.state.level.WorldBorderRenderState
[19:03:07] [Render thread/DEBUG] (FabricLoader/Mixin) fabric-rendering-v1.mixins.json:renderstate.WorldBorderRenderStateMixin from mod fabric-rendering-v1->@Inject::clearExtraRenderData(Lorg/spongepowered/asm/mixin/injection/callback/CallbackInfo;)V doesn't use it's CallbackInfo
[19:03:07] [Render thread/DEBUG] (FabricLoader/Mixin) fabric-rendering-v1.mixins.json:renderstate.WorldBorderRenderStateMixin from mod fabric-rendering-v1->@Inject::clearExtraRenderData(Lorg/spongepowered/asm/mixin/injection/callback/CallbackInfo;)V has 0 override(s) in child classes
[19:03:07] [Render thread/DEBUG] (FabricLoader/Mixin) fabric-rendering-v1.mixins.json:renderstate.WorldBorderRenderStateMixin from mod fabric-rendering-v1->@Inject::clearExtraRenderData(Lorg/spongepowered/asm/mixin/injection/callback/CallbackInfo;)V won't be passed a CallbackInfo as a result
[19:03:07] [Render thread/DEBUG] (FabricLoader/Mixin) Mixing renderstate.RenderStateMixin from fabric-rendering-v1.mixins.json into net.minecraft.client.renderer.state.level.SkyRenderState
[19:03:07] [Render thread/DEBUG] (FabricLoader/Mixin) Mixing renderstate.SkyRenderStateMixin from fabric-rendering-v1.mixins.json into net.minecraft.client.renderer.state.level.SkyRenderState
[19:03:07] [Render thread/DEBUG] (FabricLoader/Mixin) fabric-rendering-v1.mixins.json:renderstate.SkyRenderStateMixin from mod fabric-rendering-v1->@Inject::clearExtraRenderData(Lorg/spongepowered/asm/mixin/injection/callback/CallbackInfo;)V doesn't use it's CallbackInfo
[19:03:07] [Render thread/DEBUG] (FabricLoader/Mixin) fabric-rendering-v1.mixins.json:renderstate.SkyRenderStateMixin from mod fabric-rendering-v1->@Inject::clearExtraRenderData(Lorg/spongepowered/asm/mixin/injection/callback/CallbackInfo;)V has 0 override(s) in child classes
[19:03:07] [Render thread/DEBUG] (FabricLoader/Mixin) fabric-rendering-v1.mixins.json:renderstate.SkyRenderStateMixin from mod fabric-rendering-v1->@Inject::clearExtraRenderData(Lorg/spongepowered/asm/mixin/injection/callback/CallbackInfo;)V won't be passed a CallbackInfo as a result
[19:03:07] [Render thread/DEBUG] (FabricLoader/Mixin) Mixing renderstate.ParticlesRenderStateMixin from fabric-rendering-v1.mixins.json into net.minecraft.client.renderer.state.level.ParticlesRenderState
[19:03:07] [Render thread/DEBUG] (FabricLoader/Mixin) Mixing renderstate.RenderStateMixin from fabric-rendering-v1.mixins.json into net.minecraft.client.renderer.state.level.ParticlesRenderState
[19:03:07] [Render thread/DEBUG] (FabricLoader/Mixin) fabric-rendering-v1.mixins.json:renderstate.ParticlesRenderStateMixin from mod fabric-rendering-v1->@Inject::clearExtraRenderData(Lorg/spongepowered/asm/mixin/injection/callback/CallbackInfo;)V doesn't use it's CallbackInfo
[19:03:07] [Render thread/DEBUG] (FabricLoader/Mixin) fabric-rendering-v1.mixins.json:renderstate.ParticlesRenderStateMixin from mod fabric-rendering-v1->@Inject::clearExtraRenderData(Lorg/spongepowered/asm/mixin/injection/callback/CallbackInfo;)V has 0 override(s) in child classes
[19:03:07] [Render thread/DEBUG] (FabricLoader/Mixin) fabric-rendering-v1.mixins.json:renderstate.ParticlesRenderStateMixin from mod fabric-rendering-v1->@Inject::clearExtraRenderData(Lorg/spongepowered/asm/mixin/injection/callback/CallbackInfo;)V won't be passed a CallbackInfo as a result
[19:03:07] [Render thread/DEBUG] (FabricLoader/Mixin) Mixing renderstate.RenderStateMixin from fabric-rendering-v1.mixins.json into net.minecraft.client.renderer.state.LightmapRenderState
[19:03:07] [Render thread/DEBUG] (FabricLoader/Mixin) Mixing renderstate.GuiRenderStateMixin from fabric-rendering-v1.mixins.json into net.minecraft.client.renderer.state.gui.GuiRenderState
[19:03:07] [Render thread/DEBUG] (FabricLoader/Mixin) Mixing renderstate.RenderStateMixin from fabric-rendering-v1.mixins.json into net.minecraft.client.renderer.state.gui.GuiRenderState
[19:03:07] [Render thread/DEBUG] (FabricLoader/Mixin) fabric-rendering-v1.mixins.json:renderstate.GuiRenderStateMixin from mod fabric-rendering-v1->@Inject::clearExtraRenderData(Lorg/spongepowered/asm/mixin/injection/callback/CallbackInfo;)V doesn't use it's CallbackInfo
[19:03:07] [Render thread/DEBUG] (FabricLoader/Mixin) fabric-rendering-v1.mixins.json:renderstate.GuiRenderStateMixin from mod fabric-rendering-v1->@Inject::clearExtraRenderData(Lorg/spongepowered/asm/mixin/injection/callback/CallbackInfo;)V has 0 override(s) in child classes
[19:03:07] [Render thread/DEBUG] (FabricLoader/Mixin) fabric-rendering-v1.mixins.json:renderstate.GuiRenderStateMixin from mod fabric-rendering-v1->@Inject::clearExtraRenderData(Lorg/spongepowered/asm/mixin/injection/callback/CallbackInfo;)V won't be passed a CallbackInfo as a result
[19:03:07] [Render thread/DEBUG] (FabricLoader/Mixin) Mixing renderstate.RenderStateMixin from fabric-rendering-v1.mixins.json into net.minecraft.client.renderer.state.OptionsRenderState
[19:03:07] [Render thread/DEBUG] (FabricLoader/Mixin) Mixing renderstate.RenderStateMixin from fabric-rendering-v1.mixins.json into net.minecraft.client.renderer.state.WindowRenderState
[19:03:07] [Render thread/DEBUG] (FabricLoader/Mixin) Mixing submit.SubmitNodeStorageMixin from fabric-renderer-api-v1.mixins.json into net.minecraft.client.renderer.SubmitNodeStorage
[19:03:07] [Render thread/DEBUG] (FabricLoader/Mixin) Mixing FeatureRenderDispatcherMixin from fabric-renderer-indigo.mixins.json into net.minecraft.client.renderer.feature.FeatureRenderDispatcher
[19:03:07] [Render thread/DEBUG] (FabricLoader/Mixin) fabric-renderer-indigo.mixins.json:FeatureRenderDispatcherMixin from mod fabric-renderer-indigo->@Inject::registerExtendedFeatureRenderers(Lorg/spongepowered/asm/mixin/injection/callback/CallbackInfo;)V doesn't use it's CallbackInfo
[19:03:07] [Render thread/DEBUG] (FabricLoader/Mixin) fabric-renderer-indigo.mixins.json:FeatureRenderDispatcherMixin from mod fabric-renderer-indigo->@Inject::registerExtendedFeatureRenderers(Lorg/spongepowered/asm/mixin/injection/callback/CallbackInfo;)V has 0 override(s) in child classes
[19:03:07] [Render thread/DEBUG] (FabricLoader/Mixin) fabric-renderer-indigo.mixins.json:FeatureRenderDispatcherMixin from mod fabric-renderer-indigo->@Inject::registerExtendedFeatureRenderers(Lorg/spongepowered/asm/mixin/injection/callback/CallbackInfo;)V won't be passed a CallbackInfo as a result
[19:03:07] [Render thread/DEBUG] (FabricLoader/Mixin) Mixing block.render.MovingBlockFeatureRendererMixin from fabric-renderer-api-v1.mixins.json into net.minecraft.client.renderer.feature.MovingBlockFeatureRenderer
[19:03:07] [Render thread/DEBUG] (FabricLoader/Mixin) Renaming synthetic method access$000(Lnet/minecraft/client/renderer/feature/MovingBlockFeatureRenderer;Lnet/minecraft/client/renderer/rendertype/RenderType;)Lcom/mojang/blaze3d/vertex/VertexConsumer; to md726be1$fabric-renderer-api-v1$access$000$0 in fabric-renderer-api-v1.mixins.json:block.render.MovingBlockFeatureRendererMixin from mod fabric-renderer-api-v1
[19:03:07] [Render thread/DEBUG] (FabricLoader/Mixin) Renaming synthetic method access$100(Lnet/minecraft/client/renderer/feature/MovingBlockFeatureRenderer;Lnet/minecraft/client/renderer/rendertype/RenderType;)Lcom/mojang/blaze3d/vertex/VertexConsumer; to md726be1$fabric-renderer-api-v1$access$100$1 in fabric-renderer-api-v1.mixins.json:block.render.MovingBlockFeatureRendererMixin from mod fabric-renderer-api-v1
[19:03:07] [Render thread/DEBUG] (FabricLoader/Mixin) fabric-renderer-api-v1.mixins.json:block.render.MovingBlockFeatureRendererMixin from mod fabric-renderer-api-v1->@Inject::beforeInitBlockRenderer(Lnet/minecraft/client/renderer/feature/FeatureFrameContext;Ljava/util/List;Lorg/spongepowered/asm/mixin/injection/callback/CallbackInfo;)V doesn't use it's CallbackInfo
[19:03:07] [Render thread/DEBUG] (FabricLoader/Mixin) fabric-renderer-api-v1.mixins.json:block.render.MovingBlockFeatureRendererMixin from mod fabric-renderer-api-v1->@Inject::beforeInitBlockRenderer(Lnet/minecraft/client/renderer/feature/FeatureFrameContext;Ljava/util/List;Lorg/spongepowered/asm/mixin/injection/callback/CallbackInfo;)V has 0 override(s) in child classes
[19:03:07] [Render thread/DEBUG] (FabricLoader/Mixin) fabric-renderer-api-v1.mixins.json:block.render.MovingBlockFeatureRendererMixin from mod fabric-renderer-api-v1->@Inject::beforeInitBlockRenderer(Lnet/minecraft/client/renderer/feature/FeatureFrameContext;Ljava/util/List;Lorg/spongepowered/asm/mixin/injection/callback/CallbackInfo;)V won't be passed a CallbackInfo as a result
[19:03:07] [Render thread/DEBUG] (FabricLoader/Mixin) Mixing GuiRendererMixin from fabric-rendering-v1.mixins.json into net.minecraft.client.gui.render.GuiRenderer
[19:03:07] [Render thread/DEBUG] (FabricLoader/Mixin) Renaming synthetic method lambda$substituteSpecialElementRenderer$0(Ljava/lang/Class;)Lnet/fabricmc/fabric/impl/client/rendering/PictureInPictureRendererPool; to md726be1$fabric-rendering-v1$lambda$substituteSpecialElementRenderer$0$0 in fabric-rendering-v1.mixins.json:GuiRendererMixin from mod fabric-rendering-v1
[19:03:07] [Render thread/DEBUG] (FabricLoader/Mixin) fabric-rendering-v1.mixins.json:GuiRendererMixin from mod fabric-rendering-v1->@Inject::mutableSpecialElementRenderers(Lnet/minecraft/client/renderer/state/gui/GuiRenderState;Lnet/minecraft/client/renderer/feature/FeatureRenderDispatcher;Ljava/util/List;Lorg/spongepowered/asm/mixin/injection/callback/CallbackInfo;)V doesn't use it's CallbackInfo
[19:03:07] [Render thread/DEBUG] (FabricLoader/Mixin) fabric-rendering-v1.mixins.json:GuiRendererMixin from mod fabric-rendering-v1->@Inject::mutableSpecialElementRenderers(Lnet/minecraft/client/renderer/state/gui/GuiRenderState;Lnet/minecraft/client/renderer/feature/FeatureRenderDispatcher;Ljava/util/List;Lorg/spongepowered/asm/mixin/injection/callback/CallbackInfo;)V has 0 override(s) in child classes
[19:03:07] [Render thread/DEBUG] (FabricLoader/Mixin) fabric-rendering-v1.mixins.json:GuiRendererMixin from mod fabric-rendering-v1->@Inject::mutableSpecialElementRenderers(Lnet/minecraft/client/renderer/state/gui/GuiRenderState;Lnet/minecraft/client/renderer/feature/FeatureRenderDispatcher;Ljava/util/List;Lorg/spongepowered/asm/mixin/injection/callback/CallbackInfo;)V won't be passed a CallbackInfo as a result
[19:03:07] [Render thread/DEBUG] (FabricLoader/Mixin) fabric-rendering-v1.mixins.json:GuiRendererMixin from mod fabric-rendering-v1->@Inject::prePrepareSpecialElements(Lorg/spongepowered/asm/mixin/injection/callback/CallbackInfo;)V doesn't use it's CallbackInfo
[19:03:07] [Render thread/DEBUG] (FabricLoader/Mixin) fabric-rendering-v1.mixins.json:GuiRendererMixin from mod fabric-rendering-v1->@Inject::prePrepareSpecialElements(Lorg/spongepowered/asm/mixin/injection/callback/CallbackInfo;)V has 0 override(s) in child classes
[19:03:07] [Render thread/DEBUG] (FabricLoader/Mixin) fabric-rendering-v1.mixins.json:GuiRendererMixin from mod fabric-rendering-v1->@Inject::prePrepareSpecialElements(Lorg/spongepowered/asm/mixin/injection/callback/CallbackInfo;)V won't be passed a CallbackInfo as a result
[19:03:07] [Render thread/DEBUG] (FabricLoader/Mixin) fabric-rendering-v1.mixins.json:GuiRendererMixin from mod fabric-rendering-v1->@Inject::postPrepareSpecialElements(Lorg/spongepowered/asm/mixin/injection/callback/CallbackInfo;)V doesn't use it's CallbackInfo
[19:03:07] [Render thread/DEBUG] (FabricLoader/Mixin) fabric-rendering-v1.mixins.json:GuiRendererMixin from mod fabric-rendering-v1->@Inject::postPrepareSpecialElements(Lorg/spongepowered/asm/mixin/injection/callback/CallbackInfo;)V has 0 override(s) in child classes
[19:03:07] [Render thread/DEBUG] (FabricLoader/Mixin) fabric-rendering-v1.mixins.json:GuiRendererMixin from mod fabric-rendering-v1->@Inject::postPrepareSpecialElements(Lorg/spongepowered/asm/mixin/injection/callback/CallbackInfo;)V won't be passed a CallbackInfo as a result
[19:03:07] [Render thread/DEBUG] (FabricLoader/Mixin) fabric-rendering-v1.mixins.json:GuiRendererMixin from mod fabric-rendering-v1->@Inject::closeRendererPools(Lorg/spongepowered/asm/mixin/injection/callback/CallbackInfo;)V doesn't use it's CallbackInfo
[19:03:07] [Render thread/DEBUG] (FabricLoader/Mixin) fabric-rendering-v1.mixins.json:GuiRendererMixin from mod fabric-rendering-v1->@Inject::closeRendererPools(Lorg/spongepowered/asm/mixin/injection/callback/CallbackInfo;)V has 0 override(s) in child classes
[19:03:07] [Render thread/DEBUG] (FabricLoader/Mixin) fabric-rendering-v1.mixins.json:GuiRendererMixin from mod fabric-rendering-v1->@Inject::closeRendererPools(Lorg/spongepowered/asm/mixin/injection/callback/CallbackInfo;)V won't be passed a CallbackInfo as a result
[19:03:07] [Render thread/DEBUG] (FabricLoader/Mixin) Mixing block.particle.ScreenEffectRendererMixin from fabric-renderer-api-v1.mixins.json into net.minecraft.client.renderer.ScreenEffectRenderer
[19:03:07] [Render thread/DEBUG] (FabricLoader/Mixin) fabric-renderer-api-v1.mixins.json:block.particle.ScreenEffectRendererMixin from mod fabric-renderer-api-v1->@Inject::onReturnGetInWallBlockState(Lorg/spongepowered/asm/mixin/injection/callback/CallbackInfoReturnable;)V doesn't use it's CallbackInfoReturnable
[19:03:07] [Render thread/DEBUG] (FabricLoader/Mixin) Mixing KeyedClientResourceReloadListenerMixin from fabric-resource-loader-v1.client.mixins.json into net.minecraft.client.renderer.LevelRenderer
[19:03:07] [Render thread/DEBUG] (FabricLoader/Mixin) Mixing block.render.LevelRendererMixin from fabric-renderer-api-v1.mixins.json into net.minecraft.client.renderer.LevelRenderer
[19:03:07] [Render thread/DEBUG] (FabricLoader/Mixin) Renaming synthetic method lambda$submitBreakingBlockModelProxy$0(Lnet/minecraft/core/Direction;)Z to md726be1$fabric-renderer-api-v1$lambda$submitBreakingBlockModelProxy$0$0 in fabric-renderer-api-v1.mixins.json:block.render.LevelRendererMixin from mod fabric-renderer-api-v1
[19:03:07] [Render thread/DEBUG] (FabricLoader/Mixin) Mixing LevelRendererMixin from fabric-rendering-v1.mixins.json into net.minecraft.client.renderer.LevelRenderer
[19:03:07] [Render thread/DEBUG] (FabricLoader/Mixin) fabric-renderer-api-v1.mixins.json:block.render.LevelRendererMixin from mod fabric-renderer-api-v1->@Inject::beforeCreateRandom(Lorg/spongepowered/asm/mixin/injection/callback/CallbackInfo;)V doesn't use it's CallbackInfo
[19:03:07] [Render thread/DEBUG] (FabricLoader/Mixin) fabric-renderer-api-v1.mixins.json:block.render.LevelRendererMixin from mod fabric-renderer-api-v1->@Inject::beforeCreateRandom(Lorg/spongepowered/asm/mixin/injection/callback/CallbackInfo;)V has 0 override(s) in child classes
[19:03:07] [Render thread/DEBUG] (FabricLoader/Mixin) fabric-renderer-api-v1.mixins.json:block.render.LevelRendererMixin from mod fabric-renderer-api-v1->@Inject::beforeCreateRandom(Lorg/spongepowered/asm/mixin/injection/callback/CallbackInfo;)V won't be passed a CallbackInfo as a result
[19:03:07] [Render thread/DEBUG] (FabricLoader/Mixin) fabric-rendering-v1.mixins.json:LevelRendererMixin from mod fabric-rendering-v1->@Inject::beforeRender(Lcom/mojang/blaze3d/resource/GraphicsResourceAllocator;Lnet/minecraft/client/DeltaTracker;ZLnet/minecraft/client/renderer/state/level/CameraRenderState;Lorg/joml/Matrix4fc;Lcom/mojang/blaze3d/buffers/GpuBufferSlice;Lorg/joml/Vector4f;ZLorg/spongepowered/asm/mixin/injection/callback/CallbackInfo;)V doesn't use it's CallbackInfo
[19:03:07] [Render thread/DEBUG] (FabricLoader/Mixin) fabric-rendering-v1.mixins.json:LevelRendererMixin from mod fabric-rendering-v1->@Inject::beforeRender(Lcom/mojang/blaze3d/resource/GraphicsResourceAllocator;Lnet/minecraft/client/DeltaTracker;ZLnet/minecraft/client/renderer/state/level/CameraRenderState;Lorg/joml/Matrix4fc;Lcom/mojang/blaze3d/buffers/GpuBufferSlice;Lorg/joml/Vector4f;ZLorg/spongepowered/asm/mixin/injection/callback/CallbackInfo;)V has 0 override(s) in child classes
[19:03:07] [Render thread/DEBUG] (FabricLoader/Mixin) fabric-rendering-v1.mixins.json:LevelRendererMixin from mod fabric-rendering-v1->@Inject::beforeRender(Lcom/mojang/blaze3d/resource/GraphicsResourceAllocator;Lnet/minecraft/client/DeltaTracker;ZLnet/minecraft/client/renderer/state/level/CameraRenderState;Lorg/joml/Matrix4fc;Lcom/mojang/blaze3d/buffers/GpuBufferSlice;Lorg/joml/Vector4f;ZLorg/spongepowered/asm/mixin/injection/callback/CallbackInfo;)V won't be passed a CallbackInfo as a result
[19:03:07] [Render thread/DEBUG] (FabricLoader/Mixin) fabric-rendering-v1.mixins.json:LevelRendererMixin from mod fabric-rendering-v1->@Inject::prepareChunkRenders(Lorg/spongepowered/asm/mixin/injection/callback/CallbackInfoReturnable;)V does use it's CallbackInfoReturnable
[19:03:07] [Render thread/DEBUG] (FabricLoader/Mixin) fabric-rendering-v1.mixins.json:LevelRendererMixin from mod fabric-rendering-v1->@Inject::afterCollectSubmits(Lorg/spongepowered/asm/mixin/injection/callback/CallbackInfo;)V doesn't use it's CallbackInfo
[19:03:07] [Render thread/DEBUG] (FabricLoader/Mixin) fabric-rendering-v1.mixins.json:LevelRendererMixin from mod fabric-rendering-v1->@Inject::afterCollectSubmits(Lorg/spongepowered/asm/mixin/injection/callback/CallbackInfo;)V has 0 override(s) in child classes
[19:03:07] [Render thread/DEBUG] (FabricLoader/Mixin) fabric-rendering-v1.mixins.json:LevelRendererMixin from mod fabric-rendering-v1->@Inject::afterCollectSubmits(Lorg/spongepowered/asm/mixin/injection/callback/CallbackInfo;)V won't be passed a CallbackInfo as a result
[19:03:07] [Render thread/DEBUG] (FabricLoader/Mixin) fabric-rendering-v1.mixins.json:LevelRendererMixin from mod fabric-rendering-v1->@Inject::afterRenderSolidFeatures(Lorg/spongepowered/asm/mixin/injection/callback/CallbackInfo;)V doesn't use it's CallbackInfo
[19:03:07] [Render thread/DEBUG] (FabricLoader/Mixin) fabric-rendering-v1.mixins.json:LevelRendererMixin from mod fabric-rendering-v1->@Inject::afterRenderSolidFeatures(Lorg/spongepowered/asm/mixin/injection/callback/CallbackInfo;)V has 0 override(s) in child classes
[19:03:07] [Render thread/DEBUG] (FabricLoader/Mixin) fabric-rendering-v1.mixins.json:LevelRendererMixin from mod fabric-rendering-v1->@Inject::afterRenderSolidFeatures(Lorg/spongepowered/asm/mixin/injection/callback/CallbackInfo;)V won't be passed a CallbackInfo as a result
[19:03:07] [Render thread/DEBUG] (FabricLoader/Mixin) fabric-rendering-v1.mixins.json:LevelRendererMixin from mod fabric-rendering-v1->@Inject::afterRenderTranslucentFeatures(Lorg/spongepowered/asm/mixin/injection/callback/CallbackInfo;)V doesn't use it's CallbackInfo
[19:03:07] [Render thread/DEBUG] (FabricLoader/Mixin) fabric-rendering-v1.mixins.json:LevelRendererMixin from mod fabric-rendering-v1->@Inject::afterRenderTranslucentFeatures(Lorg/spongepowered/asm/mixin/injection/callback/CallbackInfo;)V has 0 override(s) in child classes
[19:03:07] [Render thread/DEBUG] (FabricLoader/Mixin) fabric-rendering-v1.mixins.json:LevelRendererMixin from mod fabric-rendering-v1->@Inject::afterRenderTranslucentFeatures(Lorg/spongepowered/asm/mixin/injection/callback/CallbackInfo;)V won't be passed a CallbackInfo as a result
[19:03:07] [Render thread/DEBUG] (FabricLoader/Mixin) fabric-rendering-v1.mixins.json:LevelRendererMixin from mod fabric-rendering-v1->@Inject::beforeRenderBlockOutline(Lcom/mojang/blaze3d/vertex/PoseStack;Lnet/minecraft/client/renderer/SubmitNodeCollector;Lnet/minecraft/client/renderer/state/level/LevelRenderState;Lorg/spongepowered/asm/mixin/injection/callback/CallbackInfo;)V does use it's CallbackInfo
[19:03:07] [Render thread/DEBUG] (FabricLoader/Mixin) fabric-rendering-v1.mixins.json:LevelRendererMixin from mod fabric-rendering-v1->@Inject::beforeCollectGizmos(Lorg/spongepowered/asm/mixin/injection/callback/CallbackInfo;)V doesn't use it's CallbackInfo
[19:03:07] [Render thread/DEBUG] (FabricLoader/Mixin) fabric-rendering-v1.mixins.json:LevelRendererMixin from mod fabric-rendering-v1->@Inject::beforeCollectGizmos(Lorg/spongepowered/asm/mixin/injection/callback/CallbackInfo;)V has 0 override(s) in child classes
[19:03:07] [Render thread/DEBUG] (FabricLoader/Mixin) fabric-rendering-v1.mixins.json:LevelRendererMixin from mod fabric-rendering-v1->@Inject::beforeCollectGizmos(Lorg/spongepowered/asm/mixin/injection/callback/CallbackInfo;)V won't be passed a CallbackInfo as a result
[19:03:07] [Render thread/DEBUG] (FabricLoader/Mixin) fabric-rendering-v1.mixins.json:LevelRendererMixin from mod fabric-rendering-v1->@Inject::endMainRender(Lorg/spongepowered/asm/mixin/injection/callback/CallbackInfo;)V doesn't use it's CallbackInfo
[19:03:07] [Render thread/DEBUG] (FabricLoader/Mixin) fabric-rendering-v1.mixins.json:LevelRendererMixin from mod fabric-rendering-v1->@Inject::endMainRender(Lorg/spongepowered/asm/mixin/injection/callback/CallbackInfo;)V has 0 override(s) in child classes
[19:03:07] [Render thread/DEBUG] (FabricLoader/Mixin) fabric-rendering-v1.mixins.json:LevelRendererMixin from mod fabric-rendering-v1->@Inject::endMainRender(Lorg/spongepowered/asm/mixin/injection/callback/CallbackInfo;)V won't be passed a CallbackInfo as a result
[19:03:07] [Render thread/DEBUG] (FabricLoader/Mixin) Mixing KeyedClientResourceReloadListenerMixin from fabric-resource-loader-v1.client.mixins.json into net.minecraft.client.renderer.CloudRenderer
[19:03:07] [Render thread/DEBUG] (FabricLoader/Mixin) Mixing KeyedClientResourceReloadListenerMixin from fabric-resource-loader-v1.client.mixins.json into net.minecraft.client.renderer.extract.LevelExtractor
[19:03:07] [Render thread/DEBUG] (FabricLoader/Mixin) Mixing block.render.LevelExtractorMixin from fabric-renderer-api-v1.mixins.json into net.minecraft.client.renderer.extract.LevelExtractor
[19:03:07] [Render thread/DEBUG] (FabricLoader/Mixin) Mixing LevelExtractorMixin from fabric-rendering-v1.mixins.json into net.minecraft.client.renderer.extract.LevelExtractor
[19:03:07] [Render thread/DEBUG] (FabricLoader/Mixin) fabric-rendering-v1.mixins.json:LevelExtractorMixin from mod fabric-rendering-v1->@Inject::afterBlockOutlineExtraction(Lnet/minecraft/client/Camera;Lnet/minecraft/client/renderer/state/level/LevelRenderState;Lorg/spongepowered/asm/mixin/injection/callback/CallbackInfo;)V doesn't use it's CallbackInfo
[19:03:07] [Render thread/DEBUG] (FabricLoader/Mixin) fabric-rendering-v1.mixins.json:LevelExtractorMixin from mod fabric-rendering-v1->@Inject::afterBlockOutlineExtraction(Lnet/minecraft/client/Camera;Lnet/minecraft/client/renderer/state/level/LevelRenderState;Lorg/spongepowered/asm/mixin/injection/callback/CallbackInfo;)V has 0 override(s) in child classes
[19:03:07] [Render thread/DEBUG] (FabricLoader/Mixin) fabric-rendering-v1.mixins.json:LevelExtractorMixin from mod fabric-rendering-v1->@Inject::afterBlockOutlineExtraction(Lnet/minecraft/client/Camera;Lnet/minecraft/client/renderer/state/level/LevelRenderState;Lorg/spongepowered/asm/mixin/injection/callback/CallbackInfo;)V won't be passed a CallbackInfo as a result
[19:03:07] [Render thread/DEBUG] (FabricLoader/Mixin) fabric-rendering-v1.mixins.json:LevelExtractorMixin from mod fabric-rendering-v1->@Inject::afterBlockOutlineExtraction(Lnet/minecraft/client/Camera;Lnet/minecraft/client/renderer/state/level/LevelRenderState;Lorg/spongepowered/asm/mixin/injection/callback/CallbackInfo;)V doesn't use it's CallbackInfo
[19:03:07] [Render thread/DEBUG] (FabricLoader/Mixin) fabric-rendering-v1.mixins.json:LevelExtractorMixin from mod fabric-rendering-v1->@Inject::afterBlockOutlineExtraction(Lnet/minecraft/client/Camera;Lnet/minecraft/client/renderer/state/level/LevelRenderState;Lorg/spongepowered/asm/mixin/injection/callback/CallbackInfo;)V has 0 override(s) in child classes
[19:03:07] [Render thread/DEBUG] (FabricLoader/Mixin) fabric-rendering-v1.mixins.json:LevelExtractorMixin from mod fabric-rendering-v1->@Inject::afterBlockOutlineExtraction(Lnet/minecraft/client/Camera;Lnet/minecraft/client/renderer/state/level/LevelRenderState;Lorg/spongepowered/asm/mixin/injection/callback/CallbackInfo;)V won't be passed a CallbackInfo as a result
[19:03:07] [Render thread/DEBUG] (FabricLoader/Mixin) fabric-rendering-v1.mixins.json:LevelExtractorMixin from mod fabric-rendering-v1->@Inject::afterBlockOutlineExtraction(Lnet/minecraft/client/Camera;Lnet/minecraft/client/renderer/state/level/LevelRenderState;Lorg/spongepowered/asm/mixin/injection/callback/CallbackInfo;)V doesn't use it's CallbackInfo
[19:03:07] [Render thread/DEBUG] (FabricLoader/Mixin) fabric-rendering-v1.mixins.json:LevelExtractorMixin from mod fabric-rendering-v1->@Inject::afterBlockOutlineExtraction(Lnet/minecraft/client/Camera;Lnet/minecraft/client/renderer/state/level/LevelRenderState;Lorg/spongepowered/asm/mixin/injection/callback/CallbackInfo;)V has 0 override(s) in child classes
[19:03:07] [Render thread/DEBUG] (FabricLoader/Mixin) fabric-rendering-v1.mixins.json:LevelExtractorMixin from mod fabric-rendering-v1->@Inject::afterBlockOutlineExtraction(Lnet/minecraft/client/Camera;Lnet/minecraft/client/renderer/state/level/LevelRenderState;Lorg/spongepowered/asm/mixin/injection/callback/CallbackInfo;)V won't be passed a CallbackInfo as a result
[19:03:07] [Render thread/DEBUG] (FabricLoader/Mixin) fabric-rendering-v1.mixins.json:LevelExtractorMixin from mod fabric-rendering-v1->@Inject::afterExtractLevel(Lnet/minecraft/client/DeltaTracker;Lnet/minecraft/client/Camera;FLorg/spongepowered/asm/mixin/injection/callback/CallbackInfo;)V doesn't use it's CallbackInfo
[19:03:07] [Render thread/DEBUG] (FabricLoader/Mixin) fabric-rendering-v1.mixins.json:LevelExtractorMixin from mod fabric-rendering-v1->@Inject::afterExtractLevel(Lnet/minecraft/client/DeltaTracker;Lnet/minecraft/client/Camera;FLorg/spongepowered/asm/mixin/injection/callback/CallbackInfo;)V has 0 override(s) in child classes
[19:03:07] [Render thread/DEBUG] (FabricLoader/Mixin) fabric-rendering-v1.mixins.json:LevelExtractorMixin from mod fabric-rendering-v1->@Inject::afterExtractLevel(Lnet/minecraft/client/DeltaTracker;Lnet/minecraft/client/Camera;FLorg/spongepowered/asm/mixin/injection/callback/CallbackInfo;)V won't be passed a CallbackInfo as a result
[19:03:07] [Render thread/DEBUG] (FabricLoader/Mixin) fabric-rendering-v1.mixins.json:LevelExtractorMixin from mod fabric-rendering-v1->@Inject::onReload(Lorg/spongepowered/asm/mixin/injection/callback/CallbackInfo;)V doesn't use it's CallbackInfo
[19:03:07] [Render thread/DEBUG] (FabricLoader/Mixin) fabric-rendering-v1.mixins.json:LevelExtractorMixin from mod fabric-rendering-v1->@Inject::onReload(Lorg/spongepowered/asm/mixin/injection/callback/CallbackInfo;)V has 0 override(s) in child classes
[19:03:07] [Render thread/DEBUG] (FabricLoader/Mixin) fabric-rendering-v1.mixins.json:LevelExtractorMixin from mod fabric-rendering-v1->@Inject::onReload(Lorg/spongepowered/asm/mixin/injection/callback/CallbackInfo;)V won't be passed a CallbackInfo as a result
[19:03:07] [Render thread/DEBUG] (FabricLoader/Mixin) Mixing DebugRendererMixin from fabric-debug-api-v1.client.mixins.json into net.minecraft.client.renderer.debug.DebugRenderer
[19:03:07] [Render thread/DEBUG] (FabricLoader/Mixin) fabric-debug-api-v1.client.mixins.json:DebugRendererMixin from mod fabric-debug-api-v1->@Inject::registerRenderers(Lorg/spongepowered/asm/mixin/injection/callback/CallbackInfo;)V doesn't use it's CallbackInfo
[19:03:07] [Render thread/DEBUG] (FabricLoader/Mixin) fabric-debug-api-v1.client.mixins.json:DebugRendererMixin from mod fabric-debug-api-v1->@Inject::registerRenderers(Lorg/spongepowered/asm/mixin/injection/callback/CallbackInfo;)V has 0 override(s) in child classes
[19:03:07] [Render thread/DEBUG] (FabricLoader/Mixin) fabric-debug-api-v1.client.mixins.json:DebugRendererMixin from mod fabric-debug-api-v1->@Inject::registerRenderers(Lorg/spongepowered/asm/mixin/injection/callback/CallbackInfo;)V won't be passed a CallbackInfo as a result
[19:03:07] [Render thread/DEBUG] (FabricLoader/Mixin) Mixing KeyedClientResourceReloadListenerMixin from fabric-resource-loader-v1.client.mixins.json into net.minecraft.client.renderer.GpuWarnlistManager
[19:03:07] [Render thread/DEBUG] (FabricLoader/Mixin) Mixing GuiMixin from fabric-screen-api-v1.mixins.json into net.minecraft.client.gui.Gui
[19:03:07] [Render thread/DEBUG] (FabricLoader/Mixin) Renaming @Unique field LOGGERLorg/slf4j/Logger; to fd726be1$fabric-screen-api-v1$LOGGER$0 in fabric-screen-api-v1.mixins.json:GuiMixin from mod fabric-screen-api-v1
[19:03:07] [Render thread/DEBUG] (FabricLoader/Mixin) fabric-screen-api-v1.mixins.json:GuiMixin from mod fabric-screen-api-v1->@Inject::checkThreadOnDev(Lnet/minecraft/client/gui/screens/Screen;Lorg/spongepowered/asm/mixin/injection/callback/CallbackInfo;)V doesn't use it's CallbackInfo
[19:03:07] [Render thread/DEBUG] (FabricLoader/Mixin) fabric-screen-api-v1.mixins.json:GuiMixin from mod fabric-screen-api-v1->@Inject::checkThreadOnDev(Lnet/minecraft/client/gui/screens/Screen;Lorg/spongepowered/asm/mixin/injection/callback/CallbackInfo;)V has 0 override(s) in child classes
[19:03:07] [Render thread/DEBUG] (FabricLoader/Mixin) fabric-screen-api-v1.mixins.json:GuiMixin from mod fabric-screen-api-v1->@Inject::checkThreadOnDev(Lnet/minecraft/client/gui/screens/Screen;Lorg/spongepowered/asm/mixin/injection/callback/CallbackInfo;)V won't be passed a CallbackInfo as a result
[19:03:07] [Render thread/DEBUG] (FabricLoader/Mixin) fabric-screen-api-v1.mixins.json:GuiMixin from mod fabric-screen-api-v1->@Inject::onScreenRemove(Lnet/minecraft/client/gui/screens/Screen;Lorg/spongepowered/asm/mixin/injection/callback/CallbackInfo;)V doesn't use it's CallbackInfo
[19:03:07] [Render thread/DEBUG] (FabricLoader/Mixin) fabric-screen-api-v1.mixins.json:GuiMixin from mod fabric-screen-api-v1->@Inject::onScreenRemove(Lnet/minecraft/client/gui/screens/Screen;Lorg/spongepowered/asm/mixin/injection/callback/CallbackInfo;)V has 0 override(s) in child classes
[19:03:07] [Render thread/DEBUG] (FabricLoader/Mixin) fabric-screen-api-v1.mixins.json:GuiMixin from mod fabric-screen-api-v1->@Inject::onScreenRemove(Lnet/minecraft/client/gui/screens/Screen;Lorg/spongepowered/asm/mixin/injection/callback/CallbackInfo;)V won't be passed a CallbackInfo as a result
[19:03:07] [Render thread/DEBUG] (FabricLoader/Mixin) fabric-screen-api-v1.mixins.json:GuiMixin from mod fabric-screen-api-v1->@Inject::beforeScreenTick(Lorg/spongepowered/asm/mixin/injection/callback/CallbackInfo;)V doesn't use it's CallbackInfo
[19:03:07] [Render thread/DEBUG] (FabricLoader/Mixin) fabric-screen-api-v1.mixins.json:GuiMixin from mod fabric-screen-api-v1->@Inject::beforeScreenTick(Lorg/spongepowered/asm/mixin/injection/callback/CallbackInfo;)V has 0 override(s) in child classes
[19:03:07] [Render thread/DEBUG] (FabricLoader/Mixin) fabric-screen-api-v1.mixins.json:GuiMixin from mod fabric-screen-api-v1->@Inject::beforeScreenTick(Lorg/spongepowered/asm/mixin/injection/callback/CallbackInfo;)V won't be passed a CallbackInfo as a result
[19:03:07] [Render thread/DEBUG] (FabricLoader/Mixin) fabric-screen-api-v1.mixins.json:GuiMixin from mod fabric-screen-api-v1->@Inject::afterScreenTick(Lorg/spongepowered/asm/mixin/injection/callback/CallbackInfo;)V doesn't use it's CallbackInfo
[19:03:07] [Render thread/DEBUG] (FabricLoader/Mixin) fabric-screen-api-v1.mixins.json:GuiMixin from mod fabric-screen-api-v1->@Inject::afterScreenTick(Lorg/spongepowered/asm/mixin/injection/callback/CallbackInfo;)V has 0 override(s) in child classes
[19:03:07] [Render thread/DEBUG] (FabricLoader/Mixin) fabric-screen-api-v1.mixins.json:GuiMixin from mod fabric-screen-api-v1->@Inject::afterScreenTick(Lorg/spongepowered/asm/mixin/injection/callback/CallbackInfo;)V won't be passed a CallbackInfo as a result
[19:03:07] [Render thread/DEBUG] (FabricLoader/Mixin) Mixing advancement.AdvancementsScreenMixin from fabric-rendering-v1.mixins.json into net.minecraft.client.gui.screens.advancements.AdvancementsScreen
[19:03:07] [Render thread/DEBUG] (FabricLoader/Mixin) Renaming synthetic method lambda$wrapDrawIcon$0(Lcom/llamalad7/mixinextras/injector/wrapoperation/Operation;Lnet/minecraft/client/gui/screens/advancements/AdvancementTab;Lnet/minecraft/client/gui/GuiGraphicsExtractor;II)Ljava/lang/Void; to md726be1$fabric-rendering-v1$lambda$wrapDrawIcon$0$0 in fabric-rendering-v1.mixins.json:advancement.AdvancementsScreenMixin from mod fabric-rendering-v1
[19:03:07] [Render thread/DEBUG] (FabricLoader/Mixin) Mixing HudAccessor from fabric-rendering-v1.mixins.json into net.minecraft.client.gui.Hud
[19:03:07] [Render thread/DEBUG] (FabricLoader/Mixin) Mixing HudMixin from fabric-rendering-v1.mixins.json into net.minecraft.client.gui.Hud
[19:03:07] [Render thread/DEBUG] (FabricLoader/Mixin) Renaming synthetic method lambda$wrapPlayerList$0(Lcom/llamalad7/mixinextras/injector/wrapoperation/Operation;Lnet/minecraft/client/gui/Hud;Lnet/minecraft/client/gui/GuiGraphicsExtractor;Lnet/minecraft/client/DeltaTracker;)V to md726be1$fabric-rendering-v1$lambda$wrapPlayerList$0$0 in fabric-rendering-v1.mixins.json:HudMixin from mod fabric-rendering-v1
[19:03:07] [Render thread/DEBUG] (FabricLoader/Mixin) Renaming synthetic method lambda$wrapChat$0(Lcom/llamalad7/mixinextras/injector/wrapoperation/Operation;Lnet/minecraft/client/gui/Hud;Lnet/minecraft/client/gui/GuiGraphicsExtractor;Lnet/minecraft/client/DeltaTracker;)V to md726be1$fabric-rendering-v1$lambda$wrapChat$0$1 in fabric-rendering-v1.mixins.json:HudMixin from mod fabric-rendering-v1
[19:03:07] [Render thread/DEBUG] (FabricLoader/Mixin) Renaming synthetic method lambda$wrapTitleAndSubtitle$0(Lcom/llamalad7/mixinextras/injector/wrapoperation/Operation;Lnet/minecraft/client/gui/Hud;Lnet/minecraft/client/gui/GuiGraphicsExtractor;Lnet/minecraft/client/DeltaTracker;)V to md726be1$fabric-rendering-v1$lambda$wrapTitleAndSubtitle$0$2 in fabric-rendering-v1.mixins.json:HudMixin from mod fabric-rendering-v1
[19:03:07] [Render thread/DEBUG] (FabricLoader/Mixin) Renaming synthetic method lambda$wrapOverlayMessage$0(Lcom/llamalad7/mixinextras/injector/wrapoperation/Operation;Lnet/minecraft/client/gui/Hud;Lnet/minecraft/client/gui/GuiGraphicsExtractor;Lnet/minecraft/client/DeltaTracker;)V to md726be1$fabric-rendering-v1$lambda$wrapOverlayMessage$0$3 in fabric-rendering-v1.mixins.json:HudMixin from mod fabric-rendering-v1
[19:03:07] [Render thread/DEBUG] (FabricLoader/Mixin) Renaming synthetic method lambda$wrapScoreboardSidebar$0(Lcom/llamalad7/mixinextras/injector/wrapoperation/Operation;Lnet/minecraft/client/gui/Hud;Lnet/minecraft/client/gui/GuiGraphicsExtractor;Lnet/minecraft/client/DeltaTracker;)V to md726be1$fabric-rendering-v1$lambda$wrapScoreboardSidebar$0$4 in fabric-rendering-v1.mixins.json:HudMixin from mod fabric-rendering-v1
[19:03:07] [Render thread/DEBUG] (FabricLoader/Mixin) Renaming synthetic method lambda$wrapDemoTimer$0(Lcom/llamalad7/mixinextras/injector/wrapoperation/Operation;Lnet/minecraft/client/gui/Hud;Lnet/minecraft/client/gui/GuiGraphicsExtractor;Lnet/minecraft/client/DeltaTracker;)V to md726be1$fabric-rendering-v1$lambda$wrapDemoTimer$0$5 in fabric-rendering-v1.mixins.json:HudMixin from mod fabric-rendering-v1
[19:03:07] [Render thread/DEBUG] (FabricLoader/Mixin) Renaming synthetic method lambda$wrapSleepOverlay$0(Lcom/llamalad7/mixinextras/injector/wrapoperation/Operation;Lnet/minecraft/client/gui/Hud;Lnet/minecraft/client/gui/GuiGraphicsExtractor;Lnet/minecraft/client/DeltaTracker;)V to md726be1$fabric-rendering-v1$lambda$wrapSleepOverlay$0$6 in fabric-rendering-v1.mixins.json:HudMixin from mod fabric-rendering-v1
[19:03:07] [Render thread/DEBUG] (FabricLoader/Mixin) Renaming synthetic method lambda$wrapBossHealthOverlay$0(Lcom/llamalad7/mixinextras/injector/wrapoperation/Operation;Lnet/minecraft/client/gui/Hud;Lnet/minecraft/client/gui/GuiGraphicsExtractor;Lnet/minecraft/client/DeltaTracker;)V to md726be1$fabric-rendering-v1$lambda$wrapBossHealthOverlay$0$7 in fabric-rendering-v1.mixins.json:HudMixin from mod fabric-rendering-v1
[19:03:07] [Render thread/DEBUG] (FabricLoader/Mixin) Renaming synthetic method lambda$wrapMobEffectOverlay$0(Lcom/llamalad7/mixinextras/injector/wrapoperation/Operation;Lnet/minecraft/client/gui/Hud;Lnet/minecraft/client/gui/GuiGraphicsExtractor;Lnet/minecraft/client/DeltaTracker;)V to md726be1$fabric-rendering-v1$lambda$wrapMobEffectOverlay$0$8 in fabric-rendering-v1.mixins.json:HudMixin from mod fabric-rendering-v1
[19:03:07] [Render thread/DEBUG] (FabricLoader/Mixin) Renaming synthetic method lambda$wrapExtractSpectatorGui$0(Lcom/llamalad7/mixinextras/injector/wrapoperation/Operation;Lnet/minecraft/client/gui/components/spectator/SpectatorGui;Lnet/minecraft/client/gui/GuiGraphicsExtractor;Lnet/minecraft/client/DeltaTracker;)V to md726be1$fabric-rendering-v1$lambda$wrapExtractSpectatorGui$0$9 in fabric-rendering-v1.mixins.json:HudMixin from mod fabric-rendering-v1
[19:03:07] [Render thread/DEBUG] (FabricLoader/Mixin) Renaming synthetic method lambda$wrapHeldItemTooltip$0(Lcom/llamalad7/mixinextras/injector/wrapoperation/Operation;Lnet/minecraft/client/gui/Hud;Lnet/minecraft/client/gui/GuiGraphicsExtractor;Lnet/minecraft/client/DeltaTracker;)V to md726be1$fabric-rendering-v1$lambda$wrapHeldItemTooltip$0$a in fabric-rendering-v1.mixins.json:HudMixin from mod fabric-rendering-v1
[19:03:07] [Render thread/DEBUG] (FabricLoader/Mixin) Renaming synthetic method lambda$wrapExperienceLevel$0(Lcom/llamalad7/mixinextras/injector/wrapoperation/Operation;Lnet/minecraft/client/gui/Font;ILnet/minecraft/client/gui/GuiGraphicsExtractor;Lnet/minecraft/client/DeltaTracker;)V to md726be1$fabric-rendering-v1$lambda$wrapExperienceLevel$0$b in fabric-rendering-v1.mixins.json:HudMixin from mod fabric-rendering-v1
[19:03:07] [Render thread/DEBUG] (FabricLoader/Mixin) Renaming synthetic method lambda$wrapExtractInfoBar$0(Lcom/llamalad7/mixinextras/injector/wrapoperation/Operation;Lnet/minecraft/client/gui/contextualbar/ContextualBar;Lnet/minecraft/client/gui/GuiGraphicsExtractor;Lnet/minecraft/client/DeltaTracker;)V to md726be1$fabric-rendering-v1$lambda$wrapExtractInfoBar$0$c in fabric-rendering-v1.mixins.json:HudMixin from mod fabric-rendering-v1
[19:03:07] [Render thread/DEBUG] (FabricLoader/Mixin) Renaming synthetic method lambda$wrapMountHealth$0(Lcom/llamalad7/mixinextras/injector/wrapoperation/Operation;Lnet/minecraft/client/gui/Hud;Lnet/minecraft/client/gui/GuiGraphicsExtractor;Lnet/minecraft/client/DeltaTracker;)V to md726be1$fabric-rendering-v1$lambda$wrapMountHealth$0$d in fabric-rendering-v1.mixins.json:HudMixin from mod fabric-rendering-v1
[19:03:07] [Render thread/DEBUG] (FabricLoader/Mixin) Renaming synthetic method lambda$wrapAirBar$0(Lcom/llamalad7/mixinextras/injector/wrapoperation/Operation;Lnet/minecraft/client/gui/Hud;Lnet/minecraft/world/entity/player/Player;IIILnet/minecraft/client/gui/GuiGraphicsExtractor;Lnet/minecraft/client/DeltaTracker;)V to md726be1$fabric-rendering-v1$lambda$wrapAirBar$0$e in fabric-rendering-v1.mixins.json:HudMixin from mod fabric-rendering-v1
[19:03:07] [Render thread/DEBUG] (FabricLoader/Mixin) Renaming synthetic method lambda$wrapFoodBar$0(Lcom/llamalad7/mixinextras/injector/wrapoperation/Operation;Lnet/minecraft/client/gui/Hud;Lnet/minecraft/world/entity/player/Player;IILnet/minecraft/client/gui/GuiGraphicsExtractor;Lnet/minecraft/client/DeltaTracker;)V to md726be1$fabric-rendering-v1$lambda$wrapFoodBar$0$f in fabric-rendering-v1.mixins.json:HudMixin from mod fabric-rendering-v1
[19:03:07] [Render thread/DEBUG] (FabricLoader/Mixin) Renaming synthetic method lambda$wrapHealthBar$0(Lcom/llamalad7/mixinextras/injector/wrapoperation/Operation;Lnet/minecraft/client/gui/Hud;Lnet/minecraft/world/entity/player/Player;IIIIFIIIZLnet/minecraft/client/gui/GuiGraphicsExtractor;Lnet/minecraft/client/DeltaTracker;)V to md726be1$fabric-rendering-v1$lambda$wrapHealthBar$0$10 in fabric-rendering-v1.mixins.json:HudMixin from mod fabric-rendering-v1
[19:03:07] [Render thread/DEBUG] (FabricLoader/Mixin) Renaming synthetic method lambda$wrapArmorBar$0(Lcom/llamalad7/mixinextras/injector/wrapoperation/Operation;Lnet/minecraft/world/entity/player/Player;IIIILnet/minecraft/client/gui/GuiGraphicsExtractor;Lnet/minecraft/client/DeltaTracker;)V to md726be1$fabric-rendering-v1$lambda$wrapArmorBar$0$11 in fabric-rendering-v1.mixins.json:HudMixin from mod fabric-rendering-v1
[19:03:07] [Render thread/DEBUG] (FabricLoader/Mixin) Renaming synthetic method lambda$wrapHotbar$0(Lcom/llamalad7/mixinextras/injector/wrapoperation/Operation;Lnet/minecraft/client/gui/Hud;Lnet/minecraft/client/gui/GuiGraphicsExtractor;Lnet/minecraft/client/DeltaTracker;)V to md726be1$fabric-rendering-v1$lambda$wrapHotbar$0$12 in fabric-rendering-v1.mixins.json:HudMixin from mod fabric-rendering-v1
[19:03:07] [Render thread/DEBUG] (FabricLoader/Mixin) Renaming synthetic method lambda$wrapSpectatorMenu$0(Lcom/llamalad7/mixinextras/injector/wrapoperation/Operation;Lnet/minecraft/client/gui/components/spectator/SpectatorGui;Lnet/minecraft/client/gui/GuiGraphicsExtractor;Lnet/minecraft/client/DeltaTracker;)V to md726be1$fabric-rendering-v1$lambda$wrapSpectatorMenu$0$13 in fabric-rendering-v1.mixins.json:HudMixin from mod fabric-rendering-v1
[19:03:07] [Render thread/DEBUG] (FabricLoader/Mixin) Renaming synthetic method lambda$wrapCrosshair$0(Lcom/llamalad7/mixinextras/injector/wrapoperation/Operation;Lnet/minecraft/client/gui/Hud;Lnet/minecraft/client/gui/GuiGraphicsExtractor;Lnet/minecraft/client/DeltaTracker;)V to md726be1$fabric-rendering-v1$lambda$wrapCrosshair$0$14 in fabric-rendering-v1.mixins.json:HudMixin from mod fabric-rendering-v1
[19:03:07] [Render thread/DEBUG] (FabricLoader/Mixin) Renaming synthetic method lambda$wrapMiscOverlays$0(Lcom/llamalad7/mixinextras/injector/wrapoperation/Operation;Lnet/minecraft/client/gui/Hud;Lnet/minecraft/client/gui/GuiGraphicsExtractor;Lnet/minecraft/client/DeltaTracker;)V to md726be1$fabric-rendering-v1$lambda$wrapMiscOverlays$0$15 in fabric-rendering-v1.mixins.json:HudMixin from mod fabric-rendering-v1
[19:03:07] [Render thread/DEBUG] (FabricLoader/Mixin) Mixing HudMixin from fabric-content-registries-v0.client.mixins.json into net.minecraft.client.gui.Hud
[19:03:07] [Render thread/DEBUG] (FabricLoader/Mixin) Mixing KeyedClientResourceReloadListenerMixin from fabric-resource-loader-v1.client.mixins.json into net.minecraft.client.resources.WaypointStyleManager
[19:03:07] [Render thread/DEBUG] (FabricLoader/Mixin) Mixing SubtitleOverlayMixin from fabric-rendering-v1.mixins.json into net.minecraft.client.gui.components.SubtitleOverlay
[19:03:07] [Render thread/DEBUG] (FabricLoader/Mixin) Renaming synthetic method lambda$wrapExtractRenderState$0(Lcom/llamalad7/mixinextras/injector/wrapoperation/Operation;Lnet/minecraft/client/gui/GuiGraphicsExtractor;Lnet/minecraft/client/DeltaTracker;)V to md726be1$fabric-rendering-v1$lambda$wrapExtractRenderState$0$0 in fabric-rendering-v1.mixins.json:SubtitleOverlayMixin from mod fabric-rendering-v1
[19:03:07] [Render thread/DEBUG] (FabricLoader/Mixin) Mixing KeyedClientResourceReloadListenerMixin from fabric-resource-loader-v1.client.mixins.json into net.minecraft.client.resources.SplashManager
[19:03:07] [Render thread/DEBUG] (FabricLoader/Mixin) Mixing ChatListenerMixin from fabric-message-api-v1.client.mixins.json into net.minecraft.client.multiplayer.chat.ChatListener
[19:03:07] [Render thread/DEBUG] (FabricLoader/Mixin) fabric-message-api-v1.client.mixins.json:ChatListenerMixin from mod fabric-message-api-v1->@Inject::fabric_onSignedChatMessage(Lnet/minecraft/network/chat/ChatType$Bound;Lnet/minecraft/network/chat/PlayerChatMessage;Lnet/minecraft/network/chat/Component;Lcom/mojang/authlib/GameProfile;ZLjava/time/Instant;Lorg/spongepowered/asm/mixin/injection/callback/CallbackInfoReturnable;)V does use it's CallbackInfoReturnable
[19:03:07] [Render thread/DEBUG] (FabricLoader/Mixin) fabric-message-api-v1.client.mixins.json:ChatListenerMixin from mod fabric-message-api-v1->@Inject::fabric_onFilteredSignedChatMessage(Lnet/minecraft/network/chat/ChatType$Bound;Lnet/minecraft/network/chat/PlayerChatMessage;Lnet/minecraft/network/chat/Component;Lcom/mojang/authlib/GameProfile;ZLjava/time/Instant;Lorg/spongepowered/asm/mixin/injection/callback/CallbackInfoReturnable;)V does use it's CallbackInfoReturnable
[19:03:07] [Render thread/DEBUG] (FabricLoader/Mixin) fabric-message-api-v1.client.mixins.json:ChatListenerMixin from mod fabric-message-api-v1->@Inject::fabric_onProfilelessChatMessage(Lnet/minecraft/network/chat/ChatType$Bound;Lnet/minecraft/network/chat/Component;Ljava/time/Instant;Lorg/spongepowered/asm/mixin/injection/callback/CallbackInfoReturnable;)V does use it's CallbackInfoReturnable
[19:03:07] [Render thread/DEBUG] (FabricLoader/Mixin) fabric-message-api-v1.client.mixins.json:ChatListenerMixin from mod fabric-message-api-v1->@Inject::fabric_allowSystemMessage(Lnet/minecraft/network/chat/Component;ZLorg/spongepowered/asm/mixin/injection/callback/CallbackInfo;)V does use it's CallbackInfo
[19:03:07] [Render thread/DEBUG] (FabricLoader/Mixin) fabric-message-api-v1.client.mixins.json:ChatListenerMixin from mod fabric-message-api-v1->@Inject::fabric_allowOverlayMessage(Lnet/minecraft/network/chat/Component;Lorg/spongepowered/asm/mixin/injection/callback/CallbackInfo;)V does use it's CallbackInfo
[19:03:07] [Render thread/DEBUG] (FabricLoader/Mixin) Mixing ResourceMixin from fabric-resource-loader-v1.mixins.json into net.minecraft.server.packs.resources.Resource
[19:03:07] [Render thread/DEBUG] (FabricLoader/Mixin) Mixing CreateWorldScreenMixin from fabric-resource-loader-v1.client.mixins.json into net.minecraft.client.gui.screens.worldselection.CreateWorldScreen
[19:03:07] [Render thread/DEBUG] (FabricLoader/Mixin) Mixing CreateWorldScreenAccessor from mixins-client.bingo.json into net.minecraft.client.gui.screens.worldselection.CreateWorldScreen
[19:03:07] [Render thread/DEBUG] (FabricLoader/Mixin) fabric-resource-loader-v1.client.mixins.json:CreateWorldScreenMixin from mod fabric-resource-loader-v1->@Inject::onScanPacks(Lorg/spongepowered/asm/mixin/injection/callback/CallbackInfoReturnable;)V doesn't use it's CallbackInfoReturnable
[19:03:07] [Render thread/DEBUG] (FabricLoader/Mixin) fabric-resource-loader-v1.client.mixins.json:CreateWorldScreenMixin from mod fabric-resource-loader-v1->@Inject::onScanPacks(Lorg/spongepowered/asm/mixin/injection/callback/CallbackInfoReturnable;)V has 0 override(s) in child classes
[19:03:07] [Render thread/DEBUG] (FabricLoader/Mixin) fabric-resource-loader-v1.client.mixins.json:CreateWorldScreenMixin from mod fabric-resource-loader-v1->@Inject::onScanPacks(Lorg/spongepowered/asm/mixin/injection/callback/CallbackInfoReturnable;)V won't be passed a CallbackInfoReturnable as a result
[19:03:07] [Render thread/DEBUG] (bingo) init screen [GenericMessageScreen]: null isApplyingLobbyDataPack=false
[19:03:07] [Render thread/INFO] (net.minecraft.server.packs.resources.ReloadableResourceManager) Reloading ResourceManager: vanilla, fabric-api, fabric-api-base, fabric-api-lookup-api-v1, fabric-biome-api-v1, fabric-block-api-v1, fabric-block-getter-api-v2, fabric-client-gametest-api-v1, fabric-command-api-v2, fabric-content-registries-v0, fabric-convention-tags-v2, fabric-crash-report-info-v1, fabric-creative-tab-api-v1, fabric-data-attachment-api-v1, fabric-data-generation-api-v1, fabric-debug-api-v1, fabric-dimensions-v1, fabric-entity-events-v1, fabric-events-interaction-v0, fabric-game-rule-api-v1, fabric-gametest-api-v1, fabric-item-api-v1, fabric-key-mapping-api-v1, fabric-language-kotlin, fabric-lifecycle-events-v1, fabric-loot-api-v3, fabric-menu-api-v1, fabric-message-api-v1, fabric-model-loading-api-v1, fabric-networking-api-v1, fabric-object-builder-api-v1, fabric-particles-v1, fabric-permission-api-v1, fabric-recipe-api-v1, fabric-registry-sync-v0, fabric-renderer-api-v1, fabric-renderer-indigo, fabric-rendering-fluids-v1, fabric-rendering-v1, fabric-resource-conditions-api-v1, fabric-resource-loader-v0, fabric-resource-loader-v1, fabric-screen-api-v1, fabric-serialization-api-v1, fabric-sound-api-v1, fabric-tag-api-v1, fabric-transfer-api-v1, fabric-transitive-access-wideners-v1, fabricloader, yabranked-client, yet-another-minecraft-bingo
[19:03:07] [Render thread/DEBUG] (FabricLoader/Mixin) Mixing SimpleReloadInstanceMixin from fabric-resource-loader-v1.mixins.json into net.minecraft.server.packs.resources.SimpleReloadInstance
[19:03:07] [Render thread/DEBUG] (FabricLoader/Mixin) Mixing sprite.SpriteLoaderPreparationsMixin from fabric-renderer-api-v1.mixins.json into net.minecraft.client.renderer.texture.SpriteLoader$Preparations
[19:03:08] [Render thread/DEBUG] (FabricLoader/Mixin) Mixing RegistryAccessImmutableRegistryAccessMixin from fabric-dimensions-v1.mixins.json into net.minecraft.core.RegistryAccess$ImmutableRegistryAccess
[19:03:08] [Render thread/DEBUG] (FabricLoader/Mixin) Mixing modification.RegistryAccessImmutableRegistryAccessMixin from fabric-biome-api-v1.mixins.json into net.minecraft.core.RegistryAccess$ImmutableRegistryAccess
[19:03:08] [Worker-Main-18/INFO] (net.minecraft.client.gui.font.providers.UnihexProvider) Found unifont_all_no_pua-17.0.01.hex, loading
[19:03:08] [Worker-Main-3/INFO] (net.minecraft.client.gui.font.providers.UnihexProvider) Found unifont_pua-17.0.01.hex, loading
[19:03:08] [Render thread/DEBUG] (com.mojang.blaze3d.platform.MonitorManager) Selecting monitor - primary: 140572453232160, current monitors: {140572453244432=eDP-1-1[0x00007FD993240E10](1920x1080@144 (24bit) at (0,0)), 140572453232160=HDMI-0[0x00007FD99323DE20](1920x1080@60 (24bit) at (1920,0))}
[19:03:08] [Render thread/DEBUG] (com.mojang.blaze3d.platform.MonitorManager) Selected monitor: HDMI-0[0x00007FD99323DE20](1920x1080@60 (24bit) at (1920,0))
[19:03:08] [Render thread/DEBUG] (bingo) init screen [GenericMessageScreen]: null isApplyingLobbyDataPack=false
[19:03:08] [Worker-Main-12/DEBUG] (FabricLoader/Mixin) Mixing LayerDefinitionsMixin from fabric-rendering-v1.mixins.json into net.minecraft.client.model.geom.LayerDefinitions
[19:03:08] [Worker-Main-12/DEBUG] (FabricLoader/Mixin) fabric-rendering-v1.mixins.json:LayerDefinitionsMixin from mod fabric-rendering-v1->@Inject::registerExtraModelData(Lorg/spongepowered/asm/mixin/injection/callback/CallbackInfoReturnable;)V doesn't use it's CallbackInfoReturnable
[19:03:08] [Worker-Main-12/DEBUG] (FabricLoader/Mixin) Mixing renderstate.RenderStateMixin from fabric-rendering-v1.mixins.json into net.minecraft.client.renderer.entity.state.EntityRenderState
[19:03:08] [Render thread/DEBUG] (FabricLoader/Mixin) Mixing StagedVertexBufferDrawAccessor from fabric-rendering-v1.mixins.json into net.minecraft.client.renderer.StagedVertexBuffer$Draw
[19:03:08] [Render thread/DEBUG] (FabricLoader/Mixin) Mixing GuiRendererDrawAccessor from fabric-rendering-v1.mixins.json into net.minecraft.client.gui.render.GuiRenderer$Draw
[19:03:08] [Render thread/DEBUG] (com.mojang.blaze3d.systems.RenderSystem) Growing IndexBuffer: Old limit 0, new limit 60.
[19:03:08] [Worker-Main-2/DEBUG] (FabricLoader/Mixin) Mixing ModelLayersAccessor from fabric-rendering-v1.mixins.json into net.minecraft.client.model.geom.ModelLayers
[19:03:08] [Worker-Main-2/DEBUG] (FabricLoader/Mixin) Renaming @Accessor method getLayers()Ljava/util/Set; to getLayers$fabric-rendering-v1_$md$726be1$0 in fabric-rendering-v1.mixins.json:ModelLayersAccessor from mod fabric-rendering-v1
[19:03:08] [Render thread/DEBUG] (bingo) init screen [GenericMessageScreen]: null isApplyingLobbyDataPack=false
[19:03:08] [Render thread/DEBUG] (bingo) init screen [GenericMessageScreen]: null isApplyingLobbyDataPack=false
[19:03:08] [Worker-Main-16/DEBUG] (FabricLoader/Mixin) Mixing CuboidModelAccessor from fabric-model-loading-api-v1.mixins.json into net.minecraft.client.resources.model.cuboid.CuboidModel
[19:03:08] [Worker-Main-16/DEBUG] (FabricLoader/Mixin) Mixing CuboidModelMixin from fabric-model-loading-api-v1.mixins.json into net.minecraft.client.resources.model.cuboid.CuboidModel
[19:03:08] [Worker-Main-10/INFO] (net.minecraft.client.gui.font.providers.UnihexProvider) Found unifont_jp_patch-17.0.01.hex, loading
[19:03:08] [Worker-Main-11/DEBUG] (FabricLoader/Mixin) Mixing block.model.MultiPartModelMixin from fabric-renderer-api-v1.mixins.json into net.minecraft.client.renderer.block.dispatch.multipart.MultiPartModel
[19:03:08] [Worker-Main-16/DEBUG] (FabricLoader/Mixin) Mixing block.model.WeightedVariantsMixin from fabric-renderer-api-v1.mixins.json into net.minecraft.client.renderer.block.dispatch.WeightedVariants
[19:03:08] [Worker-Main-11/DEBUG] (FabricLoader/Mixin) Mixing ModelBakeryMixin from fabric-model-loading-api-v1.mixins.json into net.minecraft.client.resources.model.ModelBakery
[19:03:08] [Worker-Main-11/DEBUG] (FabricLoader/Mixin) Renaming synthetic method lambda$withExtraModels$1(Lnet/minecraft/client/resources/model/ModelBakery$BakingResult;Ljava/util/Map;)Lnet/minecraft/client/resources/model/ModelBakery$BakingResult; to md726be1$fabric-model-loading-api-v1$lambda$withExtraModels$1$0 in fabric-model-loading-api-v1.mixins.json:ModelBakeryMixin from mod fabric-model-loading-api-v1
[19:03:08] [Worker-Main-11/DEBUG] (FabricLoader/Mixin) Renaming synthetic method lambda$withExtraModels$0(Lnet/minecraft/client/resources/model/ModelBakery$ModelBakerImpl;Lnet/fabricmc/fabric/api/client/model/loading/v1/ExtraModelKey;Lnet/fabricmc/fabric/api/client/model/loading/v1/UnbakedExtraModel;)Ljava/lang/Object; to md726be1$fabric-model-loading-api-v1$lambda$withExtraModels$0$1 in fabric-model-loading-api-v1.mixins.json:ModelBakeryMixin from mod fabric-model-loading-api-v1
[19:03:08] [Worker-Main-11/DEBUG] (FabricLoader/Mixin) Renaming synthetic method lambda$hookBlockModelBake$0(Ljava/util/function/BiFunction;Lnet/minecraft/world/level/block/state/BlockState;Lnet/minecraft/client/renderer/block/dispatch/BlockStateModel$UnbakedRoot;)Lnet/minecraft/client/renderer/block/dispatch/BlockStateModel; to md726be1$fabric-model-loading-api-v1$lambda$hookBlockModelBake$0$2 in fabric-model-loading-api-v1.mixins.json:ModelBakeryMixin from mod fabric-model-loading-api-v1
[19:03:08] [Worker-Main-11/DEBUG] (FabricLoader/Mixin) fabric-model-loading-api-v1.mixins.json:ModelBakeryMixin from mod fabric-model-loading-api-v1->@Inject::onReturnInit(Lorg/spongepowered/asm/mixin/injection/callback/CallbackInfo;)V doesn't use it's CallbackInfo
[19:03:08] [Worker-Main-11/DEBUG] (FabricLoader/Mixin) fabric-model-loading-api-v1.mixins.json:ModelBakeryMixin from mod fabric-model-loading-api-v1->@Inject::onReturnInit(Lorg/spongepowered/asm/mixin/injection/callback/CallbackInfo;)V has 0 override(s) in child classes
[19:03:08] [Worker-Main-11/DEBUG] (FabricLoader/Mixin) fabric-model-loading-api-v1.mixins.json:ModelBakeryMixin from mod fabric-model-loading-api-v1->@Inject::onReturnInit(Lorg/spongepowered/asm/mixin/injection/callback/CallbackInfo;)V won't be passed a CallbackInfo as a result
[19:03:08] [Worker-Main-11/DEBUG] (FabricLoader/Mixin) Mixing block.model.BlockStateModelPartMixin from fabric-renderer-api-v1.mixins.json into net.minecraft.client.renderer.block.dispatch.BlockStateModelPart
[19:03:08] [Worker-Main-11/DEBUG] (FabricLoader/Mixin) Mixing block.model.SimpleModelWrapperMixin from fabric-renderer-api-v1.mixins.json into net.minecraft.client.resources.model.SimpleModelWrapper
[19:03:08] [Worker-Main-11/DEBUG] (FabricLoader/Mixin) Renaming synthetic method lambda$emitQuads$0(Lnet/fabricmc/fabric/api/client/renderer/v1/mesh/MutableQuadView;)Z to md726be1$fabric-renderer-api-v1$lambda$emitQuads$0$0 in fabric-renderer-api-v1.mixins.json:block.model.SimpleModelWrapperMixin from mod fabric-renderer-api-v1
[19:03:08] [Worker-Main-11/DEBUG] (FabricLoader/Mixin) Renaming synthetic method lambda$analyzeMesh$0(Lcom/llamalad7/mixinextras/sugar/ref/LocalRef;Lnet/minecraft/client/resources/model/ModelBaker;Lnet/fabricmc/fabric/api/client/renderer/v1/mesh/QuadView;)V to md726be1$fabric-renderer-api-v1$lambda$analyzeMesh$0$1 in fabric-renderer-api-v1.mixins.json:block.model.SimpleModelWrapperMixin from mod fabric-renderer-api-v1
[19:03:08] [Worker-Main-11/DEBUG] (FabricLoader/Mixin) Renaming synthetic method lambda$storeModelBakery$0(Lcom/llamalad7/mixinextras/injector/wrapoperation/Operation;Lnet/minecraft/client/resources/model/geometry/QuadCollection;)Lcom/google/common/collect/Multimap; to md726be1$fabric-renderer-api-v1$lambda$storeModelBakery$0$2 in fabric-renderer-api-v1.mixins.json:block.model.SimpleModelWrapperMixin from mod fabric-renderer-api-v1
[19:03:08] [Worker-Main-11/DEBUG] (FabricLoader/Mixin) fabric-renderer-api-v1.mixins.json:block.model.SimpleModelWrapperMixin from mod fabric-renderer-api-v1->@Inject::analyzeMesh(Lnet/minecraft/client/resources/model/geometry/QuadCollection;Lorg/spongepowered/asm/mixin/injection/callback/CallbackInfoReturnable;)V doesn't use it's CallbackInfoReturnable
[19:03:08] [Worker-Main-3/DEBUG] (FabricLoader/Mixin) Mixing block.model.MultiPartModelSharedBakedStateAccessor from fabric-renderer-api-v1.mixins.json into net.minecraft.client.renderer.block.dispatch.multipart.MultiPartModel$SharedBakedState
[19:03:08] [Worker-Main-11/DEBUG] (FabricLoader/Mixin) Mixing ModelBakeryBakingResultMixin from fabric-model-loading-api-v1.mixins.json into net.minecraft.client.resources.model.ModelBakery$BakingResult
[19:03:08] [Download-2/INFO] (com.mojang.realmsclient.client.RealmsClient) Could not authorize you against Realms server: java.lang.RuntimeException: Failed to parse into SignedJWT: FabricMC
[19:03:08] [Download-2/ERROR] (com.mojang.realmsclient.client.RealmsClient) Failed to fetch Realms feature flags
com.mojang.realmsclient.exception.RealmsServiceException: Realms authentication error with message 'java.lang.RuntimeException: Failed to parse into SignedJWT: FabricMC'
	at knot//com.mojang.realmsclient.client.RealmsClient.execute(RealmsClient.java:528)
	at knot//com.mojang.realmsclient.client.RealmsClient.fetchFeatureFlags(RealmsClient.java:187)
	at java.base/java.util.concurrent.CompletableFuture$AsyncSupply.run(CompletableFuture.java:1789)
	at java.base/java.util.concurrent.ThreadPoolExecutor.runWorker(ThreadPoolExecutor.java:1090)
	at java.base/java.util.concurrent.ThreadPoolExecutor$Worker.run(ThreadPoolExecutor.java:614)
	at java.base/java.lang.Thread.run(Thread.java:1474)
[19:03:08] [Worker-Main-5/DEBUG] (FabricLoader/Mixin) Mixing ModelPartAccessor from fabric-rendering-v1.mixins.json into net.minecraft.client.model.geom.ModelPart
[19:03:09] [Worker-Main-14/DEBUG] (FabricLoader/Mixin) Mixing block.render.BlockStateModelWrapperMixin from fabric-renderer-api-v1.mixins.json into net.minecraft.client.renderer.block.model.BlockStateModelWrapper
[19:03:09] [Worker-Main-14/DEBUG] (FabricLoader/Mixin) Renaming synthetic method lambda$update$0(Lnet/minecraft/core/Direction;)Z to md726be1$fabric-renderer-api-v1$lambda$update$0$0 in fabric-renderer-api-v1.mixins.json:block.render.BlockStateModelWrapperMixin from mod fabric-renderer-api-v1
[19:03:09] [Worker-Main-14/DEBUG] (FabricLoader/Mixin) Mixing FluidStateModelSetMixin from fabric-rendering-fluids-v1.mixins.json into net.minecraft.client.renderer.block.FluidStateModelSet
[19:03:09] [Worker-Main-14/DEBUG] (FabricLoader/Mixin) Renaming synthetic method lambda$bake$0(Ljava/util/Map$Entry;)Ljava/lang/String; to md726be1$fabric-rendering-fluids-v1$lambda$bake$0$0 in fabric-rendering-fluids-v1.mixins.json:FluidStateModelSetMixin from mod fabric-rendering-fluids-v1
[19:03:09] [Render thread/INFO] (com.mojang.blaze3d.audio.Library) OpenAL initialized on device JBL Quantum350 Wireless Analog Stereo
[19:03:09] [Render thread/INFO] (net.minecraft.client.sounds.SoundEngine) Sound engine started
[19:03:09] [Render thread/INFO] (net.minecraft.client.renderer.texture.TextureAtlas) Created: 512x256x0 minecraft:textures/atlas/particles.png-atlas
[19:03:09] [Render thread/INFO] (net.minecraft.client.renderer.texture.TextureAtlas) Created: 128x128x0 minecraft:textures/atlas/decorated_pot.png-atlas
[19:03:09] [Render thread/INFO] (net.minecraft.client.renderer.texture.TextureAtlas) Created: 2048x1024x0 minecraft:textures/atlas/armor_trims.png-atlas
[19:03:09] [Render thread/INFO] (net.minecraft.client.renderer.texture.TextureAtlas) Created: 512x256x0 minecraft:textures/atlas/paintings.png-atlas
[19:03:09] [Render thread/INFO] (net.minecraft.client.renderer.texture.TextureAtlas) Created: 1024x512x0 minecraft:textures/atlas/shield_patterns.png-atlas
[19:03:09] [Render thread/INFO] (net.minecraft.client.renderer.texture.TextureAtlas) Created: 2048x2048x4 minecraft:textures/atlas/blocks.png-atlas
[19:03:09] [Render thread/INFO] (net.minecraft.client.renderer.texture.TextureAtlas) Created: 512x512x0 minecraft:textures/atlas/chest.png-atlas
[19:03:09] [Render thread/INFO] (net.minecraft.client.renderer.texture.TextureAtlas) Created: 256x128x0 minecraft:textures/atlas/celestials.png-atlas
[19:03:09] [Render thread/INFO] (net.minecraft.client.renderer.texture.TextureAtlas) Created: 1024x512x0 minecraft:textures/atlas/banner_patterns.png-atlas
[19:03:09] [Render thread/INFO] (net.minecraft.client.renderer.texture.TextureAtlas) Created: 1024x512x0 minecraft:textures/atlas/items.png-atlas
[19:03:09] [Render thread/INFO] (net.minecraft.client.renderer.texture.TextureAtlas) Created: 1024x1024x0 minecraft:textures/atlas/gui.png-atlas
[19:03:09] [Render thread/INFO] (net.minecraft.client.renderer.texture.TextureAtlas) Created: 128x64x0 minecraft:textures/atlas/map_decorations.png-atlas
[19:03:09] [Render thread/INFO] (net.minecraft.client.renderer.texture.TextureAtlas) Created: 512x512x0 minecraft:textures/atlas/shulker_boxes.png-atlas
[19:03:09] [Render thread/DEBUG] (FabricLoader/Mixin) Mixing block.particle.BlockStateModelSetMixin from fabric-renderer-api-v1.mixins.json into net.minecraft.client.renderer.block.BlockStateModelSet
[19:03:09] [Render thread/DEBUG] (FabricLoader/Mixin) Mixing EntityRenderersMixin from fabric-rendering-v1.mixins.json into net.minecraft.client.renderer.entity.EntityRenderers
[19:03:09] [Render thread/DEBUG] (FabricLoader/Mixin) Renaming synthetic method lambda$onRegisterRenderers$0(Lnet/minecraft/world/entity/EntityType;Lnet/minecraft/client/renderer/entity/EntityRendererProvider;)V to md726be1$fabric-rendering-v1$lambda$onRegisterRenderers$0$0 in fabric-rendering-v1.mixins.json:EntityRenderersMixin from mod fabric-rendering-v1
[19:03:09] [Render thread/DEBUG] (FabricLoader/Mixin) fabric-rendering-v1.mixins.json:EntityRenderersMixin from mod fabric-rendering-v1->@Inject::onRegisterRenderers(Lorg/spongepowered/asm/mixin/injection/callback/CallbackInfo;)V doesn't use it's CallbackInfo
[19:03:09] [Render thread/DEBUG] (FabricLoader/Mixin) Mixing HumanoidMobRendererMixin from fabric-rendering-v1.mixins.json into net.minecraft.client.renderer.entity.HumanoidMobRenderer
[19:03:09] [Render thread/DEBUG] (FabricLoader/Mixin) Mixing HumanoidArmorLayerMixin from fabric-rendering-v1.mixins.json into net.minecraft.client.renderer.entity.layers.HumanoidArmorLayer
[19:03:09] [Render thread/DEBUG] (FabricLoader/Mixin) fabric-rendering-v1.mixins.json:HumanoidArmorLayerMixin from mod fabric-rendering-v1->@Inject::render(Lcom/mojang/blaze3d/vertex/PoseStack;Lnet/minecraft/client/renderer/SubmitNodeCollector;ILnet/minecraft/client/renderer/entity/state/HumanoidRenderState;FFLorg/spongepowered/asm/mixin/injection/callback/CallbackInfo;)V doesn't use it's CallbackInfo
[19:03:09] [Render thread/DEBUG] (FabricLoader/Mixin) fabric-rendering-v1.mixins.json:HumanoidArmorLayerMixin from mod fabric-rendering-v1->@Inject::render(Lcom/mojang/blaze3d/vertex/PoseStack;Lnet/minecraft/client/renderer/SubmitNodeCollector;ILnet/minecraft/client/renderer/entity/state/HumanoidRenderState;FFLorg/spongepowered/asm/mixin/injection/callback/CallbackInfo;)V has 0 override(s) in child classes
[19:03:09] [Render thread/DEBUG] (FabricLoader/Mixin) fabric-rendering-v1.mixins.json:HumanoidArmorLayerMixin from mod fabric-rendering-v1->@Inject::render(Lcom/mojang/blaze3d/vertex/PoseStack;Lnet/minecraft/client/renderer/SubmitNodeCollector;ILnet/minecraft/client/renderer/entity/state/HumanoidRenderState;FFLorg/spongepowered/asm/mixin/injection/callback/CallbackInfo;)V won't be passed a CallbackInfo as a result
[19:03:09] [Render thread/DEBUG] (FabricLoader/Mixin) fabric-rendering-v1.mixins.json:HumanoidArmorLayerMixin from mod fabric-rendering-v1->@Inject::renderArmor(Lcom/mojang/blaze3d/vertex/PoseStack;Lnet/minecraft/client/renderer/SubmitNodeCollector;Lnet/minecraft/world/item/ItemStack;Lnet/minecraft/world/entity/EquipmentSlot;ILnet/minecraft/client/renderer/entity/state/HumanoidRenderState;Lorg/spongepowered/asm/mixin/injection/callback/CallbackInfo;)V does use it's CallbackInfo
[19:03:09] [Render thread/DEBUG] (FabricLoader/Mixin) Mixing block.render.BlockModelRenderStateMixin from fabric-renderer-api-v1.mixins.json into net.minecraft.client.renderer.block.BlockModelRenderState
[19:03:09] [Render thread/DEBUG] (FabricLoader/Mixin) Renaming synthetic method lambda$submitMesh$1(Lnet/minecraft/client/renderer/rendertype/RenderType;Lnet/minecraft/client/renderer/chunk/ChunkSectionLayer;)Lnet/minecraft/client/renderer/rendertype/RenderType; to md726be1$fabric-renderer-api-v1$lambda$submitMesh$1$0 in fabric-renderer-api-v1.mixins.json:block.render.BlockModelRenderStateMixin from mod fabric-renderer-api-v1
[19:03:09] [Render thread/DEBUG] (FabricLoader/Mixin) Renaming synthetic method lambda$submitMesh$0(Lnet/minecraft/client/renderer/rendertype/RenderType;Lnet/minecraft/client/renderer/chunk/ChunkSectionLayer;)Lnet/minecraft/client/renderer/rendertype/RenderType; to md726be1$fabric-renderer-api-v1$lambda$submitMesh$0$1 in fabric-renderer-api-v1.mixins.json:block.render.BlockModelRenderStateMixin from mod fabric-renderer-api-v1
[19:03:09] [Render thread/DEBUG] (FabricLoader/Mixin) Mixing renderstate.BlockModelRenderStateMixin from fabric-rendering-v1.mixins.json into net.minecraft.client.renderer.block.BlockModelRenderState
[19:03:09] [Render thread/DEBUG] (FabricLoader/Mixin) Mixing renderstate.RenderStateMixin from fabric-rendering-v1.mixins.json into net.minecraft.client.renderer.block.BlockModelRenderState
[19:03:09] [Render thread/DEBUG] (FabricLoader/Mixin) fabric-renderer-api-v1.mixins.json:block.render.BlockModelRenderStateMixin from mod fabric-renderer-api-v1->@Inject::onReturnClear(Lorg/spongepowered/asm/mixin/injection/callback/CallbackInfo;)V doesn't use it's CallbackInfo
[19:03:09] [Render thread/DEBUG] (FabricLoader/Mixin) fabric-renderer-api-v1.mixins.json:block.render.BlockModelRenderStateMixin from mod fabric-renderer-api-v1->@Inject::onReturnClear(Lorg/spongepowered/asm/mixin/injection/callback/CallbackInfo;)V has 0 override(s) in child classes
[19:03:09] [Render thread/DEBUG] (FabricLoader/Mixin) fabric-renderer-api-v1.mixins.json:block.render.BlockModelRenderStateMixin from mod fabric-renderer-api-v1->@Inject::onReturnClear(Lorg/spongepowered/asm/mixin/injection/callback/CallbackInfo;)V won't be passed a CallbackInfo as a result
[19:03:09] [Render thread/DEBUG] (FabricLoader/Mixin) fabric-renderer-api-v1.mixins.json:block.render.BlockModelRenderStateMixin from mod fabric-renderer-api-v1->@Inject::onReturnSetupModel(Lorg/spongepowered/asm/mixin/injection/callback/CallbackInfoReturnable;)V doesn't use it's CallbackInfoReturnable
[19:03:09] [Render thread/DEBUG] (FabricLoader/Mixin) fabric-renderer-api-v1.mixins.json:block.render.BlockModelRenderStateMixin from mod fabric-renderer-api-v1->@Inject::onReturnSetupModel(Lorg/spongepowered/asm/mixin/injection/callback/CallbackInfoReturnable;)V has 0 override(s) in child classes
[19:03:09] [Render thread/DEBUG] (FabricLoader/Mixin) fabric-renderer-api-v1.mixins.json:block.render.BlockModelRenderStateMixin from mod fabric-renderer-api-v1->@Inject::onReturnSetupModel(Lorg/spongepowered/asm/mixin/injection/callback/CallbackInfoReturnable;)V won't be passed a CallbackInfoReturnable as a result
[19:03:09] [Render thread/DEBUG] (FabricLoader/Mixin) fabric-renderer-api-v1.mixins.json:block.render.BlockModelRenderStateMixin from mod fabric-renderer-api-v1->@Inject::submitMesh(Lnet/minecraft/client/renderer/rendertype/RenderType;Lcom/mojang/blaze3d/vertex/PoseStack;Lnet/minecraft/client/renderer/SubmitNodeCollector;IIILorg/spongepowered/asm/mixin/injection/callback/CallbackInfo;)V does use it's CallbackInfo
[19:03:09] [Render thread/DEBUG] (FabricLoader/Mixin) fabric-rendering-v1.mixins.json:renderstate.BlockModelRenderStateMixin from mod fabric-rendering-v1->@Inject::clearExtraRenderData(Lorg/spongepowered/asm/mixin/injection/callback/CallbackInfo;)V doesn't use it's CallbackInfo
[19:03:09] [Render thread/DEBUG] (FabricLoader/Mixin) fabric-rendering-v1.mixins.json:renderstate.BlockModelRenderStateMixin from mod fabric-rendering-v1->@Inject::clearExtraRenderData(Lorg/spongepowered/asm/mixin/injection/callback/CallbackInfo;)V has 0 override(s) in child classes
[19:03:09] [Render thread/DEBUG] (FabricLoader/Mixin) fabric-rendering-v1.mixins.json:renderstate.BlockModelRenderStateMixin from mod fabric-rendering-v1->@Inject::clearExtraRenderData(Lorg/spongepowered/asm/mixin/injection/callback/CallbackInfo;)V won't be passed a CallbackInfo as a result
[19:03:09] [Render thread/DEBUG] (FabricLoader/Mixin) Mixing CapeLayerMixin from fabric-rendering-v1.mixins.json into net.minecraft.client.renderer.entity.layers.CapeLayer
[19:03:09] [Render thread/DEBUG] (FabricLoader/Mixin) fabric-rendering-v1.mixins.json:CapeLayerMixin from mod fabric-rendering-v1->@Inject::injectCapeRenderCheck(Lcom/mojang/blaze3d/vertex/PoseStack;Lnet/minecraft/client/renderer/SubmitNodeCollector;ILnet/minecraft/client/renderer/entity/state/AvatarRenderState;FFLorg/spongepowered/asm/mixin/injection/callback/CallbackInfo;)V does use it's CallbackInfo
[19:03:09] [Render thread/DEBUG] (FabricLoader/Mixin) Mixing BlockEntityRenderersMixin from fabric-rendering-v1.mixins.json into net.minecraft.client.renderer.blockentity.BlockEntityRenderers
[19:03:09] [Render thread/DEBUG] (FabricLoader/Mixin) Renaming synthetic method lambda$init$0(Lnet/minecraft/world/level/block/entity/BlockEntityType;Lnet/minecraft/client/renderer/blockentity/BlockEntityRendererProvider;)V to md726be1$fabric-rendering-v1$lambda$init$0$0 in fabric-rendering-v1.mixins.json:BlockEntityRenderersMixin from mod fabric-rendering-v1
[19:03:09] [Render thread/DEBUG] (FabricLoader/Mixin) fabric-rendering-v1.mixins.json:BlockEntityRenderersMixin from mod fabric-rendering-v1->@Inject::init(Lorg/spongepowered/asm/mixin/injection/callback/CallbackInfo;)V doesn't use it's CallbackInfo
[19:03:09] [Render thread/DEBUG] (io.netty.util.internal.ThreadLocalRandom) -Dio.netty.initialSeedUniquifier: 0x398302562961652a
[19:03:09] [Render thread/DEBUG] (bingo) init screen [RealmsNotificationsScreen]: null isApplyingLobbyDataPack=false
[19:03:09] [Render thread/DEBUG] (bingo) init screen [TitleScreen]: null isApplyingLobbyDataPack=false
[19:03:09] [Render thread/DEBUG] (bingo) init screen [RealmsNotificationsScreen]: null isApplyingLobbyDataPack=false
[19:03:09] [Render thread/DEBUG] (bingo) init screen [TitleScreen]: null isApplyingLobbyDataPack=false
[19:03:09] [Download-2/INFO] (com.mojang.realmsclient.client.RealmsClient) Could not authorize you against Realms server: java.lang.RuntimeException: Failed to parse into SignedJWT: FabricMC
[19:03:09] [Download-2/ERROR] (com.mojang.realmsclient.RealmsAvailability) Couldn't connect to realms
com.mojang.realmsclient.exception.RealmsServiceException: Realms authentication error with message 'java.lang.RuntimeException: Failed to parse into SignedJWT: FabricMC'
	at knot//com.mojang.realmsclient.client.RealmsClient.execute(RealmsClient.java:528)
	at knot//com.mojang.realmsclient.client.RealmsClient.clientCompatible(RealmsClient.java:308)
	at knot//com.mojang.realmsclient.RealmsAvailability.lambda$check$0(RealmsAvailability.java:48)
	at java.base/java.util.concurrent.CompletableFuture$AsyncSupply.run(CompletableFuture.java:1789)
	at java.base/java.util.concurrent.ThreadPoolExecutor.runWorker(ThreadPoolExecutor.java:1090)
	at java.base/java.util.concurrent.ThreadPoolExecutor$Worker.run(ThreadPoolExecutor.java:614)
	at java.base/java.lang.Thread.run(Thread.java:1474)
[19:03:10] [Render thread/DEBUG] (FabricLoader/Mixin) Mixing renderstate.RenderStateMixin from fabric-rendering-v1.mixins.json into net.minecraft.client.renderer.state.gui.PanoramaRenderState
[19:03:10] [Render thread/DEBUG] (com.mojang.blaze3d.systems.RenderSystem) Growing IndexBuffer: Old limit 60, new limit 264.
[19:03:11] [Render thread/DEBUG] (com.mojang.blaze3d.systems.RenderSystem) Growing IndexBuffer: Old limit 264, new limit 1320.
[19:03:15] [Render thread/DEBUG] (bingo) init screen [RankedScreen]: null isApplyingLobbyDataPack=false
[19:03:17] [yabranked-client/DEBUG] (com.mojang.authlib.minecraft.client.MinecraftClient) Connecting to https://sessionserver.mojang.com/session/minecraft/join
[19:03:17] [yabranked-client/WARN] (yabranked-client) Mojang joinServer failed (offline/dev account?) — proceeding, backend decides
com.mojang.authlib.exceptions.InvalidCredentialsException: ForbiddenOperationException
	at knot//com.mojang.authlib.exceptions.MinecraftClientHttpException.toAuthenticationException(MinecraftClientHttpException.java:60)
	at knot//com.mojang.authlib.yggdrasil.YggdrasilMinecraftSessionService.joinServer(YggdrasilMinecraftSessionService.java:83)
	at knot//dev.yabranked.client.RankedScreen.login$lambda$0$0(RankedScreen.kt:81)
	at knot//dev.yabranked.client.BackendClient.authenticate(BackendClient.kt:56)
	at knot//dev.yabranked.client.RankedScreen.login$lambda$0(RankedScreen.kt:80)
	at java.base/java.util.concurrent.ThreadPoolExecutor.runWorker(ThreadPoolExecutor.java:1090)
	at java.base/java.util.concurrent.ThreadPoolExecutor$Worker.run(ThreadPoolExecutor.java:614)
	at java.base/java.lang.Thread.run(Thread.java:1474)
[19:03:20] [Render thread/DEBUG] (bingo) init screen [LeaderboardScreen]: null isApplyingLobbyDataPack=false
[19:03:21] [Render thread/DEBUG] (bingo) init screen [RankedScreen]: null isApplyingLobbyDataPack=false
[19:03:22] [Render thread/DEBUG] (bingo) init screen [MatchHistoryScreen]: null isApplyingLobbyDataPack=false
[19:03:22] [Render thread/DEBUG] (bingo) init screen [RankedScreen]: null isApplyingLobbyDataPack=false
[19:03:37] [HikariPool-1:housekeeper/DEBUG] (com.zaxxer.hikari.pool.HikariPool) HikariPool-1 - Pool stats (total=10/10, idle=9/10, active=1, waiting=0)
[19:03:37] [HikariPool-1:housekeeper/DEBUG] (com.zaxxer.hikari.pool.HikariPool) HikariPool-1 - Fill pool skipped, pool has sufficient level or currently being filled.
[19:04:07] [HikariPool-1:housekeeper/DEBUG] (com.zaxxer.hikari.pool.HikariPool) HikariPool-1 - Pool stats (total=10/10, idle=9/10, active=1, waiting=0)
[19:04:07] [HikariPool-1:housekeeper/DEBUG] (com.zaxxer.hikari.pool.HikariPool) HikariPool-1 - Fill pool skipped, pool has sufficient level or currently being filled.
[19:04:17] [Render thread/DEBUG] (bingo) init screen [RealmsNotificationsScreen]: null isApplyingLobbyDataPack=false
[19:04:17] [Render thread/DEBUG] (bingo) init screen [TitleScreen]: null isApplyingLobbyDataPack=false
[19:04:18] [Render thread/INFO] (net.minecraft.client.Minecraft) Stopping!
[19:04:18] [Render thread/INFO] (bingo) [ConnectionFactory] Closing stats data source...
[19:04:18] [Render thread/INFO] (com.zaxxer.hikari.HikariDataSource) HikariPool-1 - Shutdown initiated...
[19:04:18] [Render thread/DEBUG] (com.zaxxer.hikari.pool.HikariPool) HikariPool-1 - Before shutdown stats (total=10/10, idle=9/10, active=1, waiting=0)
[19:04:18] [HikariPool-1:connection-closer/DEBUG] (com.zaxxer.hikari.pool.PoolBase) HikariPool-1 - Closing connection org.sqlite.jdbc4.JDBC4Connection@648fa9e9: (connection evicted)
[19:04:18] [HikariPool-1:connection-closer/DEBUG] (com.zaxxer.hikari.pool.PoolBase) HikariPool-1 - Closing connection org.sqlite.jdbc4.JDBC4Connection@6a485b08: (connection evicted)
[19:04:18] [HikariPool-1:connection-closer/DEBUG] (com.zaxxer.hikari.pool.PoolBase) HikariPool-1 - Closing connection org.sqlite.jdbc4.JDBC4Connection@6e77c299: (connection evicted)
[19:04:18] [HikariPool-1:connection-closer/DEBUG] (com.zaxxer.hikari.pool.PoolBase) HikariPool-1 - Closing connection org.sqlite.jdbc4.JDBC4Connection@2b755133: (connection evicted)
[19:04:18] [HikariPool-1:connection-closer/DEBUG] (com.zaxxer.hikari.pool.PoolBase) HikariPool-1 - Closing connection org.sqlite.jdbc4.JDBC4Connection@32ac6555: (connection evicted)
[19:04:18] [HikariPool-1:connection-closer/DEBUG] (com.zaxxer.hikari.pool.PoolBase) HikariPool-1 - Closing connection org.sqlite.jdbc4.JDBC4Connection@1a94f813: (connection evicted)
[19:04:18] [HikariPool-1:connection-closer/DEBUG] (com.zaxxer.hikari.pool.PoolBase) HikariPool-1 - Closing connection org.sqlite.jdbc4.JDBC4Connection@4aa792d2: (connection evicted)
[19:04:18] [HikariPool-1:connection-closer/DEBUG] (com.zaxxer.hikari.pool.PoolBase) HikariPool-1 - Closing connection org.sqlite.jdbc4.JDBC4Connection@4b5aae7c: (connection evicted)
[19:04:18] [HikariPool-1:connection-closer/DEBUG] (com.zaxxer.hikari.pool.PoolBase) HikariPool-1 - Closing connection org.sqlite.jdbc4.JDBC4Connection@1a0dec8f: (connection evicted)
[19:04:18] [Render thread/DEBUG] (com.zaxxer.hikari.pool.HikariPool) HikariPool-1 - After  shutdown stats (total=0/10, idle=0/10, active=0, waiting=0)
[19:04:18] [Render thread/INFO] (com.zaxxer.hikari.HikariDataSource) HikariPool-1 - Shutdown completed.
[19:04:18] [Render thread/DEBUG] (bingo) init screen [ProgressScreen]: null isApplyingLobbyDataPack=false
